{
    "resourceType": "ActivityDefinition",
    "id": "ad101",
    "status": "draft",
    "intent": "order",
    "kind": "MedicationRequest",
    "productCodeableConcept": {
      "coding": [
        {
          "system": "http://www.nlm.nih.gov/research/umls/rxnorm",
          "code": "313782",
          "display": "Acetaminophen 325 MG Oral Tablet"
        }
      ],
      "text": "Acetaminophen 325 MG Oral Tablet"
    },
    "participant": [
      {
        "type": "practitioner"
      }
    ]
}