{"resourceType":"CodeSystem","id":"codesystem-PDDICDS-indicator","text":{"status":"generated","div":"<div xmlns=\"http://www.w3.org/1999/xhtml\"><p>This code system <code>http://hl7.org/fhir/uv/pddi/CodeSystem/codesystem-PDDICDS-indicator</code> defines the following codes:</p><table class=\"codes\"><tr><td style=\"white-space:nowrap\"><b>Code</b></td><td><b>Display</b></td><td><b>Definition</b></td></tr><tr><td style=\"white-space:nowrap\">info<a name=\"codesystem-PDDICDS-indicator-info\"> </a></td><td>Information</td><td>Indicates that the workflow result is informational</td></tr><tr><td style=\"white-space:nowrap\">warning<a name=\"codesystem-PDDICDS-indicator-warning\"> </a></td><td>Warning</td><td>Indicates that the workflow result is a warning</td></tr><tr><td style=\"white-space:nowrap\">hard-stop<a name=\"codesystem-PDDICDS-indicator-hard-stop\"> </a></td><td>Hard Stop</td><td>Indicates that the workflow should not be allowed to proceed</td></tr></table></div>"},"url":"http://hl7.org/fhir/uv/pddi/CodeSystem/codesystem-PDDICDS-indicator","version":"1.0.0-ballot","name":"Codesystem_PDDICDS_indicator","title":"PDDI CDS indicator","status":"draft","experimental":true,"date":"2022-12-07T14:35:48+00:00","publisher":"HL7 Clinical Decision Support Workgroup","contact":[{"telecom":[{"system":"url","value":"http://hl7.org/Special/committees/dss"}]}],"description":"Indicates the importance RequestGroup action and relates to decision tree recommendations for PDDIs","jurisdiction":[{"coding":[{"system":"http://unstats.un.org/unsd/methods/m49/m49.htm","code":"001"}]}],"caseSensitive":true,"content":"complete","concept":[{"code":"info","display":"Information","definition":"Indicates that the workflow result is informational"},{"code":"warning","display":"Warning","definition":"Indicates that the workflow result is a warning"},{"code":"hard-stop","display":"Hard Stop","definition":"Indicates that the workflow should not be allowed to proceed"}]}