{
  "resourceType": "PlanDefinition",
  "id": "digoxin-cyclosporine-cds-sign",
  "version": "1.0",
  "name": "PlanDefinition___Digoxin_Cyclosporine_Recommendation_Workflow",
  "title": "Digoxin Cyclosporine Recommendation",
  "type": {
    "coding": [
      {
        "system": "http://terminology.hl7.org/CodeSystem/plan-definition-type",
        "code": "eca-rule",
        "display": "ECA Rule"
      }
    ]
  },
  "status": "draft",
  "url": "http://hl7.org/fhir/ig/PDDI-CDS/PlanDefinition/digoxin-cyclosporine-cds-sign",
  "topic": [
    {
      "text": "Digoxin Cyclosporine Prescribing"
    }
  ],
  "library": [
    "Library-digoxin-cyclosporine-cds-sign.json"
  ],
  "extension": [
    {
      "url": "http://localhost:2020/baseR4/StructureDefinition/pddi-cds-configuration-options",
      "extension": [
        {
          "url": "code",
          "valueString": "filter-out-repeated-alerts"
        },
        {
          "url": "type",
          "valueString": "boolean"
        },
        {
          "url": "name",
          "valueString": "Filter out repeated alerts"
        },
        {
          "url": "description",
          "valueString": "Only works if both this configuration option is set to 'true' and  cache-for-order-sign-filtering was set to 'true' in an order-select request. Uses information about this CDS call to filter aparently repititious card. Currently, this only supports filtering out cards that were triggered by the same knowledge artifact when the physician reference display, encounter id, and patient id match between the order-select and order-sign requests."
        }
      ]
    },
    {
      "url": "http://localhost:2020/baseR4/StructureDefinition/pddi-cds-configuration-options",
      "extension": [
        {
          "url": "code",
          "valueString": "alert-non-serious"
        },
        {
          "url": "type",
          "valueString": "boolean"
        },
        {
          "url": "name",
          "valueString": "Alert for non-serious potential drug-drug interactions"
        },
        {
          "url": "description",
          "valueString": "Serious potential drug-drug interactions could result in death; requires hospitalization or extension of hospital stay; results in persistent or significant disability or incapacity; is life-threatening (see https://www.w3.org/2019/05/pddi/index.html). If set to True, this configuration option tells the CDS service to alerts for potential drug-drug interactions that do not meet this criterion."
        }
      ]
    },
    {
      "url": "http://localhost:2020/baseDstu3/StructureDefinition/pddi-cds-configuration-options",
      "extension": [
        {
          "url": "code",
          "valueString": "show-evidence-support"
        },
        {
          "url": "type",
          "valueString": "boolean"
        },
        {
          "url": "name",
          "valueString": "Show evidence support"
        },
        {
          "url": "description",
          "valueString": "If this options is set to True, CDS response cards will provide more complete information about the evidence that supports the potential drug-drug interaction alert."
        }
      ]
    }
  ],
  "relatedArtifact": [
    {
      "type": "documentation",
      "display": "Potential Drug-Drug Interaction Clinical Decision Support",
      "url": "http://hl7.org/fhir/ig/PDDI-CDS"
    }
  ],
  "action": [
    {
      "trigger": [
        {
          "type": "named-event",
          "name": "order-sign"
        }
      ],
      "condition": [
        {
          "kind": "applicability",
          "expression": {
            "language": "text/cql",
            "expression": "Inclusion Criteria"
          }
        }
      ],
      "action": [
        {
          "title": "Potential Drug-Drug Interaction between digoxin (product) and cyclosporine (product)",
          "description": "Increased risk of digoxin toxicity. Assess risk and take action if necessary. \nDigoxin toxicity is potentially serious. The clinical consequences may include anorexia, nausea, vomiting, visual changes, and cardiac arrhythmias. \nThe mechanism of this interaction appears to be mediated through P-glycoprotein inhibition by cyclosporine. P-glycoprotein is a major transporter for digoxin efflux. \nunknown. \nunknown.",
          "dynamicValue": [
            {
              "path": "action.title",
              "expression": {
                "language": "text/cql",
                "expression": "Get Base Summary"
              }
            },
            {
              "path": "action.description",
              "expression": {
                "language": "text/cql",
                "expression": "Get Base Detail"
              }
            },
            {
              "path": "activity.extension",
              "expression": {
                "language": "text/cql",
                "expression": "Get Base Indicator"
              }
            }
          ],
          "action": [
            {
              "prefix": "Consultation",
              "type": {
                "coding": [
                  {
                    "system": "http://terminology.hl7.org/CodeSystem/action-type",
                    "code": "create"
                  }
                ]
              },
              "description": "Request communication with digoxin prescriber",
              "condition": [
                {
                  "kind": "applicability",
                  "expression":{
                    "language": "text/cql",
                    "expression": "Is Context medication digoxin"
				  }
                }
              ],
              "definitionCanonical": "ActivityDefinition-ad201.json"
            },
            {
              "prefix": "Consultation",
              "type": {
                "coding": [
                  {
                    "system": "http://terminology.hl7.org/CodeSystem/action-type",
                    "code": "create"
                  }
                ]
              },
              "description": "Request communication with cyclosporine prescriber",
              "condition": [
                {
                  "kind": "applicability",
                  "expression": {
                    "language": "text/cql",
                    "expression": "Is Context medication cyclosporine"
                  }
                }
              ],
              "definitionCanonical": "ActivityDefinition-ad202.json"
            },
            {
              "prefix": "Cancel digoxin",
              "type": {
                "coding": [
                  {
                    "system": "http://terminology.hl7.org/CodeSystem/action-type",
                    "code": "remove"
                  }
                ]
              },
              "description": "Discontinue digoxin order",
              "condition": [
                {
                  "kind": "applicability",
                  "expression": {
                    "language": "text/cql",
                    "expression": "Is Context medication digoxin"
                  }
                }
              ]
            },
            {
              "prefix": "Cancel cyclosporine",
              "type": {
                "coding": [
                  {
                    "system": "http://terminology.hl7.org/CodeSystem/action-type",
                    "code": "remove"
                  }
                ]
              },
              "description": "Discontinue cyclosporine order",
              "condition": [
                {
                  "kind": "applicability",
                  "expression":{
                    "language": "text/cql",
                    "expression": "Is Context medication cyclosporine"
                  }
                }
              ]
            },
            {
              "prefix": "Digoxin Level",
              "type": {
                "coding": [
                  {
                    "system": "http://terminology.hl7.org/CodeSystem/action-type",
                    "code": "create"
                  }
                ]
              },
              "description": "Order digoxin trough within 24 hours from initiation",
              "condition": [
                {
                  "kind": "applicability",
                  "expression": {
                    "language": "text/cql",
                    "expression": "Is new order for digoxin"
                  }
                }
              ],
              "definitionCanonical": "ActivityDefinition-ad203.json"
            }
          ]
        },
        {
          "title": "Patient does (not) have digoxin level within 30 days that is below 0.9 ng/mL (SI: 1.2 nmol/L)",
          "description": "Initiating cyclosporine is expected to increase digoxin levels. For patients without a reliable plasma digoxin concentration in normal range, use only if benefits outweight risks. Extreme caution and close monitoring is necessary.",
          "documentation": [
            {
              "type": "citation",
              "display": "(Dorian et al. Clin Invest Med 1988; 11(2):108-112)",
              "url": "http://hl7.org/fhir/ig/PDDI-CDS/citations#dorian1998"
            },
            {
              "type": "citation",
              "display": "(Dorian et al. Transplant Proc. 1987; 19(1):1825-1827)",
              "url": "http://hl7.org/fhir/ig/PDDI-CDS/citations#dorian1987"
            }
          ],
          "condition": [
            {
              "kind": "applicability",
              "expression": {
                "language": "text/cql",
                "expression": "Is digoxin in prefetch"
              }
            }
          ],
          "dynamicValue": [
            {
              "path": "action.title",
              "expression": {
                "language": "text/cql",
                "expression": "Get Card 2 Summary"
              }
            },
            {
              "path": "action.description",
              "expression": {
                "language": "text/cql",
                "expression": "Get Card 2 Detail"
              }
            },
            {
              "path": "activity.extension",
              "expression": {
                "language": "text/cql",
                "expression": "Get Card 2 Indicator"
              }
            }
          ],
          "action": [
            {
              "prefix": "Digoxin Level",
              "type": {
                "coding": [
                  {
                    "system": "http://terminology.hl7.org/CodeSystem/action-type",
                    "code": "create"
                  }
                ]
              },
              "description": "Order digoxin trough within 24 hours from the initiation of cyclosporine",
              "definitionCanonical": "ActivityDefinition-ad203.json"
            },
            {
              "prefix": "New Digoxin",
              "type": {
                "coding": [
                  {
                    "system": "http://terminology.hl7.org/CodeSystem/action-type",
                    "code": "create"
                  }
                ]
              },
              "description": "Preemptively reduce digoxin dose with new order",
              "condition": [
                {
                  "kind": "applicability",
                  "expression": {
                    "language": "text/cql",
                    "expression": "Need to reduce Digoxin dose"
                  }
                }
              ],
              "definitionCanonical": "ActivityDefinition-ad204.json"
            }
          ]
        },
        {
          "title": "Within 100 days, the patient has had electrolyte and serum creatinine levels checked, and they are not on a potassium sparing or loop diuretic.",
          "description": "(Serum creatinine: level and date)\n Hypokalemia, hypomagnesemia, and hypercalcemia may potentiate digoxin toxicity. 50-70% of digoxin is excreted unchanged in the urine. Changing renal function may increase serum concentrations and risk of toxicity.",
          "documentation": [
            {
              "type": "citation",
              "display": "(Lip et al. Postgrad Med J. 1993; 69(811):337)",
              "url": "http://hl7.org/fhir/ig/PDDI-CDS/citations#lip1993"
            },
            {
              "type": "citation",
              "display": "(Digoxin-FDA [prescribing information] NDA 20405/S-004)",
              "url": "http://hl7.org/fhir/ig/PDDI-CDS/citations#nda20405"
            }
          ],
          "dynamicValue": [
            {
              "path": "action.title",
              "expression": {
                "language": "text/cql",
                "expression": "Get Card 3 Summary"
              }
            },
            {
              "path": "action.description",
              "expression": {
                "language": "text/cql",
                "expression": "Get Card 3 Detail"
              }
            },
            {
              "path": "activity.extension",
              "expression": {
                "language": "text/cql",
                "expression": "Get Card 3 Indicator"
              }
            }
          ],
          "action": [
            {
              "prefix": "Serum Creatinine",
              "type": {
                "coding": [
                  {
                    "system": "http://terminology.hl7.org/CodeSystem/action-type",
                    "code": "create"
                  }
                ]
              },
              "description": "Order for serum creatinine",
              "definitionCanonical": "ActivityDefinition-ad205.json"
            },
            {
              "prefix": "Electrolyte Panel",
              "type": {
                "coding": [
                  {
                    "system": "http://terminology.hl7.org/CodeSystem/action-type",
                    "code": "create"
                  }
                ]
              },
              "description": "Order for electrolyte panel",
              "definitionCanonical": "ActivityDefinition-ad206.json"
            }
          ]
        }
      ]
    }
  ]
}