{
  "resourceType": "PlanDefinition",
  "id": "warfarin-nsaids-cds-sign",
  "version": "1.0",
  "name": "PlanDefinition___Warfarin_NSAIDs_Recommendation_Workflow",
  "title": "Warfarin NSAIDs Recommendation",
  "type": {
    "coding": [
      {
        "system": "http://terminology.hl7.org/CodeSystem/plan-definition-type",
        "code": "eca-rule",
        "display": "ECA Rule"
      }
    ]
  },
  "status": "draft",
  "url": "http://hl7.org/fhir/ig/PDDI-CDS/PlanDefinition/warfarin-nsaids-cds-sign",
  "topic": [
    {
      "text": "Warfarin NSAIDs Prescribing"
    }
  ],
  "library": [
    "Library-warfarin-nsaids-cds-sign.json"
  ],
  "extension": [
    {
      "url": "file:///StructureDefinition-pddi-cds-configuration-options.json",
      "extension": [
        {
          "url": "code",
          "valueString": "filter-out-repeated-alerts"
        },
        {
          "url": "type",
          "valueString": "boolean"
        },
        {
          "url": "name",
          "valueString": "Filter out repeated alerts"
        },
        {
          "url": "description",
          "valueString": "Only works if both this configuration option is set to 'true' and  cache-for-order-sign-filtering was set to 'true' in an order-select request. Uses information about this CDS call to filter aparently repititious card. Currently, this only supports filtering out cards that were triggered by the same knowledge artifact when the physician reference display, encounter id, and patient id match between the order-select and order-sign requests."
        }
      ]
    },
    {
      "url": "file:///StructureDefinition-pddi-cds-configuration-options.json",
      "extension": [
        {
          "url": "code",
          "valueString": "alert-non-serious"
        },
        {
          "url": "type",
          "valueString": "boolean"
        },
        {
          "url": "name",
          "valueString": "Alert for non-serious potential drug-drug interactions"
        },
        {
          "url": "description",
          "valueString": "Serious potential drug-drug interactions could result in death; requires hospitalization or extension of hospital stay; results in persistent or significant disability or incapacity; is life-threatening (see https://www.w3.org/2019/05/pddi/index.html). If set to True, this configuration option tells the CDS service to alerts for potential drug-drug interactions that do not meet this criterion."
        }
      ]
    },
    {
      "url": "file:///StructureDefinition-pddi-cds-configuration-options.json",
      "extension": [
        {
          "url": "code",
          "valueString": "show-evidence-support"
        },
        {
          "url": "type",
          "valueString": "boolean"
        },
        {
          "url": "name",
          "valueString": "Show evidence support"
        },
        {
          "url": "description",
          "valueString": "If this options is set to True, CDS response cards will provide more complete information about the evidence that supports the potential drug-drug interaction alert."
        }
      ]
    }
  ],
  "relatedArtifact": [
    {
      "type": "documentation",
      "display": "Warfarin-NSAIDs clinical decision support algorithm",
      "url": "https://ddi-cds.org/warfarin-nsaids/"
    }
  ],
  "action": [
    {
      "trigger": [
        {
          "type": "named-event",
          "name": "order-sign"
        }
      ],
      "condition": [
        {
          "kind": "applicability",
          "expression": {
            "language": "text/cql",
            "expression": "Inclusion Criteria"
          }
        }
      ],
      "action": [
        {
          "title": "Potential Drug-Drug Interaction between warfarin (product) and NSAID (product)",
          "description": "Topical diclofenac has relatively low systemic absorption; in one study a topical gel (16 g/day) produced about 6% of the absorption seen with systemic administration of 150 mg/day. A higher than recommended dose of topical gel (48 g/day) produced 20% of a systemic dose of diclofenac.",
          "condition": [
            {
              "kind": "applicability",
              "expression": {
                "language": "text/cql",
                "expression": "Is context medication topical diclofenac"
              }
            }
          ],
          "dynamicValue": [
            {
              "path": "action.title",
              "expression": {
                "language": "text/cql",
                "expression": "Get Base Summary"
              }
            },
            {
              "path": "activity.extension",
              "expression": {
                "language": "text/cql",
                "expression": "Get Base Indicator"
              }
            }
          ],
          "action": [
            {
              "prefix": "No special precautions"
            }
          ]
        },
        {
          "title": "Potential Drug-Drug Interaction between warfarin (product) and NSAID (product)",
          "description": "Increased risk of bleeding. \nBleeding is a serious potential clinical consequence because it can result in death, life-threatening hospitalization, and disability. \nNon-steroidal anti-inflammatory drugs (NSAIDs) have antiplatelet effects which increase the bleeding risk when combined with oral anticoagulants such as warfarin. The antiplatelet effect of NSAIDs lasts only as long as the NSAID is present in the circulation, unlike aspirin�fs antiplatelet effect, which lasts for up to 2 weeks after aspirin is discontinued. NSAIDs also can cause peptic ulcers and most of the evidence for increased bleeding risk with NSAIDs plus warfarin is due to upper gastrointestinal bleeding (UGIB). \nunknown. \n unknown.",
          "condition": [
            {
              "kind": "applicability",
              "expression": {
                "language": "text/cql",
                "expression": "Is not context medication topical diclofenac"
              }
            }
          ],
          "dynamicValue": [
            {
              "path": "action.title",
              "expression": {
                "language": "text/cql",
                "expression": "Get Base Summary"
              }
            },
            {
              "path": "activity.extension",
              "expression": {
                "language": "text/cql",
                "expression": "Get Base Indicator"
              }
            }
          ],
          "action": [
            {
              "prefix": "Assess risk and take action if necessary.",
              "type": {
                "coding": [
                  {
                    "system": "http://terminology.hl7.org/CodeSystem/action-type",
                    "code": "remove"
                  }
                ]
              },
              "description": "If the NSAID is being used as an analgesic or antipyretic, it would be prudent to use an alternative such as acetaminophen. In some people, acetaminophen can increase the anticoagulant effect of warfarin, so monitor the INR if acetaminophen is used in doses over 2 g/day for a few days. For more severe pain consider short-term opioids in place of the NSAID."
            },
            {
              "prefix": "Substitute NSAID (product) with APAP (product).",
              "type": {
                "coding": [
                  {
                    "system": "http://terminology.hl7.org/CodeSystem/action-type",
                    "code": "create"
                  }
                ]
              },
              "description": "Order for APAP <2g per day (APAP 500 mg every 4-6 hours prn).",
              "definitionCanonical": "ActivityDefinition-ad101.json",
              "dynamicValue": [
                {
                  "path": "action.label",
                  "expression": {
                    "language": "text/cql",
                    "expression": "Get Base Label 1"
                  }
                }
              ]
            },
            {
              "prefix": "Substitute NSAID (product) with APAP (product).",
              "type": {
                "coding": [
                  {
                    "system": "http://terminology.hl7.org/CodeSystem/action-type",
                    "code": "create"
                  }
                ]
              },
              "description": "Order for APAP <2g per day (APAP 500 mg every 4-6 hours prn).",
              "definitionCanonical": "ActivityDefinition-ad102.json",
              "dynamicValue": [
                {
                  "path": "action.label",
                  "expression": {
                    "language": "text/cql",
                    "expression": "Get Base Label 2"
                  }
                }
              ]
            }
          ]
        },
        {
          "title": "Patient is (not) taking a proton pump inhibitor (product) or misoprostol (product).",
          "description": "Proton pump inhibitors and misoprostol may reduce the risk of UGIB in patients receiving NSAIDs and warfarin.",
          "condition": [
            {
              "kind": "applicability",
              "expression": {
                "language": "text/cql",
                "expression": "Is not context medication topical diclofenac"
              }
            }
          ],
          "dynamicValue": [
            {
              "path": "action.title",
              "expression": {
                "language": "text/cql",
                "expression": "Get Card 2 Summary"
              }
            },
            {
              "path": "action.description",
              "expression": {
                "language": "text/cql",
                "expression": "Get Card 2 Detail"
              }
            },
            {
              "path": "activity.extension",
              "expression": {
                "language": "text/cql",
                "expression": "Get Card 2 Indicator"
              }
            }
          ],
          "action": [
            {
              "prefix": "Assess risk and take action if necessary.",
              "dynamicValue": [
                {
                  "path": "action.label",
                  "expression": {
                    "language": "text/cql",
                    "expression": "Get Card 2 Label"
                  }
                }
              ]
            }
          ]
        },
        {
          "title": "Patient is (not) 65 y/o and/or does (not) have a history of upper gastrointestinal bleed",
          "description": "Patients with a history of UGIB or peptic ulcer may have an increased risk of UGIB from this interaction. The extent to which older age is an independent risk factor for UGIB due to these interactions is not firmly established, but UGIB in general is known to increase with age",
          "condition": [
            {
              "kind": "applicability",
              "expression": {
                "language": "text/cql",
                "expression": "Is not context medication topical diclofenac"
              }
            }
          ],
          "dynamicValue": [
            {
              "path": "action.title",
              "expression": {
                "language": "text/cql",
                "expression": "Get Card 3 Summary"
              }
            },
            {
              "path": "action.description",
              "expression": {
                "language": "text/cql",
                "expression": "Get Card 3 Detail"
              }
            },
            {
              "path": "activity.extension",
              "expression": {
                "language": "text/cql",
                "expression": "Get Card 3 Indicator"
              }
            }
          ],
          "action": [
            {
              "prefix": "Assess risk and take action if necessary.",
              "dynamicValue": [
                {
                  "path": "action.label",
                  "expression": {
                    "language": "text/cql",
                    "expression": "Get Card 3 Label"
                  }
                }
              ]
            }
          ]
        },
        {
          "title": "Patient is (not) concomitantly taking systemic corticosteroids, aldosterone antagonist, or high dose or multiple NSAIDs",
          "description": "Both corticosteroids and aldosterone antagonists have been shown to subsetantially increase the risk of UGIB in patients on NSAIDs, with relative risks of 12.8 and 11 respectively compared to a risk of 4.3 with NSAIDs alone (Masclee et al. Gastroenterology 2014; 147:784-92.)",
          "condition": [
            {
              "kind": "applicability",
              "expression": {
                "language": "text/cql",
                "expression": "Is not context medication topical diclofenac"
              }
            }
          ],
          "dynamicValue": [
            {
              "path": "action.title",
              "expression": {
                "language": "text/cql",
                "expression": "Get Card 4 Summary"
              }
            },
            {
              "path": "action.description",
              "expression": {
                "language": "text/cql",
                "expression": "Get Card 4 Detail"
              }
            },
            {
              "path": "activity.extension",
              "expression": {
                "language": "text/cql",
                "expression": "Get Card 4 Indicator"
              }
            }
          ],
          "action": [
            {
              "prefix": "Assess risk and take action if necessary.",
              "dynamicValue": [
                {
                  "path": "action.label",
                  "expression": {
                    "language": "text/cql",
                    "expression": "Get Card 4 Label"
                  }
                }
              ]
            }
          ]
        }
      ]
    }
  ]
}