{"resourceType":"ValueSet","id":"valueset-esomeprazole","text":{"status":"generated","div":"<div xmlns=\"http://www.w3.org/1999/xhtml\"><ul><li>Include these codes as defined in <a href=\"http://www.nlm.nih.gov/research/umls/rxnorm\"><code>http://www.nlm.nih.gov/research/umls/rxnorm</code></a><table class=\"none\"><tr><td style=\"white-space:nowrap\"><b>Code</b></td><td><b>Display</b></td></tr><tr><td>284799</td><td>Nexium</td></tr><tr><td>1372705</td><td>Vimovo</td></tr><tr><td>283742</td><td>Esomeprazole</td></tr><tr><td>994202</td><td>Esomeprazole / Naproxen</td></tr><tr><td>283562</td><td>Esomeprazole magnesium</td></tr><tr><td>1435522</td><td>Esomeprazole Strontium</td></tr><tr><td>1601995</td><td>esomeprazole magnesium dihydrate</td></tr><tr><td>1294569</td><td>esomeprazole sodium</td></tr><tr><td>603534</td><td>Esomeprazole 20 MG Injection [Nexium]</td></tr><tr><td>603536</td><td>Esomeprazole 40 MG Injection [Nexium]</td></tr><tr><td>606728</td><td>Esomeprazole 20 MG Delayed Release Oral Capsule [Nexium]</td></tr><tr><td>606731</td><td>Esomeprazole 40 MG Delayed Release Oral Capsule [Nexium]</td></tr><tr><td>861570</td><td>Esomeprazole 10 MG Granules for Oral Suspension [Nexium]</td></tr><tr><td>861576</td><td>Esomeprazole 20 MG Granules for Oral Suspension [Nexium]</td></tr><tr><td>861583</td><td>Esomeprazole 40 MG Granules for Oral Suspension [Nexium]</td></tr><tr><td>1743279</td><td>Esomeprazole 20 MG Delayed Release Oral Tablet [Nexium]</td></tr><tr><td>1297660</td><td>Esomeprazole 2.5 MG Granules for Oral Suspension [Nexium]</td></tr><tr><td>1297763</td><td>Esomeprazole 5 MG Granules for Oral Suspension [Nexium]</td></tr><tr><td>994007</td><td>Esomeprazole 20 MG / Naproxen 375 MG Delayed Release Oral                     Tablet [Vimovo]</td></tr><tr><td>994010</td><td>Esomeprazole 20 MG / Naproxen 500 MG Delayed Release Oral                     Tablet [Vimovo]</td></tr><tr><td>574982</td><td>Esomeprazole 20 MG [Nexium]</td></tr><tr><td>574983</td><td>Esomeprazole 40 MG [Nexium]</td></tr><tr><td>1855314</td><td>Esomeprazole 2.5 MG [Nexium]</td></tr><tr><td>1855322</td><td>Esomeprazole 10 MG [Nexium]</td></tr><tr><td>1855364</td><td>Esomeprazole 5 MG [Nexium]</td></tr><tr><td>994006</td><td>Esomeprazole 20 MG / Naproxen 375 MG [Vimovo]</td></tr><tr><td>994009</td><td>Esomeprazole 20 MG / Naproxen 500 MG [Vimovo]</td></tr><tr><td>606727</td><td>Esomeprazole Delayed Release Oral Capsule [Nexium]</td></tr><tr><td>977957</td><td>Esomeprazole / Naproxen Delayed Release Oral Tablet [Vimovo]</td></tr><tr><td>1728039</td><td>Esomeprazole Injection [Nexium]</td></tr><tr><td>1743278</td><td>Esomeprazole Delayed Release Oral Tablet [Nexium]</td></tr><tr><td>1855315</td><td>Esomeprazole Granules for Oral Suspension [Nexium]</td></tr><tr><td>389174</td><td>Esomeprazole 40 MG Oral Tablet</td></tr><tr><td>391874</td><td>Esomeprazole 40 MG Oral Capsule</td></tr><tr><td>486501</td><td>Esomeprazole 40 MG Injection</td></tr><tr><td>606730</td><td>Esomeprazole 40 MG Delayed Release Oral Capsule</td></tr><tr><td>692578</td><td>Esomeprazole 40 MG Granules for Oral Suspension</td></tr><tr><td>389175</td><td>Esomeprazole 20 MG Oral Tablet</td></tr><tr><td>391873</td><td>Esomeprazole 20 MG Oral Capsule</td></tr><tr><td>433733</td><td>Esomeprazole 20 MG Delayed Release Oral Tablet</td></tr><tr><td>486499</td><td>Esomeprazole 20 MG Injection</td></tr><tr><td>606726</td><td>Esomeprazole 20 MG Delayed Release Oral Capsule</td></tr><tr><td>692576</td><td>Esomeprazole 20 MG Granules for Oral Suspension</td></tr><tr><td>994005</td><td>Esomeprazole 20 MG / Naproxen 375 MG Delayed Release Oral Tablet</td></tr><tr><td>994008</td><td>Esomeprazole 20 MG / Naproxen 500 MG Delayed Release Oral Tablet</td></tr><tr><td>861568</td><td>Esomeprazole 10 MG Granules for Oral Suspension</td></tr><tr><td>1810787</td><td>Esomeprazole Strontium 49.3 MG Delayed Release Oral Capsule</td></tr><tr><td>1810789</td><td>Esomeprazole Strontium 24.65 MG Delayed Release Oral Capsule</td></tr><tr><td>1297658</td><td>Esomeprazole 2.5 MG Granules for Oral Suspension</td></tr><tr><td>1297761</td><td>Esomeprazole 5 MG Granules for Oral Suspension</td></tr><tr><td>331599</td><td>Esomeprazole 40 MG</td></tr><tr><td>343355</td><td>Esomeprazole 20 MG</td></tr><tr><td>1810786</td><td>Esomeprazole Strontium 49.3 MG</td></tr><tr><td>1810788</td><td>Esomeprazole Strontium 24.65 MG</td></tr><tr><td>1855310</td><td>Esomeprazole 2.5 MG</td></tr><tr><td>1855320</td><td>Esomeprazole 10 MG</td></tr><tr><td>1855362</td><td>Esomeprazole 5 MG</td></tr><tr><td>393436</td><td>Esomeprazole Oral Tablet</td></tr><tr><td>393463</td><td>Esomeprazole Oral Capsule</td></tr><tr><td>439356</td><td>Esomeprazole Delayed Release Oral Tablet</td></tr><tr><td>606725</td><td>Esomeprazole Delayed Release Oral Capsule</td></tr><tr><td>977953</td><td>Esomeprazole / Naproxen Delayed Release Oral Tablet</td></tr><tr><td>1728037</td><td>Esomeprazole Injection</td></tr><tr><td>1855312</td><td>Esomeprazole Granules for Oral Suspension</td></tr><tr><td>1855311</td><td>Esomeprazole Granule Product</td></tr><tr><td>1164523</td><td>Esomeprazole / Naproxen Oral Product</td></tr><tr><td>1164524</td><td>Esomeprazole / Naproxen Pill</td></tr><tr><td>1164525</td><td>Esomeprazole Injectable Product</td></tr><tr><td>1165149</td><td>Esomeprazole Oral Product</td></tr><tr><td>1165150</td><td>Esomeprazole Pill</td></tr><tr><td>1855316</td><td>Nexium Granule Product</td></tr><tr><td>1182867</td><td>Nexium Injectable Product</td></tr><tr><td>1182869</td><td>Nexium Oral Product</td></tr><tr><td>1182870</td><td>Nexium Pill</td></tr><tr><td>1186604</td><td>Vimovo Oral Product</td></tr><tr><td>1186607</td><td>Vimovo Pill</td></tr></table></li></ul></div>"},"url":"http://hl7.org/fhir/uv/pddi/ValueSet/valueset-esomeprazole","version":"1.0.0-ballot","name":"Valueset_esomeprazole","title":"Esomeprazole Medications Value Set","status":"draft","experimental":true,"date":"2018-07-02","publisher":"HL7 Clinical Decision Support Workgroup","contact":[{"telecom":[{"system":"url","value":"http://hl7.org/Special/committees/dss"}]}],"description":"ValueSet containing drug identifiers for esomeprazole.","jurisdiction":[{"coding":[{"system":"http://unstats.un.org/unsd/methods/m49/m49.htm","code":"001"}]}],"copyright":"(copyright expectations unknown)","compose":{"include":[{"system":"http://www.nlm.nih.gov/research/umls/rxnorm","concept":[{"code":"284799","display":"Nexium"},{"code":"1372705","display":"Vimovo"},{"code":"283742","display":"Esomeprazole"},{"code":"994202","display":"Esomeprazole / Naproxen"},{"code":"283562","display":"Esomeprazole magnesium"},{"code":"1435522","display":"Esomeprazole Strontium"},{"code":"1601995","display":"esomeprazole magnesium dihydrate"},{"code":"1294569","display":"esomeprazole sodium"},{"code":"603534","display":"Esomeprazole 20 MG Injection [Nexium]"},{"code":"603536","display":"Esomeprazole 40 MG Injection [Nexium]"},{"code":"606728","display":"Esomeprazole 20 MG Delayed Release Oral Capsule [Nexium]"},{"code":"606731","display":"Esomeprazole 40 MG Delayed Release Oral Capsule [Nexium]"},{"code":"861570","display":"Esomeprazole 10 MG Granules for Oral Suspension [Nexium]"},{"code":"861576","display":"Esomeprazole 20 MG Granules for Oral Suspension [Nexium]"},{"code":"861583","display":"Esomeprazole 40 MG Granules for Oral Suspension [Nexium]"},{"code":"1743279","display":"Esomeprazole 20 MG Delayed Release Oral Tablet [Nexium]"},{"code":"1297660","display":"Esomeprazole 2.5 MG Granules for Oral Suspension [Nexium]"},{"code":"1297763","display":"Esomeprazole 5 MG Granules for Oral Suspension [Nexium]"},{"code":"994007","display":"Esomeprazole 20 MG / Naproxen 375 MG Delayed Release Oral                     Tablet [Vimovo]"},{"code":"994010","display":"Esomeprazole 20 MG / Naproxen 500 MG Delayed Release Oral                     Tablet [Vimovo]"},{"code":"574982","display":"Esomeprazole 20 MG [Nexium]"},{"code":"574983","display":"Esomeprazole 40 MG [Nexium]"},{"code":"1855314","display":"Esomeprazole 2.5 MG [Nexium]"},{"code":"1855322","display":"Esomeprazole 10 MG [Nexium]"},{"code":"1855364","display":"Esomeprazole 5 MG [Nexium]"},{"code":"994006","display":"Esomeprazole 20 MG / Naproxen 375 MG [Vimovo]"},{"code":"994009","display":"Esomeprazole 20 MG / Naproxen 500 MG [Vimovo]"},{"code":"606727","display":"Esomeprazole Delayed Release Oral Capsule [Nexium]"},{"code":"977957","display":"Esomeprazole / Naproxen Delayed Release Oral Tablet [Vimovo]"},{"code":"1728039","display":"Esomeprazole Injection [Nexium]"},{"code":"1743278","display":"Esomeprazole Delayed Release Oral Tablet [Nexium]"},{"code":"1855315","display":"Esomeprazole Granules for Oral Suspension [Nexium]"},{"code":"389174","display":"Esomeprazole 40 MG Oral Tablet"},{"code":"391874","display":"Esomeprazole 40 MG Oral Capsule"},{"code":"486501","display":"Esomeprazole 40 MG Injection"},{"code":"606730","display":"Esomeprazole 40 MG Delayed Release Oral Capsule"},{"code":"692578","display":"Esomeprazole 40 MG Granules for Oral Suspension"},{"code":"389175","display":"Esomeprazole 20 MG Oral Tablet"},{"code":"391873","display":"Esomeprazole 20 MG Oral Capsule"},{"code":"433733","display":"Esomeprazole 20 MG Delayed Release Oral Tablet"},{"code":"486499","display":"Esomeprazole 20 MG Injection"},{"code":"606726","display":"Esomeprazole 20 MG Delayed Release Oral Capsule"},{"code":"692576","display":"Esomeprazole 20 MG Granules for Oral Suspension"},{"code":"994005","display":"Esomeprazole 20 MG / Naproxen 375 MG Delayed Release Oral Tablet"},{"code":"994008","display":"Esomeprazole 20 MG / Naproxen 500 MG Delayed Release Oral Tablet"},{"code":"861568","display":"Esomeprazole 10 MG Granules for Oral Suspension"},{"code":"1810787","display":"Esomeprazole Strontium 49.3 MG Delayed Release Oral Capsule"},{"code":"1810789","display":"Esomeprazole Strontium 24.65 MG Delayed Release Oral Capsule"},{"code":"1297658","display":"Esomeprazole 2.5 MG Granules for Oral Suspension"},{"code":"1297761","display":"Esomeprazole 5 MG Granules for Oral Suspension"},{"code":"331599","display":"Esomeprazole 40 MG"},{"code":"343355","display":"Esomeprazole 20 MG"},{"code":"1810786","display":"Esomeprazole Strontium 49.3 MG"},{"code":"1810788","display":"Esomeprazole Strontium 24.65 MG"},{"code":"1855310","display":"Esomeprazole 2.5 MG"},{"code":"1855320","display":"Esomeprazole 10 MG"},{"code":"1855362","display":"Esomeprazole 5 MG"},{"code":"393436","display":"Esomeprazole Oral Tablet"},{"code":"393463","display":"Esomeprazole Oral Capsule"},{"code":"439356","display":"Esomeprazole Delayed Release Oral Tablet"},{"code":"606725","display":"Esomeprazole Delayed Release Oral Capsule"},{"code":"977953","display":"Esomeprazole / Naproxen Delayed Release Oral Tablet"},{"code":"1728037","display":"Esomeprazole Injection"},{"code":"1855312","display":"Esomeprazole Granules for Oral Suspension"},{"code":"1855311","display":"Esomeprazole Granule Product"},{"code":"1164523","display":"Esomeprazole / Naproxen Oral Product"},{"code":"1164524","display":"Esomeprazole / Naproxen Pill"},{"code":"1164525","display":"Esomeprazole Injectable Product"},{"code":"1165149","display":"Esomeprazole Oral Product"},{"code":"1165150","display":"Esomeprazole Pill"},{"code":"1855316","display":"Nexium Granule Product"},{"code":"1182867","display":"Nexium Injectable Product"},{"code":"1182869","display":"Nexium Oral Product"},{"code":"1182870","display":"Nexium Pill"},{"code":"1186604","display":"Vimovo Oral Product"},{"code":"1186607","display":"Vimovo Pill"}]}]}}