{"resourceType":"ValueSet","id":"valueset-dexamethasone-exclude","text":{"status":"generated","div":"<div xmlns=\"http://www.w3.org/1999/xhtml\"><ul><li>Include these codes as defined in <a href=\"http://www.nlm.nih.gov/research/umls/rxnorm\"><code>http://www.nlm.nih.gov/research/umls/rxnorm</code></a><table class=\"none\"><tr><td style=\"white-space:nowrap\"><b>Code</b></td><td><b>Display</b></td></tr><tr><td>1009392</td><td>Dexamethasone 1 MG/ML / Neomycin 3.2 MG/ML / Thiabendazole                     40 MG/ML Topical Solution [Tresaderm]</td></tr><tr><td>208591</td><td>Dexamethasone 1 MG/ML / Neomycin 3.5 MG/ML / Polymyxin B                     10000 UNT/ML Ophthalmic Suspension [Maxitrol]</td></tr><tr><td>208601</td><td>Dexamethasone 0.001 MG/MG / Neomycin 0.0035 MG/MG /                     Polymyxin B 10 UNT/MG Ophthalmic Ointment [Maxitrol]</td></tr><tr><td>205669</td><td>Dexamethasone 1 MG/ML Ophthalmic Suspension [Maxidex]</td></tr><tr><td>688245</td><td>Dexamethasone 0.0005 MG/MG Ophthalmic Ointment [Maxidex]</td></tr><tr><td>208593</td><td>Dexamethasone 1 MG/ML / Neomycin 3.5 MG/ML / Polymyxin B                     10000 UNT/ML Ophthalmic Suspension [Poly-Dex]</td></tr><tr><td>208602</td><td>Dexamethasone 0.001 MG/MG / Neomycin 0.0035 MG/MG /                     Polymyxin B 10 UNT/MG Ophthalmic Ointment [Poly-Dex]</td></tr><tr><td>1011080</td><td>Dexamethasone 0.5 MG/ML / Tobramycin 3 MG/ML Ophthalmic                     Suspension [Tobradex]</td></tr><tr><td>208813</td><td>Dexamethasone 1 MG/ML / Tobramycin 3 MG/ML Ophthalmic                     Suspension [Tobradex]</td></tr><tr><td>208821</td><td>Dexamethasone 0.001 MG/MG / Tobramycin 0.003 MG/MG                     Ophthalmic Ointment [Tobradex]</td></tr><tr><td>1009391</td><td>Dexamethasone / Neomycin / Thiabendazole Topical Solution [Tresaderm]</td></tr><tr><td>365842</td><td>Dexamethasone Ophthalmic Suspension [Maxidex]</td></tr><tr><td>365818</td><td>Dexamethasone / Neomycin / Polymyxin B Ophthalmic Suspension [Poly-Dex]</td></tr><tr><td>367266</td><td>Dexamethasone / Neomycin / Polymyxin B Ophthalmic Ointment [Poly-Dex]</td></tr><tr><td>688244</td><td>Dexamethasone Ophthalmic Ointment [Maxidex]</td></tr><tr><td>405941</td><td>Ciprofloxacin / Dexamethasone Otic Suspension [Ciprodex]</td></tr><tr><td>93249</td><td>Dexamethasone / Neomycin / Polymyxin B Ophthalmic Ointment [Maxitrol]</td></tr><tr><td>93250</td><td>Dexamethasone / Neomycin / Polymyxin B Ophthalmic Suspension [Maxitrol]</td></tr><tr><td>94334</td><td>Dexamethasone / Tobramycin Ophthalmic Suspension [Tobradex]</td></tr><tr><td>94335</td><td>Dexamethasone / Tobramycin Ophthalmic Ointment [Tobradex]</td></tr><tr><td>1009388</td><td>Dexamethasone 1 MG/ML / Neomycin 3.2 MG/ML / Thiabendazole                     40 MG/ML Topical Solution</td></tr><tr><td>226343</td><td>Dexamethasone 1 MG/ML Ophthalmic Solution</td></tr><tr><td>227142</td><td>Dexamethasone 1 MG/ML / hypromellose 5 MG/ML Ophthalmic Solution</td></tr><tr><td>309680</td><td>Dexamethasone 1 MG/ML / Neomycin 3.5 MG/ML / Polymyxin B                     10000 UNT/ML Ophthalmic Suspension</td></tr><tr><td>309683</td><td>Dexamethasone 1 MG/ML / Tobramycin 3 MG/ML Ophthalmic Suspension</td></tr><tr><td>309690</td><td>Dexamethasone 0.0005 MG/MG Ophthalmic Ointment</td></tr><tr><td>309692</td><td>Dexamethasone 1 MG/ML Ophthalmic Suspension</td></tr><tr><td>388755</td><td>Dexamethasone 1 MG/ML Topical Solution</td></tr><tr><td>403908</td><td>Ciprofloxacin 3 MG/ML / Dexamethasone 1 MG/ML Otic Suspension</td></tr><tr><td>247484</td><td>Dexamethasone 0.001 MG/MG Ophthalmic Ointment</td></tr><tr><td>309679</td><td>Dexamethasone 0.001 MG/MG / Neomycin 0.0035 MG/MG /                     Polymyxin B 10 UNT/MG Ophthalmic Ointment</td></tr><tr><td>309682</td><td>Dexamethasone 0.001 MG/MG / Tobramycin 0.003 MG/MG                     Ophthalmic Ointment</td></tr><tr><td>348336</td><td>Dexamethasone 0.001 MG/MG / Neomycin 0.0035 MG/MG Topical Ointment</td></tr><tr><td>608583</td><td>Dexamethasone 0.5 MG/ML Ophthalmic Solution</td></tr><tr><td>849115</td><td>Dexamethasone 0.5 MG/ML / Tobramycin 3 MG/ML Ophthalmic Suspension</td></tr><tr><td>1009386</td><td>Dexamethasone / Neomycin / Thiabendazole Topical Solution</td></tr><tr><td>103217</td><td>Dexamethasone Ophthalmic Ointment</td></tr><tr><td>371723</td><td>Dexamethasone Ophthalmic Suspension</td></tr><tr><td>374438</td><td>Dexamethasone / Tobramycin Ophthalmic Ointment</td></tr><tr><td>374698</td><td>Dexamethasone / Neomycin / Polymyxin B Ophthalmic Suspension</td></tr><tr><td>374699</td><td>Dexamethasone / Neomycin / Polymyxin B Ophthalmic Ointment</td></tr><tr><td>377418</td><td>Dexamethasone Ophthalmic Solution</td></tr><tr><td>377456</td><td>Dexamethasone / hypromellose Ophthalmic Solution</td></tr><tr><td>378593</td><td>Dexamethasone / Neomycin Topical Ointment</td></tr><tr><td>378984</td><td>Dexamethasone / Tobramycin Ophthalmic Suspension</td></tr><tr><td>393151</td><td>Dexamethasone Topical Solution</td></tr><tr><td>405942</td><td>Ciprofloxacin / Dexamethasone Otic Suspension</td></tr><tr><td>1152113</td><td>Ciprofloxacin / Dexamethasone Otic Product</td></tr><tr><td>1154245</td><td>Dexamethasone / Neomycin / Polymyxin B Ophthalmic Product</td></tr><tr><td>1154246</td><td>Dexamethasone / Neomycin / Thiabendazole Topical Product</td></tr><tr><td>1154249</td><td>Dexamethasone / Neomycin Topical Product</td></tr><tr><td>1154524</td><td>Dexamethasone / Tobramycin Ophthalmic Product</td></tr><tr><td>1154525</td><td>Dexamethasone / hypromellose Ophthalmic Product</td></tr><tr><td>1154533</td><td>Dexamethasone Ophthalmic Product</td></tr><tr><td>1154539</td><td>Dexamethasone Topical Product</td></tr><tr><td>1170903</td><td>Ciprodex Otic Product</td></tr><tr><td>1182730</td><td>Maxitrol Ophthalmic Product</td></tr><tr><td>1182982</td><td>Poly-Dex Ophthalmic Product</td></tr><tr><td>1179099</td><td>Tobradex Ophthalmic Product</td></tr><tr><td>1179675</td><td>Tresaderm Topical Product</td></tr><tr><td>1181604</td><td>Maxidex Ophthalmic Product</td></tr></table></li></ul></div>"},"url":"http://hl7.org/fhir/uv/pddi/ValueSet/valueset-dexamethasone-exclude","version":"1.0.0-ballot","name":"Valueset_dexamethasone_exclude","title":"Exclude Dexamethasone Medications Value Set","status":"draft","experimental":true,"date":"2018-07-02","publisher":"HL7 Clinical Decision Support Workgroup","contact":[{"telecom":[{"system":"url","value":"http://hl7.org/Special/committees/dss"}]}],"description":"ValueSet containing drug identifiers to exclude. Criteria is explicitly stating topical, gel, cream, ointment, otic, or ophthalmic formulations.","jurisdiction":[{"coding":[{"system":"http://unstats.un.org/unsd/methods/m49/m49.htm","code":"001"}]}],"purpose":"To refine valueset for Warfarin + NSAID PDDI-CDS","copyright":"(copyright expectations unknown)","compose":{"include":[{"system":"http://www.nlm.nih.gov/research/umls/rxnorm","concept":[{"code":"1009392","display":"Dexamethasone 1 MG/ML / Neomycin 3.2 MG/ML / Thiabendazole                     40 MG/ML Topical Solution [Tresaderm]"},{"code":"208591","display":"Dexamethasone 1 MG/ML / Neomycin 3.5 MG/ML / Polymyxin B                     10000 UNT/ML Ophthalmic Suspension [Maxitrol]"},{"code":"208601","display":"Dexamethasone 0.001 MG/MG / Neomycin 0.0035 MG/MG /                     Polymyxin B 10 UNT/MG Ophthalmic Ointment [Maxitrol]"},{"code":"205669","display":"Dexamethasone 1 MG/ML Ophthalmic Suspension [Maxidex]"},{"code":"688245","display":"Dexamethasone 0.0005 MG/MG Ophthalmic Ointment [Maxidex]"},{"code":"208593","display":"Dexamethasone 1 MG/ML / Neomycin 3.5 MG/ML / Polymyxin B                     10000 UNT/ML Ophthalmic Suspension [Poly-Dex]"},{"code":"208602","display":"Dexamethasone 0.001 MG/MG / Neomycin 0.0035 MG/MG /                     Polymyxin B 10 UNT/MG Ophthalmic Ointment [Poly-Dex]"},{"code":"1011080","display":"Dexamethasone 0.5 MG/ML / Tobramycin 3 MG/ML Ophthalmic                     Suspension [Tobradex]"},{"code":"208813","display":"Dexamethasone 1 MG/ML / Tobramycin 3 MG/ML Ophthalmic                     Suspension [Tobradex]"},{"code":"208821","display":"Dexamethasone 0.001 MG/MG / Tobramycin 0.003 MG/MG                     Ophthalmic Ointment [Tobradex]"},{"code":"1009391","display":"Dexamethasone / Neomycin / Thiabendazole Topical Solution [Tresaderm]"},{"code":"365842","display":"Dexamethasone Ophthalmic Suspension [Maxidex]"},{"code":"365818","display":"Dexamethasone / Neomycin / Polymyxin B Ophthalmic Suspension [Poly-Dex]"},{"code":"367266","display":"Dexamethasone / Neomycin / Polymyxin B Ophthalmic Ointment [Poly-Dex]"},{"code":"688244","display":"Dexamethasone Ophthalmic Ointment [Maxidex]"},{"code":"405941","display":"Ciprofloxacin / Dexamethasone Otic Suspension [Ciprodex]"},{"code":"93249","display":"Dexamethasone / Neomycin / Polymyxin B Ophthalmic Ointment [Maxitrol]"},{"code":"93250","display":"Dexamethasone / Neomycin / Polymyxin B Ophthalmic Suspension [Maxitrol]"},{"code":"94334","display":"Dexamethasone / Tobramycin Ophthalmic Suspension [Tobradex]"},{"code":"94335","display":"Dexamethasone / Tobramycin Ophthalmic Ointment [Tobradex]"},{"code":"1009388","display":"Dexamethasone 1 MG/ML / Neomycin 3.2 MG/ML / Thiabendazole                     40 MG/ML Topical Solution"},{"code":"226343","display":"Dexamethasone 1 MG/ML Ophthalmic Solution"},{"code":"227142","display":"Dexamethasone 1 MG/ML / hypromellose 5 MG/ML Ophthalmic Solution"},{"code":"309680","display":"Dexamethasone 1 MG/ML / Neomycin 3.5 MG/ML / Polymyxin B                     10000 UNT/ML Ophthalmic Suspension"},{"code":"309683","display":"Dexamethasone 1 MG/ML / Tobramycin 3 MG/ML Ophthalmic Suspension"},{"code":"309690","display":"Dexamethasone 0.0005 MG/MG Ophthalmic Ointment"},{"code":"309692","display":"Dexamethasone 1 MG/ML Ophthalmic Suspension"},{"code":"388755","display":"Dexamethasone 1 MG/ML Topical Solution"},{"code":"403908","display":"Ciprofloxacin 3 MG/ML / Dexamethasone 1 MG/ML Otic Suspension"},{"code":"247484","display":"Dexamethasone 0.001 MG/MG Ophthalmic Ointment"},{"code":"309679","display":"Dexamethasone 0.001 MG/MG / Neomycin 0.0035 MG/MG /                     Polymyxin B 10 UNT/MG Ophthalmic Ointment"},{"code":"309682","display":"Dexamethasone 0.001 MG/MG / Tobramycin 0.003 MG/MG                     Ophthalmic Ointment"},{"code":"348336","display":"Dexamethasone 0.001 MG/MG / Neomycin 0.0035 MG/MG Topical Ointment"},{"code":"608583","display":"Dexamethasone 0.5 MG/ML Ophthalmic Solution"},{"code":"849115","display":"Dexamethasone 0.5 MG/ML / Tobramycin 3 MG/ML Ophthalmic Suspension"},{"code":"1009386","display":"Dexamethasone / Neomycin / Thiabendazole Topical Solution"},{"code":"103217","display":"Dexamethasone Ophthalmic Ointment"},{"code":"371723","display":"Dexamethasone Ophthalmic Suspension"},{"code":"374438","display":"Dexamethasone / Tobramycin Ophthalmic Ointment"},{"code":"374698","display":"Dexamethasone / Neomycin / Polymyxin B Ophthalmic Suspension"},{"code":"374699","display":"Dexamethasone / Neomycin / Polymyxin B Ophthalmic Ointment"},{"code":"377418","display":"Dexamethasone Ophthalmic Solution"},{"code":"377456","display":"Dexamethasone / hypromellose Ophthalmic Solution"},{"code":"378593","display":"Dexamethasone / Neomycin Topical Ointment"},{"code":"378984","display":"Dexamethasone / Tobramycin Ophthalmic Suspension"},{"code":"393151","display":"Dexamethasone Topical Solution"},{"code":"405942","display":"Ciprofloxacin / Dexamethasone Otic Suspension"},{"code":"1152113","display":"Ciprofloxacin / Dexamethasone Otic Product"},{"code":"1154245","display":"Dexamethasone / Neomycin / Polymyxin B Ophthalmic Product"},{"code":"1154246","display":"Dexamethasone / Neomycin / Thiabendazole Topical Product"},{"code":"1154249","display":"Dexamethasone / Neomycin Topical Product"},{"code":"1154524","display":"Dexamethasone / Tobramycin Ophthalmic Product"},{"code":"1154525","display":"Dexamethasone / hypromellose Ophthalmic Product"},{"code":"1154533","display":"Dexamethasone Ophthalmic Product"},{"code":"1154539","display":"Dexamethasone Topical Product"},{"code":"1170903","display":"Ciprodex Otic Product"},{"code":"1182730","display":"Maxitrol Ophthalmic Product"},{"code":"1182982","display":"Poly-Dex Ophthalmic Product"},{"code":"1179099","display":"Tobradex Ophthalmic Product"},{"code":"1179675","display":"Tresaderm Topical Product"},{"code":"1181604","display":"Maxidex Ophthalmic Product"}]}]}}