{"resourceType":"ValueSet","id":"valueset-indomethacin","text":{"status":"generated","div":"<div xmlns=\"http://www.w3.org/1999/xhtml\"><ul><li>Include these codes as defined in <a href=\"http://www.nlm.nih.gov/research/umls/rxnorm\"><code>http://www.nlm.nih.gov/research/umls/rxnorm</code></a><table class=\"none\"><tr><td style=\"white-space:nowrap\"><b>Code</b></td><td><b>Display</b></td></tr><tr><td>203365</td><td>Indocin</td></tr><tr><td>1491522</td><td>Tivorbex</td></tr><tr><td>5781</td><td>Indomethacin</td></tr><tr><td>1008069</td><td>Indomethacin / Methocarbamol</td></tr><tr><td>1008657</td><td>Indomethacin / polidocanol</td></tr><tr><td>814504</td><td>Dexamethasone / Indomethacin</td></tr><tr><td>817635</td><td>Indomethacin / Thiamine</td></tr><tr><td>258329</td><td>Indomethacin sodium trihydrate</td></tr><tr><td>1294612</td><td>INDOMETHACIN SODIUM</td></tr><tr><td>206969</td><td>Indomethacin 50 MG Rectal Suppository [Indocin]</td></tr><tr><td>206971</td><td>Indomethacin 5 MG/ML Oral Suspension [Indocin]</td></tr><tr><td>891867</td><td>Indomethacin 75 MG Extended Release Oral Capsule [Indocin]</td></tr><tr><td>1491527</td><td>Indomethacin 20 MG Oral Capsule [Tivorbex]</td></tr><tr><td>1491531</td><td>Indomethacin 40 MG Oral Capsule [Tivorbex]</td></tr><tr><td>567764</td><td>Indomethacin 50 MG [Indocin]</td></tr><tr><td>567771</td><td>Indomethacin 5 MG/ML [Indocin]</td></tr><tr><td>891865</td><td>Indomethacin 75 MG [Indocin]</td></tr><tr><td>1491523</td><td>Indomethacin 20 MG [Tivorbex]</td></tr><tr><td>1491530</td><td>Indomethacin 40 MG [Tivorbex]</td></tr><tr><td>367528</td><td>Indomethacin Rectal Suppository [Indocin]</td></tr><tr><td>891866</td><td>Indomethacin Extended Release Oral Capsule [Indocin]</td></tr><tr><td>92965</td><td>Indomethacin Oral Suspension [Indocin]</td></tr><tr><td>1491524</td><td>Indomethacin Oral Capsule [Tivorbex]</td></tr><tr><td>346508</td><td>Indomethacin 1 MG Injection</td></tr><tr><td>105864</td><td>Indomethacin 50 MG Extended Release Oral Tablet</td></tr><tr><td>105866</td><td>Indomethacin 25 MG Extended Release Oral Tablet</td></tr><tr><td>197817</td><td>Indomethacin 25 MG Oral Capsule</td></tr><tr><td>197818</td><td>Indomethacin 50 MG Oral Capsule</td></tr><tr><td>197819</td><td>Indomethacin 50 MG Rectal Suppository</td></tr><tr><td>250526</td><td>Indomethacin 75 MG Extended Release Oral Tablet</td></tr><tr><td>251255</td><td>Indomethacin 25 MG Extended Release Oral Capsule</td></tr><tr><td>310991</td><td>Indomethacin 5 MG/ML Oral Suspension</td></tr><tr><td>310992</td><td>Indomethacin 75 MG Extended Release Oral Capsule</td></tr><tr><td>392073</td><td>Indomethacin 75 MG Oral Capsule</td></tr><tr><td>199549</td><td>Indomethacin 100 MG Rectal Suppository</td></tr><tr><td>1490727</td><td>Indomethacin 20 MG Oral Capsule</td></tr><tr><td>1491529</td><td>Indomethacin 40 MG Oral Capsule</td></tr><tr><td>247069</td><td>Indomethacin 10 MG/ML Ophthalmic Solution</td></tr><tr><td>1863326</td><td>Indomethacin 1 MG</td></tr><tr><td>316082</td><td>Indomethacin 25 MG</td></tr><tr><td>316083</td><td>Indomethacin 5 MG/ML</td></tr><tr><td>316084</td><td>Indomethacin 50 MG</td></tr><tr><td>316085</td><td>Indomethacin 75 MG</td></tr><tr><td>329869</td><td>Indomethacin 100 MG</td></tr><tr><td>335019</td><td>Indomethacin 20 MG</td></tr><tr><td>1491528</td><td>Indomethacin 40 MG</td></tr><tr><td>335017</td><td>Indomethacin 10 MG/ML</td></tr><tr><td>1863327</td><td>Indomethacin Injection</td></tr><tr><td>370686</td><td>Indomethacin Oral Suspension</td></tr><tr><td>370687</td><td>Indomethacin Oral Capsule</td></tr><tr><td>370688</td><td>Indomethacin Rectal Suppository</td></tr><tr><td>370689</td><td>Indomethacin Extended Release Oral Capsule</td></tr><tr><td>372474</td><td>Indomethacin Extended Release Oral Tablet</td></tr><tr><td>372470</td><td>Indomethacin Ophthalmic Solution</td></tr><tr><td>1156902</td><td>Indomethacin Injectable Product</td></tr><tr><td>1156904</td><td>Indomethacin Oral Liquid Product</td></tr><tr><td>1156905</td><td>Indomethacin Oral Product</td></tr><tr><td>1156906</td><td>Indomethacin Pill</td></tr><tr><td>1156907</td><td>Indomethacin Rectal Product</td></tr><tr><td>1156903</td><td>Indomethacin Ophthalmic Product</td></tr><tr><td>1491525</td><td>Tivorbex Oral Product</td></tr><tr><td>1491526</td><td>Tivorbex Pill</td></tr><tr><td>1172729</td><td>Indocin Oral Liquid Product</td></tr><tr><td>1172730</td><td>Indocin Oral Product</td></tr><tr><td>1172731</td><td>Indocin Pill</td></tr><tr><td>1172732</td><td>Indocin Rectal Product</td></tr></table></li></ul></div>"},"url":"http://hl7.org/fhir/uv/pddi/ValueSet/valueset-indomethacin","version":"1.0.0-ballot","name":"Valueset_indomethacin","title":"Indomethacin Medications Value Set","status":"draft","experimental":true,"date":"2018-07-02","publisher":"HL7 Clinical Decision Support Workgroup","contact":[{"telecom":[{"system":"url","value":"http://hl7.org/Special/committees/dss"}]}],"description":"ValueSet containing drug identifiers for indomethacin.","jurisdiction":[{"coding":[{"system":"http://unstats.un.org/unsd/methods/m49/m49.htm","code":"001"}]}],"copyright":"(copyright expectations unknown)","compose":{"include":[{"system":"http://www.nlm.nih.gov/research/umls/rxnorm","concept":[{"code":"203365","display":"Indocin"},{"code":"1491522","display":"Tivorbex"},{"code":"5781","display":"Indomethacin"},{"code":"1008069","display":"Indomethacin / Methocarbamol"},{"code":"1008657","display":"Indomethacin / polidocanol"},{"code":"814504","display":"Dexamethasone / Indomethacin"},{"code":"817635","display":"Indomethacin / Thiamine"},{"code":"258329","display":"Indomethacin sodium trihydrate"},{"code":"1294612","display":"INDOMETHACIN SODIUM"},{"code":"206969","display":"Indomethacin 50 MG Rectal Suppository [Indocin]"},{"code":"206971","display":"Indomethacin 5 MG/ML Oral Suspension [Indocin]"},{"code":"891867","display":"Indomethacin 75 MG Extended Release Oral Capsule [Indocin]"},{"code":"1491527","display":"Indomethacin 20 MG Oral Capsule [Tivorbex]"},{"code":"1491531","display":"Indomethacin 40 MG Oral Capsule [Tivorbex]"},{"code":"567764","display":"Indomethacin 50 MG [Indocin]"},{"code":"567771","display":"Indomethacin 5 MG/ML [Indocin]"},{"code":"891865","display":"Indomethacin 75 MG [Indocin]"},{"code":"1491523","display":"Indomethacin 20 MG [Tivorbex]"},{"code":"1491530","display":"Indomethacin 40 MG [Tivorbex]"},{"code":"367528","display":"Indomethacin Rectal Suppository [Indocin]"},{"code":"891866","display":"Indomethacin Extended Release Oral Capsule [Indocin]"},{"code":"92965","display":"Indomethacin Oral Suspension [Indocin]"},{"code":"1491524","display":"Indomethacin Oral Capsule [Tivorbex]"},{"code":"346508","display":"Indomethacin 1 MG Injection"},{"code":"105864","display":"Indomethacin 50 MG Extended Release Oral Tablet"},{"code":"105866","display":"Indomethacin 25 MG Extended Release Oral Tablet"},{"code":"197817","display":"Indomethacin 25 MG Oral Capsule"},{"code":"197818","display":"Indomethacin 50 MG Oral Capsule"},{"code":"197819","display":"Indomethacin 50 MG Rectal Suppository"},{"code":"250526","display":"Indomethacin 75 MG Extended Release Oral Tablet"},{"code":"251255","display":"Indomethacin 25 MG Extended Release Oral Capsule"},{"code":"310991","display":"Indomethacin 5 MG/ML Oral Suspension"},{"code":"310992","display":"Indomethacin 75 MG Extended Release Oral Capsule"},{"code":"392073","display":"Indomethacin 75 MG Oral Capsule"},{"code":"199549","display":"Indomethacin 100 MG Rectal Suppository"},{"code":"1490727","display":"Indomethacin 20 MG Oral Capsule"},{"code":"1491529","display":"Indomethacin 40 MG Oral Capsule"},{"code":"247069","display":"Indomethacin 10 MG/ML Ophthalmic Solution"},{"code":"1863326","display":"Indomethacin 1 MG"},{"code":"316082","display":"Indomethacin 25 MG"},{"code":"316083","display":"Indomethacin 5 MG/ML"},{"code":"316084","display":"Indomethacin 50 MG"},{"code":"316085","display":"Indomethacin 75 MG"},{"code":"329869","display":"Indomethacin 100 MG"},{"code":"335019","display":"Indomethacin 20 MG"},{"code":"1491528","display":"Indomethacin 40 MG"},{"code":"335017","display":"Indomethacin 10 MG/ML"},{"code":"1863327","display":"Indomethacin Injection"},{"code":"370686","display":"Indomethacin Oral Suspension"},{"code":"370687","display":"Indomethacin Oral Capsule"},{"code":"370688","display":"Indomethacin Rectal Suppository"},{"code":"370689","display":"Indomethacin Extended Release Oral Capsule"},{"code":"372474","display":"Indomethacin Extended Release Oral Tablet"},{"code":"372470","display":"Indomethacin Ophthalmic Solution"},{"code":"1156902","display":"Indomethacin Injectable Product"},{"code":"1156904","display":"Indomethacin Oral Liquid Product"},{"code":"1156905","display":"Indomethacin Oral Product"},{"code":"1156906","display":"Indomethacin Pill"},{"code":"1156907","display":"Indomethacin Rectal Product"},{"code":"1156903","display":"Indomethacin Ophthalmic Product"},{"code":"1491525","display":"Tivorbex Oral Product"},{"code":"1491526","display":"Tivorbex Pill"},{"code":"1172729","display":"Indocin Oral Liquid Product"},{"code":"1172730","display":"Indocin Oral Product"},{"code":"1172731","display":"Indocin Pill"},{"code":"1172732","display":"Indocin Rectal Product"}]}]}}