{"resourceType":"ValueSet","id":"valueset-lansoprazole","text":{"status":"generated","div":"<div xmlns=\"http://www.w3.org/1999/xhtml\"><ul><li>Include these codes as defined in <a href=\"http://www.nlm.nih.gov/research/umls/rxnorm\"><code>http://www.nlm.nih.gov/research/umls/rxnorm</code></a><table class=\"none\"><tr><td style=\"white-space:nowrap\"><b>Code</b></td><td><b>Display</b></td></tr><tr><td>83156</td><td>Prevacid</td></tr><tr><td>757969</td><td>{4 (Amoxicillin 500 MG Oral Capsule [Trimox]) / 2                     (Clarithromycin 500 MG Oral Tablet [Biaxin]) / 2 (lansoprazole                     30 MG Delayed Release Oral Capsule [Prevacid]) } Pack [Prevpac]</td></tr><tr><td>758486</td><td>{7 (lansoprazole 15 MG Delayed Release Oral Capsule) / 14                     (Naproxen 375 MG Oral Tablet) } Pack</td></tr><tr><td>758497</td><td>{7 (lansoprazole 15 MG Delayed Release Oral Capsule) / 14                     (Naproxen 500 MG Oral Tablet) } Pack</td></tr><tr><td>757968</td><td>{4 (Amoxicillin 500 MG Oral Capsule) / 2 (Clarithromycin 500                     MG Oral Tablet) / 2 (lansoprazole 30 MG Delayed Release Oral                     Capsule) } Pack</td></tr><tr><td>17128</td><td>lansoprazole</td></tr><tr><td>206205</td><td>lansoprazole 15 MG Disintegrating Oral Tablet [Prevacid]</td></tr><tr><td>206206</td><td>lansoprazole 30 MG Delayed Release Oral Capsule [Prevacid]</td></tr><tr><td>596918</td><td>lansoprazole 15 MG Delayed Release Oral Capsule [Prevacid]</td></tr><tr><td>866152</td><td>lansoprazole 30 MG Disintegrating Oral Tablet [Prevacid]</td></tr><tr><td>541184</td><td>lansoprazole 15 MG [Prevacid]</td></tr><tr><td>541188</td><td>lansoprazole 30 MG [Prevacid]</td></tr><tr><td>379705</td><td>lansoprazole Delayed Release Oral Capsule [Prevacid]</td></tr><tr><td>844359</td><td>lansoprazole Disintegrating Oral Tablet [Prevacid]</td></tr><tr><td>311277</td><td>lansoprazole 30 MG Delayed Release Oral Capsule</td></tr><tr><td>351260</td><td>lansoprazole 30 MG Disintegrating Oral Tablet</td></tr><tr><td>351261</td><td>lansoprazole 15 MG Disintegrating Oral Tablet</td></tr><tr><td>596843</td><td>lansoprazole 15 MG Delayed Release Oral Capsule</td></tr><tr><td>791878</td><td>lansoprazole 0.5 MG/ML Oral Suspension</td></tr><tr><td>791880</td><td>lansoprazole 1 MG/ML Oral Suspension</td></tr><tr><td>477260</td><td>lansoprazole 6 MG/ML Injectable Solution</td></tr><tr><td>343086</td><td>lansoprazole 15 MG</td></tr><tr><td>343108</td><td>lansoprazole 30 MG</td></tr><tr><td>353363</td><td>lansoprazole 1 MG/ML</td></tr><tr><td>353364</td><td>lansoprazole 0.5 MG/ML</td></tr><tr><td>477261</td><td>lansoprazole 6 MG/ML</td></tr><tr><td>378648</td><td>lansoprazole Delayed Release Oral Capsule</td></tr><tr><td>477263</td><td>lansoprazole Injectable Solution</td></tr><tr><td>562810</td><td>lansoprazole Oral Suspension</td></tr><tr><td>706238</td><td>lansoprazole Disintegrating Oral Tablet</td></tr><tr><td>1162543</td><td>lansoprazole Injectable Product</td></tr><tr><td>1162544</td><td>lansoprazole Oral Liquid Product</td></tr><tr><td>1162545</td><td>lansoprazole Oral Product</td></tr><tr><td>1162546</td><td>lansoprazole Pill</td></tr><tr><td>1295364</td><td>lansoprazole Disintegrating Oral Product</td></tr><tr><td>1177101</td><td>Prevacid Oral Product</td></tr><tr><td>1177102</td><td>Prevacid Pill</td></tr><tr><td>1296812</td><td>Prevacid Disintegrating Oral Product</td></tr></table></li></ul></div>"},"url":"http://hl7.org/fhir/uv/pddi/ValueSet/valueset-lansoprazole","version":"1.0.0-ballot","name":"Valueset_lansoprazole","title":"Lansoprazole Medications Value Set","status":"draft","experimental":true,"date":"2018-07-02","publisher":"HL7 Clinical Decision Support Workgroup","contact":[{"telecom":[{"system":"url","value":"http://hl7.org/Special/committees/dss"}]}],"description":"ValueSet containing drug identifiers for lansoprazole.","jurisdiction":[{"coding":[{"system":"http://unstats.un.org/unsd/methods/m49/m49.htm","code":"001"}]}],"copyright":"(copyright expectations unknown)","compose":{"include":[{"system":"http://www.nlm.nih.gov/research/umls/rxnorm","concept":[{"code":"83156","display":"Prevacid"},{"code":"757969","display":"{4 (Amoxicillin 500 MG Oral Capsule [Trimox]) / 2                     (Clarithromycin 500 MG Oral Tablet [Biaxin]) / 2 (lansoprazole                     30 MG Delayed Release Oral Capsule [Prevacid]) } Pack [Prevpac]"},{"code":"758486","display":"{7 (lansoprazole 15 MG Delayed Release Oral Capsule) / 14                     (Naproxen 375 MG Oral Tablet) } Pack"},{"code":"758497","display":"{7 (lansoprazole 15 MG Delayed Release Oral Capsule) / 14                     (Naproxen 500 MG Oral Tablet) } Pack"},{"code":"757968","display":"{4 (Amoxicillin 500 MG Oral Capsule) / 2 (Clarithromycin 500                     MG Oral Tablet) / 2 (lansoprazole 30 MG Delayed Release Oral                     Capsule) } Pack"},{"code":"17128","display":"lansoprazole"},{"code":"206205","display":"lansoprazole 15 MG Disintegrating Oral Tablet [Prevacid]"},{"code":"206206","display":"lansoprazole 30 MG Delayed Release Oral Capsule [Prevacid]"},{"code":"596918","display":"lansoprazole 15 MG Delayed Release Oral Capsule [Prevacid]"},{"code":"866152","display":"lansoprazole 30 MG Disintegrating Oral Tablet [Prevacid]"},{"code":"541184","display":"lansoprazole 15 MG [Prevacid]"},{"code":"541188","display":"lansoprazole 30 MG [Prevacid]"},{"code":"379705","display":"lansoprazole Delayed Release Oral Capsule [Prevacid]"},{"code":"844359","display":"lansoprazole Disintegrating Oral Tablet [Prevacid]"},{"code":"311277","display":"lansoprazole 30 MG Delayed Release Oral Capsule"},{"code":"351260","display":"lansoprazole 30 MG Disintegrating Oral Tablet"},{"code":"351261","display":"lansoprazole 15 MG Disintegrating Oral Tablet"},{"code":"596843","display":"lansoprazole 15 MG Delayed Release Oral Capsule"},{"code":"791878","display":"lansoprazole 0.5 MG/ML Oral Suspension"},{"code":"791880","display":"lansoprazole 1 MG/ML Oral Suspension"},{"code":"477260","display":"lansoprazole 6 MG/ML Injectable Solution"},{"code":"343086","display":"lansoprazole 15 MG"},{"code":"343108","display":"lansoprazole 30 MG"},{"code":"353363","display":"lansoprazole 1 MG/ML"},{"code":"353364","display":"lansoprazole 0.5 MG/ML"},{"code":"477261","display":"lansoprazole 6 MG/ML"},{"code":"378648","display":"lansoprazole Delayed Release Oral Capsule"},{"code":"477263","display":"lansoprazole Injectable Solution"},{"code":"562810","display":"lansoprazole Oral Suspension"},{"code":"706238","display":"lansoprazole Disintegrating Oral Tablet"},{"code":"1162543","display":"lansoprazole Injectable Product"},{"code":"1162544","display":"lansoprazole Oral Liquid Product"},{"code":"1162545","display":"lansoprazole Oral Product"},{"code":"1162546","display":"lansoprazole Pill"},{"code":"1295364","display":"lansoprazole Disintegrating Oral Product"},{"code":"1177101","display":"Prevacid Oral Product"},{"code":"1177102","display":"Prevacid Pill"},{"code":"1296812","display":"Prevacid Disintegrating Oral Product"}]}]}}