{"resourceType":"ValueSet","id":"valueset-renal-LOINC","text":{"status":"generated","div":"<div xmlns=\"http://www.w3.org/1999/xhtml\"><ul><li>Include these codes as defined in <a href=\"http://loinc.org\"><code>http://loinc.org</code></a> version <code>2.73</code><table class=\"none\"><tr><td style=\"white-space:nowrap\"><b>Code</b></td><td><b>Display</b></td></tr><tr><td><a href=\"https://loinc.org/2160-0/\">2160-0</a></td><td>Creatinine [Mass/​volume] in Serum or Plasma</td></tr><tr><td><a href=\"https://loinc.org/33914-3/\">33914-3</a></td><td>Glomerular filtration rate/​1.73 sq M.predicted [Volume Rate/​Area] in Serum or Plasma by Creatinine-based formula (MDRD)</td></tr><tr><td><a href=\"https://loinc.org/50044-7/\">50044-7</a></td><td>Glomerular filtration rate/​1.73 sq M predicted among females [Volume Rate/​Area] in Serum, Plasma or Blood by Creatinine-based formula (MDRD)</td></tr><tr><td><a href=\"https://loinc.org/48642-3/\">48642-3</a></td><td>Glomerular filtration rate/​1.73 sq M predicted among non-blacks [Volume Rate/​Area] in Serum, Plasma or Blood by Creatinine-based formula (MDRD)</td></tr><tr><td><a href=\"https://loinc.org/48643-1/\">48643-1</a></td><td>Glomerular filtration rate/​1.73 sq M predicted among blacks [Volume Rate/​Area] in Serum, Plasma or Blood by Creatinine-based formula (MDRD)</td></tr></table></li></ul></div>"},"url":"http://hl7.org/fhir/uv/pddi/ValueSet/valueset-renal-LOINC","version":"1.0.0-ballot","name":"Valueset_renal_LOINC","title":"LOINC Codes for Renal Function","status":"draft","experimental":true,"date":"2018-08-03","publisher":"HL7 Clinical Decision Support Workgroup","contact":[{"telecom":[{"system":"url","value":"http://hl7.org/Special/committees/dss"}]}],"description":"ValueSet containing creatinine-based renal function LOINC identifiers from the Renal Function 2000 panel.","jurisdiction":[{"coding":[{"system":"http://unstats.un.org/unsd/methods/m49/m49.htm","code":"001"}]}],"copyright":"This material contains content from LOINC (http://loinc.org). LOINC is copyright © 1995-2020, Regenstrief Institute, Inc. and the Logical Observation Identifiers Names and Codes (LOINC) Committee and is available at no cost under the license at http://loinc.org/license. LOINC® is a registered United States trademark of Regenstrief Institute, Inc","compose":{"include":[{"system":"http://loinc.org","version":"2.73","concept":[{"code":"2160-0","display":"Creatinine [Mass/​volume] in Serum or Plasma"},{"code":"33914-3","display":"Glomerular filtration rate/​1.73 sq M.predicted [Volume Rate/​Area] in Serum or Plasma by Creatinine-based formula (MDRD)"},{"code":"50044-7","display":"Glomerular filtration rate/​1.73 sq M predicted among females [Volume Rate/​Area] in Serum, Plasma or Blood by Creatinine-based formula (MDRD)"},{"code":"48642-3","display":"Glomerular filtration rate/​1.73 sq M predicted among non-blacks [Volume Rate/​Area] in Serum, Plasma or Blood by Creatinine-based formula (MDRD)"},{"code":"48643-1","display":"Glomerular filtration rate/​1.73 sq M predicted among blacks [Volume Rate/​Area] in Serum, Plasma or Blood by Creatinine-based formula (MDRD)"}]}]}}