{"resourceType":"ValueSet","id":"valueset-triamcinolone","text":{"status":"generated","div":"<div xmlns=\"http://www.w3.org/1999/xhtml\"><ul><li>Include these codes as defined in <a href=\"http://www.nlm.nih.gov/research/umls/rxnorm\"><code>http://www.nlm.nih.gov/research/umls/rxnorm</code></a><table class=\"none\"><tr><td style=\"white-space:nowrap\"><b>Code</b></td><td><b>Display</b></td></tr><tr><td>1014315</td><td>Pediaderm TA</td></tr><tr><td>1110803</td><td>Trianex</td></tr><tr><td>153239</td><td>Nasacort</td></tr><tr><td>202877</td><td>Kenalog</td></tr><tr><td>203789</td><td>Aristospan</td></tr><tr><td>220458</td><td>Triderm</td></tr><tr><td>544401</td><td>Oralone</td></tr><tr><td>753380</td><td>Triesence</td></tr><tr><td>833246</td><td>AllerNaze</td></tr><tr><td>1368281</td><td>Animax</td></tr><tr><td>1395721</td><td>Cortalone</td></tr><tr><td>1442872</td><td>Dermasorb TA</td></tr><tr><td>1739203</td><td>Vetalog</td></tr><tr><td>1805710</td><td>Genesis</td></tr><tr><td>1720617</td><td>{1 (118 ML) (dimethicone 20 MG/ML Topical Cream) / 1 (80000                     MG) (Triamcinolone Acetonide 1 MG/ML Topical Cream) } Pack</td></tr><tr><td>10759</td><td>Triamcinolone</td></tr><tr><td>1006921</td><td>Clioquinol / Triamcinolone</td></tr><tr><td>1007115</td><td>Polymyxin B / Triamcinolone</td></tr><tr><td>1007148</td><td>Salicylic Acid / Triamcinolone</td></tr><tr><td>1007674</td><td>Amphotericin B / Triamcinolone</td></tr><tr><td>1007849</td><td>Triamcinolone / Urea</td></tr><tr><td>1008595</td><td>Coal Tar / Triamcinolone</td></tr><tr><td>1009025</td><td>Lidocaine / Triamcinolone</td></tr><tr><td>107010</td><td>Chlortetracycline / Triamcinolone</td></tr><tr><td>107011</td><td>Nystatin / Triamcinolone</td></tr><tr><td>107012</td><td>Econazole / Triamcinolone</td></tr><tr><td>107013</td><td>Neomycin / Triamcinolone</td></tr><tr><td>1368279</td><td>Neomycin / Nystatin / Thiostrepton / Triamcinolone</td></tr><tr><td>10761</td><td>Triamcinolone Acetonide</td></tr><tr><td>10762</td><td>triamcinolone diacetate</td></tr><tr><td>38546</td><td>triamcinolone hexacetonide</td></tr><tr><td>1014318</td><td>Triamcinolone Acetonide 1 MG/ML Topical Cream [Pediaderm TA]</td></tr><tr><td>1110806</td><td>Triamcinolone Acetonide 0.0005 MG/MG Topical Ointment [Trianex]</td></tr><tr><td>1797915</td><td>Triamcinolone Acetonide 0.055 MG/ACTUAT Metered Dose Nasal                     Spray [Nasacort]</td></tr><tr><td>1085738</td><td>Triamcinolone Acetonide 0.147 MG/ML Topical Spray [Kenalog]</td></tr><tr><td>1085752</td><td>Triamcinolone Acetonide 10 MG/ML Injectable Suspension [Kenalog]</td></tr><tr><td>1085756</td><td>Triamcinolone Acetonide 40 MG/ML Injectable Suspension [Kenalog]</td></tr><tr><td>1085994</td><td>triamcinolone hexacetonide 5 MG/ML Injectable Suspension [Aristospan]</td></tr><tr><td>1085998</td><td>triamcinolone hexacetonide 20 MG/ML Injectable Suspension [Aristospan]</td></tr><tr><td>1085773</td><td>Triamcinolone Acetonide 1 MG/ML Topical Cream [Triderm]</td></tr><tr><td>1648997</td><td>Triamcinolone Acetonide 0.25 MG/ML Topical Cream [Triderm]</td></tr><tr><td>1648999</td><td>Triamcinolone Acetonide 5 MG/ML Topical Cream [Triderm]</td></tr><tr><td>1085767</td><td>Triamcinolone Acetonide 0.001 MG/MG Oral Paste [Oralone]</td></tr><tr><td>1086259</td><td>1 ML Triamcinolone Acetonide 40 MG/ML Injection [Triesence]</td></tr><tr><td>1797906</td><td>Triamcinolone Acetonide 0.05 MG/ACTUAT Metered Dose Nasal                     Spray [AllerNaze]</td></tr><tr><td>1368285</td><td>Neomycin 2.5 MG/ML / Nystatin 100000 UNT/ML / Thiostrepton                     2500 UNT/ML / Triamcinolone Acetonide 1 MG/ML Topical Cream [Animax]</td></tr><tr><td>1376440</td><td>Triamcinolone Acetonide 1.5 MG Oral Tablet [Cortalone]</td></tr><tr><td>1442876</td><td>Triamcinolone Acetonide 1 MG/ML Topical Cream [Dermasorb TA]</td></tr><tr><td>1739207</td><td>Triamcinolone Acetonide 2 MG/ML Injectable Suspension [Vetalog]</td></tr><tr><td>1739211</td><td>Triamcinolone Acetonide 6 MG/ML Injectable Suspension [Vetalog]</td></tr><tr><td>1805714</td><td>Triamcinolone Acetonide 0.15 MG/ML Topical Spray [Genesis]</td></tr><tr><td>1014316</td><td>Triamcinolone Acetonide 1 MG/ML [Pediaderm TA]</td></tr><tr><td>1110804</td><td>Triamcinolone Acetonide 0.0005 MG/MG [Trianex]</td></tr><tr><td>1085796</td><td>Triamcinolone Acetonide 0.055 MG/ACTUAT [Nasacort]</td></tr><tr><td>1085737</td><td>Triamcinolone Acetonide 0.147 MG/ML [Kenalog]</td></tr><tr><td>1085751</td><td>Triamcinolone Acetonide 10 MG/ML [Kenalog]</td></tr><tr><td>1085755</td><td>Triamcinolone Acetonide 40 MG/ML [Kenalog]</td></tr><tr><td>1085993</td><td>triamcinolone hexacetonide 5 MG/ML [Aristospan]</td></tr><tr><td>1085997</td><td>triamcinolone hexacetonide 20 MG/ML [Aristospan]</td></tr><tr><td>1085772</td><td>Triamcinolone Acetonide 1 MG/ML [Triderm]</td></tr><tr><td>1648996</td><td>Triamcinolone Acetonide 0.25 MG/ML [Triderm]</td></tr><tr><td>1648998</td><td>Triamcinolone Acetonide 5 MG/ML [Triderm]</td></tr><tr><td>1085766</td><td>Triamcinolone Acetonide 0.001 MG/MG [Oralone]</td></tr><tr><td>1086258</td><td>Triamcinolone Acetonide 40 MG/ML [Triesence]</td></tr><tr><td>833247</td><td>Triamcinolone Acetonide 0.05 MG/ACTUAT [AllerNaze]</td></tr><tr><td>1368282</td><td>Neomycin 2.5 MG/ML / Nystatin 100000 UNT/ML / Thiostrepton                     2500 UNT/ML / Triamcinolone Acetonide 1 MG/ML [Animax]</td></tr><tr><td>1376436</td><td>Triamcinolone Acetonide 1.5 MG [Cortalone]</td></tr><tr><td>1442873</td><td>Triamcinolone Acetonide 1 MG/ML [Dermasorb TA]</td></tr><tr><td>1739204</td><td>Triamcinolone Acetonide 2 MG/ML [Vetalog]</td></tr><tr><td>1739210</td><td>Triamcinolone Acetonide 6 MG/ML [Vetalog]</td></tr><tr><td>1805711</td><td>Triamcinolone Acetonide 0.15 MG/ML [Genesis]</td></tr><tr><td>1014317</td><td>Triamcinolone Topical Cream [Pediaderm TA]</td></tr><tr><td>1110805</td><td>Triamcinolone Topical Ointment [Trianex]</td></tr><tr><td>365675</td><td>Triamcinolone Injectable Suspension [Kenalog]</td></tr><tr><td>362100</td><td>Triamcinolone Topical Cream [Triderm]</td></tr><tr><td>380844</td><td>Triamcinolone Injectable Suspension [Aristospan]</td></tr><tr><td>707357</td><td>Triamcinolone Oral Paste [Oralone]</td></tr><tr><td>93044</td><td>Triamcinolone Topical Spray [Kenalog]</td></tr><tr><td>1368283</td><td>Neomycin / Nystatin / Thiostrepton / Triamcinolone Topical                     Cream [Animax]</td></tr><tr><td>1376437</td><td>Triamcinolone Oral Tablet [Cortalone]</td></tr><tr><td>1442874</td><td>Triamcinolone Topical Cream [Dermasorb TA]</td></tr><tr><td>1739205</td><td>Triamcinolone Injectable Suspension [Vetalog]</td></tr><tr><td>1797914</td><td>Triamcinolone Metered Dose Nasal Spray [Nasacort]</td></tr><tr><td>1792145</td><td>Triamcinolone Injection [Triesence]</td></tr><tr><td>1797905</td><td>Triamcinolone Metered Dose Nasal Spray [AllerNaze]</td></tr><tr><td>1805712</td><td>Triamcinolone Topical Spray [Genesis]</td></tr><tr><td>1085633</td><td>Triamcinolone Acetonide 0.00025 MG/MG Topical Ointment</td></tr><tr><td>1085640</td><td>Triamcinolone Acetonide 0.005 MG/MG Topical Ointment</td></tr><tr><td>1085644</td><td>Triamcinolone Acetonide 0.25 MG/ML Topical Cream</td></tr><tr><td>1085666</td><td>triamcinolone diacetate 25 MG/ML Injectable Suspension</td></tr><tr><td>1085680</td><td>triamcinolone diacetate 40 MG/ML Injectable Suspension</td></tr><tr><td>1085686</td><td>Triamcinolone Acetonide 5 MG/ML Topical Cream</td></tr><tr><td>1085736</td><td>Triamcinolone Acetonide 0.147 MG/ML Topical Spray</td></tr><tr><td>1085741</td><td>Triamcinolone Acetonide 0.25 MG/ML Topical Lotion</td></tr><tr><td>1085750</td><td>Triamcinolone Acetonide 10 MG/ML Injectable Suspension</td></tr><tr><td>1085754</td><td>Triamcinolone Acetonide 40 MG/ML Injectable Suspension</td></tr><tr><td>1085977</td><td>Triamcinolone Acetonide 0.5 MG/ML Topical Cream</td></tr><tr><td>1085985</td><td>Triamcinolone Acetonide 3 MG/ML Injectable Suspension</td></tr><tr><td>1085992</td><td>triamcinolone hexacetonide 5 MG/ML Injectable Suspension</td></tr><tr><td>1085996</td><td>triamcinolone hexacetonide 20 MG/ML Injectable Suspension</td></tr><tr><td>1086275</td><td>1 ML Triamcinolone Acetonide 40 MG/ML Prefilled Syringe</td></tr><tr><td>1086276</td><td>2 ML Triamcinolone Acetonide 40 MG/ML Prefilled Syringe</td></tr><tr><td>1090641</td><td>Triamcinolone Acetonide 0.0005 MG/MG Topical Ointment</td></tr><tr><td>1792144</td><td>1 ML Triamcinolone Acetonide 40 MG/ML Injection</td></tr><tr><td>1797913</td><td>Triamcinolone Acetonide 0.055 MG/ACTUAT Metered Dose Nasal Spray</td></tr><tr><td>1114840</td><td>Triamcinolone Acetonide 0.5 MG Oral Tablet</td></tr><tr><td>1114842</td><td>Triamcinolone Acetonide 1.5 MG Oral Tablet</td></tr><tr><td>198301</td><td>Triamcinolone 1 MG Oral Tablet</td></tr><tr><td>198303</td><td>Triamcinolone 4 MG Oral Tablet</td></tr><tr><td>833449</td><td>0.1 ML Triamcinolone Acetonide 80 MG/ML Prefilled Syringe</td></tr><tr><td>1797904</td><td>Triamcinolone Acetonide 0.05 MG/ACTUAT Metered Dose Nasal Spray</td></tr><tr><td>1014314</td><td>Triamcinolone Acetonide 1 MG/ML Topical Cream</td></tr><tr><td>1053697</td><td>Nystatin 100 UNT/MG / Triamcinolone Acetonide 0.001 MG/MG                     Topical Ointment</td></tr><tr><td>1053753</td><td>Nystatin 100000 UNT/ML / Triamcinolone Acetonide 1 MG/ML                     Topical Cream</td></tr><tr><td>1085636</td><td>Triamcinolone Acetonide 0.001 MG/MG Topical Ointment</td></tr><tr><td>1085728</td><td>Triamcinolone Acetonide 0.001 MG/MG Oral Paste</td></tr><tr><td>1085745</td><td>Triamcinolone Acetonide 1 MG/ML Topical Lotion</td></tr><tr><td>1086277</td><td>Chlortetracycline 0.03 MG/MG / Triamcinolone Acetonide 0.001                     MG/MG Topical Ointment</td></tr><tr><td>1086278</td><td>Neomycin 3.5 MG/ML / Triamcinolone Acetonide 1 MG/ML Otic Solution</td></tr><tr><td>1368280</td><td>Neomycin 2.5 MG/ML / Nystatin 100000 UNT/ML / Thiostrepton                     2500 UNT/ML / Triamcinolone Acetonide 1 MG/ML Topical Cream</td></tr><tr><td>1739202</td><td>Triamcinolone Acetonide 2 MG/ML Injectable Suspension</td></tr><tr><td>1739209</td><td>Triamcinolone Acetonide 6 MG/ML Injectable Suspension</td></tr><tr><td>1805709</td><td>Triamcinolone Acetonide 0.15 MG/ML Topical Spray</td></tr><tr><td>1085632</td><td>Triamcinolone Acetonide 0.00025 MG/MG</td></tr><tr><td>1085639</td><td>Triamcinolone Acetonide 0.005 MG/MG</td></tr><tr><td>1085643</td><td>Triamcinolone Acetonide 0.25 MG/ML</td></tr><tr><td>1085665</td><td>triamcinolone diacetate 25 MG/ML</td></tr><tr><td>1085679</td><td>triamcinolone diacetate 40 MG/ML</td></tr><tr><td>1085685</td><td>Triamcinolone Acetonide 5 MG/ML</td></tr><tr><td>1085735</td><td>Triamcinolone Acetonide 0.147 MG/ML</td></tr><tr><td>1085749</td><td>Triamcinolone Acetonide 10 MG/ML</td></tr><tr><td>1085753</td><td>Triamcinolone Acetonide 40 MG/ML</td></tr><tr><td>1085794</td><td>Triamcinolone Acetonide 0.055 MG/ACTUAT</td></tr><tr><td>1085976</td><td>Triamcinolone Acetonide 0.5 MG/ML</td></tr><tr><td>1085984</td><td>Triamcinolone Acetonide 3 MG/ML</td></tr><tr><td>1085991</td><td>triamcinolone hexacetonide 5 MG/ML</td></tr><tr><td>1085995</td><td>triamcinolone hexacetonide 20 MG/ML</td></tr><tr><td>1090640</td><td>Triamcinolone Acetonide 0.0005 MG/MG</td></tr><tr><td>1114839</td><td>Triamcinolone Acetonide 0.5 MG</td></tr><tr><td>1114841</td><td>Triamcinolone Acetonide 1.5 MG</td></tr><tr><td>317524</td><td>Triamcinolone 1 MG</td></tr><tr><td>345865</td><td>Triamcinolone 4 MG</td></tr><tr><td>833244</td><td>Triamcinolone Acetonide 0.05 MG/ACTUAT</td></tr><tr><td>833448</td><td>Triamcinolone Acetonide 80 MG/ML</td></tr><tr><td>857692</td><td>Triamcinolone Acetonide 0.001 MG/MG</td></tr><tr><td>857694</td><td>Triamcinolone Acetonide 1 MG/ML</td></tr><tr><td>1739201</td><td>Triamcinolone Acetonide 2 MG/ML</td></tr><tr><td>1739208</td><td>Triamcinolone Acetonide 6 MG/ML</td></tr><tr><td>1805708</td><td>Triamcinolone Acetonide 0.15 MG/ML</td></tr><tr><td>10760</td><td>Triamcinolone Oral Paste</td></tr><tr><td>373041</td><td>Neomycin / Triamcinolone Otic Solution</td></tr><tr><td>374401</td><td>Nystatin / Triamcinolone Topical Ointment</td></tr><tr><td>374434</td><td>Triamcinolone Topical Ointment</td></tr><tr><td>376478</td><td>Chlortetracycline / Triamcinolone Topical Ointment</td></tr><tr><td>377376</td><td>Triamcinolone Topical Spray</td></tr><tr><td>377781</td><td>Nystatin / Triamcinolone Topical Cream</td></tr><tr><td>377831</td><td>Triamcinolone Topical Cream</td></tr><tr><td>378693</td><td>Triamcinolone Topical Lotion</td></tr><tr><td>727885</td><td>Triamcinolone Prefilled Syringe</td></tr><tr><td>96818</td><td>Triamcinolone Injectable Suspension</td></tr><tr><td>96819</td><td>Triamcinolone Oral Tablet</td></tr><tr><td>1368278</td><td>Neomycin / Nystatin / Thiostrepton / Triamcinolone Topical Cream</td></tr><tr><td>1792143</td><td>Triamcinolone Injection</td></tr><tr><td>1797903</td><td>Triamcinolone Metered Dose Nasal Spray</td></tr><tr><td>1155778</td><td>Chlortetracycline / Triamcinolone Topical Product</td></tr><tr><td>1157544</td><td>Neomycin / Triamcinolone Otic Product</td></tr><tr><td>1368277</td><td>Neomycin / Nystatin / Thiostrepton / Triamcinolone Topical Product</td></tr><tr><td>1158223</td><td>Triamcinolone Inhalant Product</td></tr><tr><td>1158224</td><td>Triamcinolone Injectable Product</td></tr><tr><td>1158225</td><td>Triamcinolone Nasal Product</td></tr><tr><td>1158228</td><td>Triamcinolone Oral Product</td></tr><tr><td>1158229</td><td>Triamcinolone Paste Product</td></tr><tr><td>1158230</td><td>Triamcinolone Pill</td></tr><tr><td>1158231</td><td>Triamcinolone Topical Product</td></tr><tr><td>1160432</td><td>Nystatin / Triamcinolone Topical Product</td></tr><tr><td>1295518</td><td>Triamcinolone Oral Paste Product</td></tr><tr><td>1368284</td><td>Animax Topical Product</td></tr><tr><td>1376438</td><td>Cortalone Oral Product</td></tr><tr><td>1376439</td><td>Cortalone Pill</td></tr><tr><td>1442875</td><td>Dermasorb TA Topical Product</td></tr><tr><td>1739206</td><td>Vetalog Injectable Product</td></tr><tr><td>1801240</td><td>Nasacort Nasal Product</td></tr><tr><td>1801245</td><td>AllerNaze Nasal Product</td></tr><tr><td>1805713</td><td>Genesis Topical Product</td></tr><tr><td>1166679</td><td>AllerNaze Inhalant Product</td></tr><tr><td>1170041</td><td>Kenalog Injectable Product</td></tr><tr><td>1170044</td><td>Kenalog Topical Product</td></tr><tr><td>1170762</td><td>Aristospan Injectable Product</td></tr><tr><td>1179329</td><td>Nasacort Inhalant Product</td></tr><tr><td>1182127</td><td>Trianex Topical Product</td></tr><tr><td>1182722</td><td>Triderm Topical Product</td></tr><tr><td>1183227</td><td>Triesence Injectable Product</td></tr><tr><td>1183428</td><td>Oralone Oral Product</td></tr><tr><td>1183429</td><td>Oralone Paste Product</td></tr><tr><td>1183995</td><td>Pediaderm TA Topical Product</td></tr><tr><td>1295793</td><td>Oralone Oral Paste Product</td></tr></table></li></ul></div>"},"url":"http://hl7.org/fhir/uv/pddi/ValueSet/valueset-triamcinolone","version":"1.0.0-ballot","name":"Valueset_triamcinolone","title":"Triamcinolone Medications Value Set","status":"draft","experimental":true,"date":"2018-07-02","publisher":"HL7 Clinical Decision Support Workgroup","contact":[{"telecom":[{"system":"url","value":"http://hl7.org/Special/committees/dss"}]}],"description":"ValueSet containing drug identifiers for triamcinolone.","jurisdiction":[{"coding":[{"system":"http://unstats.un.org/unsd/methods/m49/m49.htm","code":"001"}]}],"copyright":"(copyright expectations unknown)","compose":{"include":[{"system":"http://www.nlm.nih.gov/research/umls/rxnorm","concept":[{"code":"1014315","display":"Pediaderm TA"},{"code":"1110803","display":"Trianex"},{"code":"153239","display":"Nasacort"},{"code":"202877","display":"Kenalog"},{"code":"203789","display":"Aristospan"},{"code":"220458","display":"Triderm"},{"code":"544401","display":"Oralone"},{"code":"753380","display":"Triesence"},{"code":"833246","display":"AllerNaze"},{"code":"1368281","display":"Animax"},{"code":"1395721","display":"Cortalone"},{"code":"1442872","display":"Dermasorb TA"},{"code":"1739203","display":"Vetalog"},{"code":"1805710","display":"Genesis"},{"code":"1720617","display":"{1 (118 ML) (dimethicone 20 MG/ML Topical Cream) / 1 (80000                     MG) (Triamcinolone Acetonide 1 MG/ML Topical Cream) } Pack"},{"code":"10759","display":"Triamcinolone"},{"code":"1006921","display":"Clioquinol / Triamcinolone"},{"code":"1007115","display":"Polymyxin B / Triamcinolone"},{"code":"1007148","display":"Salicylic Acid / Triamcinolone"},{"code":"1007674","display":"Amphotericin B / Triamcinolone"},{"code":"1007849","display":"Triamcinolone / Urea"},{"code":"1008595","display":"Coal Tar / Triamcinolone"},{"code":"1009025","display":"Lidocaine / Triamcinolone"},{"code":"107010","display":"Chlortetracycline / Triamcinolone"},{"code":"107011","display":"Nystatin / Triamcinolone"},{"code":"107012","display":"Econazole / Triamcinolone"},{"code":"107013","display":"Neomycin / Triamcinolone"},{"code":"1368279","display":"Neomycin / Nystatin / Thiostrepton / Triamcinolone"},{"code":"10761","display":"Triamcinolone Acetonide"},{"code":"10762","display":"triamcinolone diacetate"},{"code":"38546","display":"triamcinolone hexacetonide"},{"code":"1014318","display":"Triamcinolone Acetonide 1 MG/ML Topical Cream [Pediaderm TA]"},{"code":"1110806","display":"Triamcinolone Acetonide 0.0005 MG/MG Topical Ointment [Trianex]"},{"code":"1797915","display":"Triamcinolone Acetonide 0.055 MG/ACTUAT Metered Dose Nasal                     Spray [Nasacort]"},{"code":"1085738","display":"Triamcinolone Acetonide 0.147 MG/ML Topical Spray [Kenalog]"},{"code":"1085752","display":"Triamcinolone Acetonide 10 MG/ML Injectable Suspension [Kenalog]"},{"code":"1085756","display":"Triamcinolone Acetonide 40 MG/ML Injectable Suspension [Kenalog]"},{"code":"1085994","display":"triamcinolone hexacetonide 5 MG/ML Injectable Suspension [Aristospan]"},{"code":"1085998","display":"triamcinolone hexacetonide 20 MG/ML Injectable Suspension [Aristospan]"},{"code":"1085773","display":"Triamcinolone Acetonide 1 MG/ML Topical Cream [Triderm]"},{"code":"1648997","display":"Triamcinolone Acetonide 0.25 MG/ML Topical Cream [Triderm]"},{"code":"1648999","display":"Triamcinolone Acetonide 5 MG/ML Topical Cream [Triderm]"},{"code":"1085767","display":"Triamcinolone Acetonide 0.001 MG/MG Oral Paste [Oralone]"},{"code":"1086259","display":"1 ML Triamcinolone Acetonide 40 MG/ML Injection [Triesence]"},{"code":"1797906","display":"Triamcinolone Acetonide 0.05 MG/ACTUAT Metered Dose Nasal                     Spray [AllerNaze]"},{"code":"1368285","display":"Neomycin 2.5 MG/ML / Nystatin 100000 UNT/ML / Thiostrepton                     2500 UNT/ML / Triamcinolone Acetonide 1 MG/ML Topical Cream [Animax]"},{"code":"1376440","display":"Triamcinolone Acetonide 1.5 MG Oral Tablet [Cortalone]"},{"code":"1442876","display":"Triamcinolone Acetonide 1 MG/ML Topical Cream [Dermasorb TA]"},{"code":"1739207","display":"Triamcinolone Acetonide 2 MG/ML Injectable Suspension [Vetalog]"},{"code":"1739211","display":"Triamcinolone Acetonide 6 MG/ML Injectable Suspension [Vetalog]"},{"code":"1805714","display":"Triamcinolone Acetonide 0.15 MG/ML Topical Spray [Genesis]"},{"code":"1014316","display":"Triamcinolone Acetonide 1 MG/ML [Pediaderm TA]"},{"code":"1110804","display":"Triamcinolone Acetonide 0.0005 MG/MG [Trianex]"},{"code":"1085796","display":"Triamcinolone Acetonide 0.055 MG/ACTUAT [Nasacort]"},{"code":"1085737","display":"Triamcinolone Acetonide 0.147 MG/ML [Kenalog]"},{"code":"1085751","display":"Triamcinolone Acetonide 10 MG/ML [Kenalog]"},{"code":"1085755","display":"Triamcinolone Acetonide 40 MG/ML [Kenalog]"},{"code":"1085993","display":"triamcinolone hexacetonide 5 MG/ML [Aristospan]"},{"code":"1085997","display":"triamcinolone hexacetonide 20 MG/ML [Aristospan]"},{"code":"1085772","display":"Triamcinolone Acetonide 1 MG/ML [Triderm]"},{"code":"1648996","display":"Triamcinolone Acetonide 0.25 MG/ML [Triderm]"},{"code":"1648998","display":"Triamcinolone Acetonide 5 MG/ML [Triderm]"},{"code":"1085766","display":"Triamcinolone Acetonide 0.001 MG/MG [Oralone]"},{"code":"1086258","display":"Triamcinolone Acetonide 40 MG/ML [Triesence]"},{"code":"833247","display":"Triamcinolone Acetonide 0.05 MG/ACTUAT [AllerNaze]"},{"code":"1368282","display":"Neomycin 2.5 MG/ML / Nystatin 100000 UNT/ML / Thiostrepton                     2500 UNT/ML / Triamcinolone Acetonide 1 MG/ML [Animax]"},{"code":"1376436","display":"Triamcinolone Acetonide 1.5 MG [Cortalone]"},{"code":"1442873","display":"Triamcinolone Acetonide 1 MG/ML [Dermasorb TA]"},{"code":"1739204","display":"Triamcinolone Acetonide 2 MG/ML [Vetalog]"},{"code":"1739210","display":"Triamcinolone Acetonide 6 MG/ML [Vetalog]"},{"code":"1805711","display":"Triamcinolone Acetonide 0.15 MG/ML [Genesis]"},{"code":"1014317","display":"Triamcinolone Topical Cream [Pediaderm TA]"},{"code":"1110805","display":"Triamcinolone Topical Ointment [Trianex]"},{"code":"365675","display":"Triamcinolone Injectable Suspension [Kenalog]"},{"code":"362100","display":"Triamcinolone Topical Cream [Triderm]"},{"code":"380844","display":"Triamcinolone Injectable Suspension [Aristospan]"},{"code":"707357","display":"Triamcinolone Oral Paste [Oralone]"},{"code":"93044","display":"Triamcinolone Topical Spray [Kenalog]"},{"code":"1368283","display":"Neomycin / Nystatin / Thiostrepton / Triamcinolone Topical                     Cream [Animax]"},{"code":"1376437","display":"Triamcinolone Oral Tablet [Cortalone]"},{"code":"1442874","display":"Triamcinolone Topical Cream [Dermasorb TA]"},{"code":"1739205","display":"Triamcinolone Injectable Suspension [Vetalog]"},{"code":"1797914","display":"Triamcinolone Metered Dose Nasal Spray [Nasacort]"},{"code":"1792145","display":"Triamcinolone Injection [Triesence]"},{"code":"1797905","display":"Triamcinolone Metered Dose Nasal Spray [AllerNaze]"},{"code":"1805712","display":"Triamcinolone Topical Spray [Genesis]"},{"code":"1085633","display":"Triamcinolone Acetonide 0.00025 MG/MG Topical Ointment"},{"code":"1085640","display":"Triamcinolone Acetonide 0.005 MG/MG Topical Ointment"},{"code":"1085644","display":"Triamcinolone Acetonide 0.25 MG/ML Topical Cream"},{"code":"1085666","display":"triamcinolone diacetate 25 MG/ML Injectable Suspension"},{"code":"1085680","display":"triamcinolone diacetate 40 MG/ML Injectable Suspension"},{"code":"1085686","display":"Triamcinolone Acetonide 5 MG/ML Topical Cream"},{"code":"1085736","display":"Triamcinolone Acetonide 0.147 MG/ML Topical Spray"},{"code":"1085741","display":"Triamcinolone Acetonide 0.25 MG/ML Topical Lotion"},{"code":"1085750","display":"Triamcinolone Acetonide 10 MG/ML Injectable Suspension"},{"code":"1085754","display":"Triamcinolone Acetonide 40 MG/ML Injectable Suspension"},{"code":"1085977","display":"Triamcinolone Acetonide 0.5 MG/ML Topical Cream"},{"code":"1085985","display":"Triamcinolone Acetonide 3 MG/ML Injectable Suspension"},{"code":"1085992","display":"triamcinolone hexacetonide 5 MG/ML Injectable Suspension"},{"code":"1085996","display":"triamcinolone hexacetonide 20 MG/ML Injectable Suspension"},{"code":"1086275","display":"1 ML Triamcinolone Acetonide 40 MG/ML Prefilled Syringe"},{"code":"1086276","display":"2 ML Triamcinolone Acetonide 40 MG/ML Prefilled Syringe"},{"code":"1090641","display":"Triamcinolone Acetonide 0.0005 MG/MG Topical Ointment"},{"code":"1792144","display":"1 ML Triamcinolone Acetonide 40 MG/ML Injection"},{"code":"1797913","display":"Triamcinolone Acetonide 0.055 MG/ACTUAT Metered Dose Nasal Spray"},{"code":"1114840","display":"Triamcinolone Acetonide 0.5 MG Oral Tablet"},{"code":"1114842","display":"Triamcinolone Acetonide 1.5 MG Oral Tablet"},{"code":"198301","display":"Triamcinolone 1 MG Oral Tablet"},{"code":"198303","display":"Triamcinolone 4 MG Oral Tablet"},{"code":"833449","display":"0.1 ML Triamcinolone Acetonide 80 MG/ML Prefilled Syringe"},{"code":"1797904","display":"Triamcinolone Acetonide 0.05 MG/ACTUAT Metered Dose Nasal Spray"},{"code":"1014314","display":"Triamcinolone Acetonide 1 MG/ML Topical Cream"},{"code":"1053697","display":"Nystatin 100 UNT/MG / Triamcinolone Acetonide 0.001 MG/MG                     Topical Ointment"},{"code":"1053753","display":"Nystatin 100000 UNT/ML / Triamcinolone Acetonide 1 MG/ML                     Topical Cream"},{"code":"1085636","display":"Triamcinolone Acetonide 0.001 MG/MG Topical Ointment"},{"code":"1085728","display":"Triamcinolone Acetonide 0.001 MG/MG Oral Paste"},{"code":"1085745","display":"Triamcinolone Acetonide 1 MG/ML Topical Lotion"},{"code":"1086277","display":"Chlortetracycline 0.03 MG/MG / Triamcinolone Acetonide 0.001                     MG/MG Topical Ointment"},{"code":"1086278","display":"Neomycin 3.5 MG/ML / Triamcinolone Acetonide 1 MG/ML Otic Solution"},{"code":"1368280","display":"Neomycin 2.5 MG/ML / Nystatin 100000 UNT/ML / Thiostrepton                     2500 UNT/ML / Triamcinolone Acetonide 1 MG/ML Topical Cream"},{"code":"1739202","display":"Triamcinolone Acetonide 2 MG/ML Injectable Suspension"},{"code":"1739209","display":"Triamcinolone Acetonide 6 MG/ML Injectable Suspension"},{"code":"1805709","display":"Triamcinolone Acetonide 0.15 MG/ML Topical Spray"},{"code":"1085632","display":"Triamcinolone Acetonide 0.00025 MG/MG"},{"code":"1085639","display":"Triamcinolone Acetonide 0.005 MG/MG"},{"code":"1085643","display":"Triamcinolone Acetonide 0.25 MG/ML"},{"code":"1085665","display":"triamcinolone diacetate 25 MG/ML"},{"code":"1085679","display":"triamcinolone diacetate 40 MG/ML"},{"code":"1085685","display":"Triamcinolone Acetonide 5 MG/ML"},{"code":"1085735","display":"Triamcinolone Acetonide 0.147 MG/ML"},{"code":"1085749","display":"Triamcinolone Acetonide 10 MG/ML"},{"code":"1085753","display":"Triamcinolone Acetonide 40 MG/ML"},{"code":"1085794","display":"Triamcinolone Acetonide 0.055 MG/ACTUAT"},{"code":"1085976","display":"Triamcinolone Acetonide 0.5 MG/ML"},{"code":"1085984","display":"Triamcinolone Acetonide 3 MG/ML"},{"code":"1085991","display":"triamcinolone hexacetonide 5 MG/ML"},{"code":"1085995","display":"triamcinolone hexacetonide 20 MG/ML"},{"code":"1090640","display":"Triamcinolone Acetonide 0.0005 MG/MG"},{"code":"1114839","display":"Triamcinolone Acetonide 0.5 MG"},{"code":"1114841","display":"Triamcinolone Acetonide 1.5 MG"},{"code":"317524","display":"Triamcinolone 1 MG"},{"code":"345865","display":"Triamcinolone 4 MG"},{"code":"833244","display":"Triamcinolone Acetonide 0.05 MG/ACTUAT"},{"code":"833448","display":"Triamcinolone Acetonide 80 MG/ML"},{"code":"857692","display":"Triamcinolone Acetonide 0.001 MG/MG"},{"code":"857694","display":"Triamcinolone Acetonide 1 MG/ML"},{"code":"1739201","display":"Triamcinolone Acetonide 2 MG/ML"},{"code":"1739208","display":"Triamcinolone Acetonide 6 MG/ML"},{"code":"1805708","display":"Triamcinolone Acetonide 0.15 MG/ML"},{"code":"10760","display":"Triamcinolone Oral Paste"},{"code":"373041","display":"Neomycin / Triamcinolone Otic Solution"},{"code":"374401","display":"Nystatin / Triamcinolone Topical Ointment"},{"code":"374434","display":"Triamcinolone Topical Ointment"},{"code":"376478","display":"Chlortetracycline / Triamcinolone Topical Ointment"},{"code":"377376","display":"Triamcinolone Topical Spray"},{"code":"377781","display":"Nystatin / Triamcinolone Topical Cream"},{"code":"377831","display":"Triamcinolone Topical Cream"},{"code":"378693","display":"Triamcinolone Topical Lotion"},{"code":"727885","display":"Triamcinolone Prefilled Syringe"},{"code":"96818","display":"Triamcinolone Injectable Suspension"},{"code":"96819","display":"Triamcinolone Oral Tablet"},{"code":"1368278","display":"Neomycin / Nystatin / Thiostrepton / Triamcinolone Topical Cream"},{"code":"1792143","display":"Triamcinolone Injection"},{"code":"1797903","display":"Triamcinolone Metered Dose Nasal Spray"},{"code":"1155778","display":"Chlortetracycline / Triamcinolone Topical Product"},{"code":"1157544","display":"Neomycin / Triamcinolone Otic Product"},{"code":"1368277","display":"Neomycin / Nystatin / Thiostrepton / Triamcinolone Topical Product"},{"code":"1158223","display":"Triamcinolone Inhalant Product"},{"code":"1158224","display":"Triamcinolone Injectable Product"},{"code":"1158225","display":"Triamcinolone Nasal Product"},{"code":"1158228","display":"Triamcinolone Oral Product"},{"code":"1158229","display":"Triamcinolone Paste Product"},{"code":"1158230","display":"Triamcinolone Pill"},{"code":"1158231","display":"Triamcinolone Topical Product"},{"code":"1160432","display":"Nystatin / Triamcinolone Topical Product"},{"code":"1295518","display":"Triamcinolone Oral Paste Product"},{"code":"1368284","display":"Animax Topical Product"},{"code":"1376438","display":"Cortalone Oral Product"},{"code":"1376439","display":"Cortalone Pill"},{"code":"1442875","display":"Dermasorb TA Topical Product"},{"code":"1739206","display":"Vetalog Injectable Product"},{"code":"1801240","display":"Nasacort Nasal Product"},{"code":"1801245","display":"AllerNaze Nasal Product"},{"code":"1805713","display":"Genesis Topical Product"},{"code":"1166679","display":"AllerNaze Inhalant Product"},{"code":"1170041","display":"Kenalog Injectable Product"},{"code":"1170044","display":"Kenalog Topical Product"},{"code":"1170762","display":"Aristospan Injectable Product"},{"code":"1179329","display":"Nasacort Inhalant Product"},{"code":"1182127","display":"Trianex Topical Product"},{"code":"1182722","display":"Triderm Topical Product"},{"code":"1183227","display":"Triesence Injectable Product"},{"code":"1183428","display":"Oralone Oral Product"},{"code":"1183429","display":"Oralone Paste Product"},{"code":"1183995","display":"Pediaderm TA Topical Product"},{"code":"1295793","display":"Oralone Oral Paste Product"}]}]}}