{"resourceType":"ValueSet","id":"valueset-fludrocortisone","text":{"status":"generated","div":"<div xmlns=\"http://www.w3.org/1999/xhtml\"><ul><li>Include these codes as defined in <a href=\"http://www.nlm.nih.gov/research/umls/rxnorm\"><code>http://www.nlm.nih.gov/research/umls/rxnorm</code></a><table class=\"none\"><tr><td style=\"white-space:nowrap\"><b>Code</b></td><td><b>Display</b></td></tr><tr><td>4452</td><td>Fludrocortisone</td></tr><tr><td>1007783</td><td>Fludrocortisone / hexamidine / selenium sulfide</td></tr><tr><td>165516</td><td>fluorocortisol acetate</td></tr><tr><td>313979</td><td>Fludrocortisone 0.1 MG Oral Tablet</td></tr><tr><td>372213</td><td>Fludrocortisone Oral Tablet</td></tr><tr><td>1160242</td><td>Fludrocortisone Oral Product</td></tr><tr><td>1160243</td><td>Fludrocortisone Pill</td></tr></table></li></ul></div>"},"url":"http://hl7.org/fhir/uv/pddi/ValueSet/valueset-fludrocortisone","version":"1.0.0-ballot","name":"Valueset_fludrocortisone","title":"Fludrocortisone Medications Value Set","status":"draft","experimental":true,"date":"2018-07-02","publisher":"HL7 Clinical Decision Support Workgroup","contact":[{"telecom":[{"system":"url","value":"http://hl7.org/Special/committees/dss"}]}],"description":"ValueSet containing drug identifiers for fludrocortisone.","jurisdiction":[{"coding":[{"system":"http://unstats.un.org/unsd/methods/m49/m49.htm","code":"001"}]}],"copyright":"(copyright expectations unknown)","compose":{"include":[{"system":"http://www.nlm.nih.gov/research/umls/rxnorm","concept":[{"code":"4452","display":"Fludrocortisone"},{"code":"1007783","display":"Fludrocortisone / hexamidine / selenium sulfide"},{"code":"165516","display":"fluorocortisol acetate"},{"code":"313979","display":"Fludrocortisone 0.1 MG Oral Tablet"},{"code":"372213","display":"Fludrocortisone Oral Tablet"},{"code":"1160242","display":"Fludrocortisone Oral Product"},{"code":"1160243","display":"Fludrocortisone Pill"}]}]}}