{"resourceType":"ValueSet","id":"valueset-ketoprofen-exclude","text":{"status":"generated","div":"<div xmlns=\"http://www.w3.org/1999/xhtml\"><ul><li>Include these codes as defined in <a href=\"http://www.nlm.nih.gov/research/umls/rxnorm\"><code>http://www.nlm.nih.gov/research/umls/rxnorm</code></a><table class=\"none\"><tr><td style=\"white-space:nowrap\"><b>Code</b></td><td><b>Display</b></td></tr><tr><td>105999</td><td>Ketoprofen 0.025 MG/MG Topical Gel</td></tr><tr><td>1488714</td><td>Ketoprofen 0.05 MG/MG Topical Powder</td></tr><tr><td>377957</td><td>Ketoprofen Topical Gel</td></tr><tr><td>1488713</td><td>Ketoprofen Topical Powder</td></tr><tr><td>1160964</td><td>Ketoprofen Topical Product</td></tr><tr><td>1491501</td><td>Ketoprofen / Lidocaine Topical Product</td></tr></table></li></ul></div>"},"url":"http://hl7.org/fhir/uv/pddi/ValueSet/valueset-ketoprofen-exclude","version":"1.0.0-ballot","name":"Valueset_ketoprofen_exclude","title":"Exclude Ketoprofen Medications Value Set","status":"draft","experimental":true,"date":"2018-07-02","publisher":"HL7 Clinical Decision Support Workgroup","contact":[{"telecom":[{"system":"url","value":"http://hl7.org/Special/committees/dss"}]}],"description":"ValueSet containing drug identifiers to exclude. Criteria is explicitly stating topical, gel, cream, ointment, otic, or ophthalmic formulations.","jurisdiction":[{"coding":[{"system":"http://unstats.un.org/unsd/methods/m49/m49.htm","code":"001"}]}],"purpose":"To refine valueset for Warfarin + NSAID PDDI-CDS","copyright":"(copyright expectations unknown)","compose":{"include":[{"system":"http://www.nlm.nih.gov/research/umls/rxnorm","concept":[{"code":"105999","display":"Ketoprofen 0.025 MG/MG Topical Gel"},{"code":"1488714","display":"Ketoprofen 0.05 MG/MG Topical Powder"},{"code":"377957","display":"Ketoprofen Topical Gel"},{"code":"1488713","display":"Ketoprofen Topical Powder"},{"code":"1160964","display":"Ketoprofen Topical Product"},{"code":"1491501","display":"Ketoprofen / Lidocaine Topical Product"}]}]}}