{"resourceType":"ValueSet","id":"valueset-digoxin","text":{"status":"generated","div":"<div xmlns=\"http://www.w3.org/1999/xhtml\"><ul><li>Include these codes as defined in <a href=\"http://www.nlm.nih.gov/research/umls/rxnorm\"><code>http://www.nlm.nih.gov/research/umls/rxnorm</code></a><table class=\"none\"><tr><td style=\"white-space:nowrap\"><b>Code</b></td><td><b>Display</b></td></tr><tr><td>202988</td><td>Lanoxin</td></tr><tr><td>261504</td><td>Digitek</td></tr><tr><td>1245368</td><td>Digox</td></tr><tr><td>3407</td><td>Digoxin</td></tr><tr><td>104206</td><td>Digoxin 0.0625 MG Oral Tablet [Lanoxin]</td></tr><tr><td>208135</td><td>1 ML Digoxin 0.1 MG/ML Injection [Lanoxin]</td></tr><tr><td>208137</td><td>2 ML Digoxin 0.25 MG/ML Injection [Lanoxin]</td></tr><tr><td>309888</td><td>Digoxin 0.125 MG Oral Tablet [Lanoxin]</td></tr><tr><td>309889</td><td>Digoxin 0.25 MG Oral Tablet [Lanoxin]</td></tr><tr><td>1441567</td><td>Digoxin 0.1875 MG Oral Tablet [Lanoxin]</td></tr><tr><td>260350</td><td>Digoxin 0.125 MG Oral Tablet [Digitek]</td></tr><tr><td>260351</td><td>Digoxin 0.25 MG Oral Tablet [Digitek]</td></tr><tr><td>1245373</td><td>Digoxin 0.25 MG Oral Tablet [Digox]</td></tr><tr><td>1245443</td><td>Digoxin 0.125 MG Oral Tablet [Digox]</td></tr><tr><td>563545</td><td>Digoxin 0.0625 MG [Lanoxin]</td></tr><tr><td>568861</td><td>Digoxin 0.1 MG/ML [Lanoxin]</td></tr><tr><td>568863</td><td>Digoxin 0.25 MG/ML [Lanoxin]</td></tr><tr><td>575108</td><td>Digoxin 0.125 MG [Lanoxin]</td></tr><tr><td>575109</td><td>Digoxin 0.25 MG [Lanoxin]</td></tr><tr><td>1490916</td><td>Digoxin 0.1875 MG [Lanoxin]</td></tr><tr><td>574141</td><td>Digoxin 0.125 MG [Digitek]</td></tr><tr><td>574142</td><td>Digoxin 0.25 MG [Digitek]</td></tr><tr><td>1245369</td><td>Digoxin 0.25 MG [Digox]</td></tr><tr><td>1245442</td><td>Digoxin 0.125 MG [Digox]</td></tr><tr><td>367682</td><td>Digoxin Oral Tablet [Lanoxin]</td></tr><tr><td>368237</td><td>Digoxin Oral Tablet [Digitek]</td></tr><tr><td>1743560</td><td>Digoxin Injection [Lanoxin]</td></tr><tr><td>1245370</td><td>Digoxin Oral Tablet [Digox]</td></tr><tr><td>104208</td><td>2 ML Digoxin 0.25 MG/ML Injection</td></tr><tr><td>197604</td><td>Digoxin 0.125 MG Oral Tablet</td></tr><tr><td>197605</td><td>Digoxin 0.2 MG Oral Capsule</td></tr><tr><td>197606</td><td>Digoxin 0.25 MG Oral Tablet</td></tr><tr><td>237165</td><td>Digoxin 0.05 MG Oral Capsule</td></tr><tr><td>237166</td><td>Digoxin 0.1 MG Oral Capsule</td></tr><tr><td>393245</td><td>Digoxin 0.05 MG/ML Oral Solution</td></tr><tr><td>204504</td><td>1 ML Digoxin 0.1 MG/ML Injection</td></tr><tr><td>245273</td><td>Digoxin 0.0625 MG Oral Tablet</td></tr><tr><td>1441565</td><td>Digoxin 0.1875 MG Oral Tablet</td></tr><tr><td>315816</td><td>Digoxin 0.05 MG</td></tr><tr><td>315817</td><td>Digoxin 0.05 MG/ML</td></tr><tr><td>315818</td><td>Digoxin 0.1 MG</td></tr><tr><td>315819</td><td>Digoxin 0.125 MG</td></tr><tr><td>315820</td><td>Digoxin 0.2 MG</td></tr><tr><td>315821</td><td>Digoxin 0.25 MG</td></tr><tr><td>315822</td><td>Digoxin 0.25 MG/ML</td></tr><tr><td>317356</td><td>Digoxin 0.1 MG/ML</td></tr><tr><td>333033</td><td>Digoxin 0.0625 MG</td></tr><tr><td>1490914</td><td>Digoxin 0.1875 MG</td></tr><tr><td>371830</td><td>Digoxin Oral Capsule</td></tr><tr><td>371833</td><td>Digoxin Oral Solution</td></tr><tr><td>371834</td><td>Digoxin Oral Tablet</td></tr><tr><td>1743558</td><td>Digoxin Injection</td></tr><tr><td>1151519</td><td>Digoxin Injectable Product</td></tr><tr><td>1151520</td><td>Digoxin Oral Liquid Product</td></tr><tr><td>1151521</td><td>Digoxin Oral Product</td></tr><tr><td>1151522</td><td>Digoxin Pill</td></tr><tr><td>1168850</td><td>Digitek Oral Product</td></tr><tr><td>1168851</td><td>Digitek Pill</td></tr><tr><td>1175613</td><td>Lanoxin Injectable Product</td></tr><tr><td>1175615</td><td>Lanoxin Oral Product</td></tr><tr><td>1175618</td><td>Lanoxin Pill</td></tr><tr><td>1245371</td><td>Digox Oral Product</td></tr><tr><td>1245372</td><td>Digox Pill</td></tr></table></li></ul></div>"},"url":"http://hl7.org/fhir/uv/pddi/ValueSet/valueset-digoxin","version":"1.0.0-ballot","name":"Valueset_digoxin","title":"Digoxin Medications Value Set","status":"draft","experimental":true,"date":"2018-07-28","publisher":"HL7 Clinical Decision Support Workgroup","contact":[{"telecom":[{"system":"url","value":"http://hl7.org/Special/committees/dss"}]}],"description":"ValueSet containing drug identifiers for digoxin.","jurisdiction":[{"coding":[{"system":"http://unstats.un.org/unsd/methods/m49/m49.htm","code":"001"}]}],"copyright":"(copyright expectations unknown)","compose":{"include":[{"system":"http://www.nlm.nih.gov/research/umls/rxnorm","concept":[{"code":"202988","display":"Lanoxin"},{"code":"261504","display":"Digitek"},{"code":"1245368","display":"Digox"},{"code":"3407","display":"Digoxin"},{"code":"104206","display":"Digoxin 0.0625 MG Oral Tablet [Lanoxin]"},{"code":"208135","display":"1 ML Digoxin 0.1 MG/ML Injection [Lanoxin]"},{"code":"208137","display":"2 ML Digoxin 0.25 MG/ML Injection [Lanoxin]"},{"code":"309888","display":"Digoxin 0.125 MG Oral Tablet [Lanoxin]"},{"code":"309889","display":"Digoxin 0.25 MG Oral Tablet [Lanoxin]"},{"code":"1441567","display":"Digoxin 0.1875 MG Oral Tablet [Lanoxin]"},{"code":"260350","display":"Digoxin 0.125 MG Oral Tablet [Digitek]"},{"code":"260351","display":"Digoxin 0.25 MG Oral Tablet [Digitek]"},{"code":"1245373","display":"Digoxin 0.25 MG Oral Tablet [Digox]"},{"code":"1245443","display":"Digoxin 0.125 MG Oral Tablet [Digox]"},{"code":"563545","display":"Digoxin 0.0625 MG [Lanoxin]"},{"code":"568861","display":"Digoxin 0.1 MG/ML [Lanoxin]"},{"code":"568863","display":"Digoxin 0.25 MG/ML [Lanoxin]"},{"code":"575108","display":"Digoxin 0.125 MG [Lanoxin]"},{"code":"575109","display":"Digoxin 0.25 MG [Lanoxin]"},{"code":"1490916","display":"Digoxin 0.1875 MG [Lanoxin]"},{"code":"574141","display":"Digoxin 0.125 MG [Digitek]"},{"code":"574142","display":"Digoxin 0.25 MG [Digitek]"},{"code":"1245369","display":"Digoxin 0.25 MG [Digox]"},{"code":"1245442","display":"Digoxin 0.125 MG [Digox]"},{"code":"367682","display":"Digoxin Oral Tablet [Lanoxin]"},{"code":"368237","display":"Digoxin Oral Tablet [Digitek]"},{"code":"1743560","display":"Digoxin Injection [Lanoxin]"},{"code":"1245370","display":"Digoxin Oral Tablet [Digox]"},{"code":"104208","display":"2 ML Digoxin 0.25 MG/ML Injection"},{"code":"197604","display":"Digoxin 0.125 MG Oral Tablet"},{"code":"197605","display":"Digoxin 0.2 MG Oral Capsule"},{"code":"197606","display":"Digoxin 0.25 MG Oral Tablet"},{"code":"237165","display":"Digoxin 0.05 MG Oral Capsule"},{"code":"237166","display":"Digoxin 0.1 MG Oral Capsule"},{"code":"393245","display":"Digoxin 0.05 MG/ML Oral Solution"},{"code":"204504","display":"1 ML Digoxin 0.1 MG/ML Injection"},{"code":"245273","display":"Digoxin 0.0625 MG Oral Tablet"},{"code":"1441565","display":"Digoxin 0.1875 MG Oral Tablet"},{"code":"315816","display":"Digoxin 0.05 MG"},{"code":"315817","display":"Digoxin 0.05 MG/ML"},{"code":"315818","display":"Digoxin 0.1 MG"},{"code":"315819","display":"Digoxin 0.125 MG"},{"code":"315820","display":"Digoxin 0.2 MG"},{"code":"315821","display":"Digoxin 0.25 MG"},{"code":"315822","display":"Digoxin 0.25 MG/ML"},{"code":"317356","display":"Digoxin 0.1 MG/ML"},{"code":"333033","display":"Digoxin 0.0625 MG"},{"code":"1490914","display":"Digoxin 0.1875 MG"},{"code":"371830","display":"Digoxin Oral Capsule"},{"code":"371833","display":"Digoxin Oral Solution"},{"code":"371834","display":"Digoxin Oral Tablet"},{"code":"1743558","display":"Digoxin Injection"},{"code":"1151519","display":"Digoxin Injectable Product"},{"code":"1151520","display":"Digoxin Oral Liquid Product"},{"code":"1151521","display":"Digoxin Oral Product"},{"code":"1151522","display":"Digoxin Pill"},{"code":"1168850","display":"Digitek Oral Product"},{"code":"1168851","display":"Digitek Pill"},{"code":"1175613","display":"Lanoxin Injectable Product"},{"code":"1175615","display":"Lanoxin Oral Product"},{"code":"1175618","display":"Lanoxin Pill"},{"code":"1245371","display":"Digox Oral Product"},{"code":"1245372","display":"Digox Pill"}]}]}}