{"resourceType":"ValueSet","id":"valueset-methylprednisolone","text":{"status":"generated","div":"<div xmlns=\"http://www.w3.org/1999/xhtml\"><ul><li>Include these codes as defined in <a href=\"http://www.nlm.nih.gov/research/umls/rxnorm\"><code>http://www.nlm.nih.gov/research/umls/rxnorm</code></a><table class=\"none\"><tr><td style=\"white-space:nowrap\"><b>Code</b></td><td><b>Display</b></td></tr><tr><td>1100388</td><td>HybriSil</td></tr><tr><td>202702</td><td>Medrol</td></tr><tr><td>203856</td><td>Solu-Medrol</td></tr><tr><td>203857</td><td>A-MethaPred</td></tr><tr><td>22584</td><td>Depo-Medrol</td></tr><tr><td>834023</td><td>{21 (Methylprednisolone 4 MG Oral Tablet [Medrol]) } Pack                     [Medrol Dosepak]</td></tr><tr><td>762675</td><td>{21 (Methylprednisolone 4 MG Oral Tablet) } Pack</td></tr><tr><td>6902</td><td>Methylprednisolone</td></tr><tr><td>1008080</td><td>Aspirin / Methylprednisolone</td></tr><tr><td>106991</td><td>Lidocaine / Methylprednisolone</td></tr><tr><td>107005</td><td>Methylprednisolone / Neomycin</td></tr><tr><td>155323</td><td>methylprednisolone acetate</td></tr><tr><td>203189</td><td>Methylprednisolone Sodium Succinate</td></tr><tr><td>29917</td><td>methylprednisolone sodium phosphate</td></tr><tr><td>62136</td><td>methylprednisolone aceponate</td></tr><tr><td>1100391</td><td>methylprednisolone acetate 0.01 MG/MG Topical Gel [HybriSil]</td></tr><tr><td>207136</td><td>Methylprednisolone 2 MG Oral Tablet [Medrol]</td></tr><tr><td>207137</td><td>Methylprednisolone 8 MG Oral Tablet [Medrol]</td></tr><tr><td>207138</td><td>Methylprednisolone 16 MG Oral Tablet [Medrol]</td></tr><tr><td>207141</td><td>Methylprednisolone 32 MG Oral Tablet [Medrol]</td></tr><tr><td>260330</td><td>Methylprednisolone 4 MG Oral Tablet [Medrol]</td></tr><tr><td>207190</td><td>Methylprednisolone 40 MG Injection [A-MethaPred]</td></tr><tr><td>207191</td><td>Methylprednisolone 40 MG Injection [Solu-Medrol]</td></tr><tr><td>207192</td><td>Methylprednisolone 125 MG Injection [A-MethaPred]</td></tr><tr><td>207193</td><td>Methylprednisolone 62.5 MG/ML Injectable Solution [Solu-Medrol]</td></tr><tr><td>1357888</td><td>Methylprednisolone 2000 MG Injection [Solu-Medrol]</td></tr><tr><td>1743707</td><td>Methylprednisolone 125 MG Injection [Solu-Medrol]</td></tr><tr><td>1743722</td><td>Methylprednisolone 500 MG Injection [Solu-Medrol]</td></tr><tr><td>1743729</td><td>Methylprednisolone 1000 MG Injection [Solu-Medrol]</td></tr><tr><td>1358512</td><td>methylprednisolone acetate 20 MG/ML Injectable Suspension [Depo-Medrol]</td></tr><tr><td>1358612</td><td>methylprednisolone acetate 40 MG/ML Injectable Suspension [Depo-Medrol]</td></tr><tr><td>1358619</td><td>methylprednisolone acetate 80 MG/ML Injectable Suspension [Depo-Medrol]</td></tr><tr><td>1743781</td><td>1 ML methylprednisolone acetate 40 MG/ML Injection [Depo-Medrol]</td></tr><tr><td>1743856</td><td>1 ML methylprednisolone acetate 80 MG/ML Injection [Depo-Medrol]</td></tr><tr><td>1100389</td><td>methylprednisolone acetate 0.01 MG/MG [HybriSil]</td></tr><tr><td>567927</td><td>Methylprednisolone 2 MG [Medrol]</td></tr><tr><td>567928</td><td>Methylprednisolone 8 MG [Medrol]</td></tr><tr><td>567929</td><td>Methylprednisolone 16 MG [Medrol]</td></tr><tr><td>567932</td><td>Methylprednisolone 32 MG [Medrol]</td></tr><tr><td>574125</td><td>Methylprednisolone 4 MG [Medrol]</td></tr><tr><td>567984</td><td>Methylprednisolone 62.5 MG/ML [Solu-Medrol]</td></tr><tr><td>1743705</td><td>Methylprednisolone 125 MG [Solu-Medrol]</td></tr><tr><td>1743721</td><td>Methylprednisolone 500 MG [Solu-Medrol]</td></tr><tr><td>1743727</td><td>Methylprednisolone 1000 MG [Solu-Medrol]</td></tr><tr><td>1744015</td><td>Methylprednisolone 2000 MG [Solu-Medrol]</td></tr><tr><td>1744018</td><td>Methylprednisolone 40 MG [Solu-Medrol]</td></tr><tr><td>1744020</td><td>Methylprednisolone 40 MG [A-MethaPred]</td></tr><tr><td>1744024</td><td>Methylprednisolone 125 MG [A-MethaPred]</td></tr><tr><td>1358511</td><td>methylprednisolone acetate 20 MG/ML [Depo-Medrol]</td></tr><tr><td>1358611</td><td>methylprednisolone acetate 40 MG/ML [Depo-Medrol]</td></tr><tr><td>1358618</td><td>methylprednisolone acetate 80 MG/ML [Depo-Medrol]</td></tr><tr><td>1100390</td><td>Methylprednisolone Topical Gel [HybriSil]</td></tr><tr><td>368772</td><td>Methylprednisolone Oral Tablet [Medrol]</td></tr><tr><td>362772</td><td>Methylprednisolone Injectable Solution [Solu-Medrol]</td></tr><tr><td>365570</td><td>Methylprednisolone Injectable Suspension [Depo-Medrol]</td></tr><tr><td>1743706</td><td>Methylprednisolone Injection [Solu-Medrol]</td></tr><tr><td>1744021</td><td>Methylprednisolone Injection [A-MethaPred]</td></tr><tr><td>1743780</td><td>Methylprednisolone Injection [Depo-Medrol]</td></tr><tr><td>1358506</td><td>methylprednisolone acetate 0.0025 MG/MG Topical Ointment</td></tr><tr><td>1100387</td><td>methylprednisolone acetate 0.01 MG/MG Topical Gel</td></tr><tr><td>197969</td><td>Methylprednisolone 2 MG Oral Tablet</td></tr><tr><td>197971</td><td>Methylprednisolone 32 MG Oral Tablet</td></tr><tr><td>197973</td><td>Methylprednisolone 8 MG Oral Tablet</td></tr><tr><td>259966</td><td>Methylprednisolone 4 MG Oral Tablet</td></tr><tr><td>328161</td><td>Methylprednisolone 16 MG Oral Tablet</td></tr><tr><td>311659</td><td>Methylprednisolone 40 MG Injection</td></tr><tr><td>199771</td><td>Methylprednisolone 100 MG Oral Tablet</td></tr><tr><td>314099</td><td>Methylprednisolone 62.5 MG/ML Injectable Solution</td></tr><tr><td>105404</td><td>Methylprednisolone 50 MG/ML Injectable Solution</td></tr><tr><td>1358498</td><td>Lidocaine Hydrochloride 10 MG/ML / methylprednisolone                     acetate 40 MG/ML Injectable Suspension</td></tr><tr><td>1358510</td><td>methylprednisolone acetate 20 MG/ML Injectable Suspension</td></tr><tr><td>1358610</td><td>methylprednisolone acetate 40 MG/ML Injectable Suspension</td></tr><tr><td>1358617</td><td>methylprednisolone acetate 80 MG/ML Injectable Suspension</td></tr><tr><td>1743779</td><td>1 ML methylprednisolone acetate 40 MG/ML Injection</td></tr><tr><td>1743855</td><td>1 ML methylprednisolone acetate 80 MG/ML Injection</td></tr><tr><td>1357886</td><td>Methylprednisolone 2000 MG Injection</td></tr><tr><td>1743704</td><td>Methylprednisolone 125 MG Injection</td></tr><tr><td>1743720</td><td>Methylprednisolone 500 MG Injection</td></tr><tr><td>1743726</td><td>Methylprednisolone 1000 MG Injection</td></tr><tr><td>1358499</td><td>methylprednisolone acetate 0.0025 MG/MG</td></tr><tr><td>1100385</td><td>methylprednisolone acetate 0.01 MG/MG</td></tr><tr><td>316285</td><td>Methylprednisolone 2 MG</td></tr><tr><td>316287</td><td>Methylprednisolone 32 MG</td></tr><tr><td>316288</td><td>Methylprednisolone 8 MG</td></tr><tr><td>317426</td><td>Methylprednisolone 16 MG</td></tr><tr><td>317427</td><td>Methylprednisolone 4 MG</td></tr><tr><td>330037</td><td>Methylprednisolone 40 MG</td></tr><tr><td>332216</td><td>Methylprednisolone 100 MG</td></tr><tr><td>346173</td><td>Methylprednisolone 62.5 MG/ML</td></tr><tr><td>360536</td><td>Methylprednisolone 50 MG/ML</td></tr><tr><td>1358496</td><td>methylprednisolone acetate 40 MG/ML</td></tr><tr><td>1358509</td><td>methylprednisolone acetate 20 MG/ML</td></tr><tr><td>1358616</td><td>methylprednisolone acetate 80 MG/ML</td></tr><tr><td>1743702</td><td>Methylprednisolone 125 MG</td></tr><tr><td>1743719</td><td>Methylprednisolone 500 MG</td></tr><tr><td>1743725</td><td>Methylprednisolone 1000 MG</td></tr><tr><td>1744013</td><td>Methylprednisolone 2000 MG</td></tr><tr><td>1100386</td><td>Methylprednisolone Topical Gel</td></tr><tr><td>372866</td><td>Methylprednisolone Injectable Suspension</td></tr><tr><td>372868</td><td>Methylprednisolone Oral Tablet</td></tr><tr><td>376656</td><td>Methylprednisolone Injectable Solution</td></tr><tr><td>1358497</td><td>Lidocaine / Methylprednisolone Injectable Suspension</td></tr><tr><td>1743703</td><td>Methylprednisolone Injection</td></tr><tr><td>372863</td><td>Methylprednisolone Topical Ointment</td></tr><tr><td>1163486</td><td>Methylprednisolone Injectable Product</td></tr><tr><td>1163488</td><td>Methylprednisolone Oral Product</td></tr><tr><td>1163489</td><td>Methylprednisolone Pill</td></tr><tr><td>1163491</td><td>Methylprednisolone Topical Product</td></tr><tr><td>1164046</td><td>Lidocaine / Methylprednisolone Injectable Product</td></tr><tr><td>1165881</td><td>A-MethaPred Injectable Product</td></tr><tr><td>1172713</td><td>HybriSil Topical Product</td></tr><tr><td>1173110</td><td>Depo-Medrol Injectable Product</td></tr><tr><td>1183796</td><td>Medrol Oral Product</td></tr><tr><td>1183797</td><td>Medrol Pill</td></tr><tr><td>1184840</td><td>Solu-Medrol Injectable Product</td></tr></table></li></ul></div>"},"url":"http://hl7.org/fhir/uv/pddi/ValueSet/valueset-methylprednisolone","version":"1.0.0-ballot","name":"Valueset_methylprednisolone","title":"Methylprednisolone Medications Value Set","status":"draft","experimental":true,"date":"2018-07-02","publisher":"HL7 Clinical Decision Support Workgroup","contact":[{"telecom":[{"system":"url","value":"http://hl7.org/Special/committees/dss"}]}],"description":"ValueSet containing drug identifiers for methylprednisolone.","jurisdiction":[{"coding":[{"system":"http://unstats.un.org/unsd/methods/m49/m49.htm","code":"001"}]}],"copyright":"(copyright expectations unknown)","compose":{"include":[{"system":"http://www.nlm.nih.gov/research/umls/rxnorm","concept":[{"code":"1100388","display":"HybriSil"},{"code":"202702","display":"Medrol"},{"code":"203856","display":"Solu-Medrol"},{"code":"203857","display":"A-MethaPred"},{"code":"22584","display":"Depo-Medrol"},{"code":"834023","display":"{21 (Methylprednisolone 4 MG Oral Tablet [Medrol]) } Pack                     [Medrol Dosepak]"},{"code":"762675","display":"{21 (Methylprednisolone 4 MG Oral Tablet) } Pack"},{"code":"6902","display":"Methylprednisolone"},{"code":"1008080","display":"Aspirin / Methylprednisolone"},{"code":"106991","display":"Lidocaine / Methylprednisolone"},{"code":"107005","display":"Methylprednisolone / Neomycin"},{"code":"155323","display":"methylprednisolone acetate"},{"code":"203189","display":"Methylprednisolone Sodium Succinate"},{"code":"29917","display":"methylprednisolone sodium phosphate"},{"code":"62136","display":"methylprednisolone aceponate"},{"code":"1100391","display":"methylprednisolone acetate 0.01 MG/MG Topical Gel [HybriSil]"},{"code":"207136","display":"Methylprednisolone 2 MG Oral Tablet [Medrol]"},{"code":"207137","display":"Methylprednisolone 8 MG Oral Tablet [Medrol]"},{"code":"207138","display":"Methylprednisolone 16 MG Oral Tablet [Medrol]"},{"code":"207141","display":"Methylprednisolone 32 MG Oral Tablet [Medrol]"},{"code":"260330","display":"Methylprednisolone 4 MG Oral Tablet [Medrol]"},{"code":"207190","display":"Methylprednisolone 40 MG Injection [A-MethaPred]"},{"code":"207191","display":"Methylprednisolone 40 MG Injection [Solu-Medrol]"},{"code":"207192","display":"Methylprednisolone 125 MG Injection [A-MethaPred]"},{"code":"207193","display":"Methylprednisolone 62.5 MG/ML Injectable Solution [Solu-Medrol]"},{"code":"1357888","display":"Methylprednisolone 2000 MG Injection [Solu-Medrol]"},{"code":"1743707","display":"Methylprednisolone 125 MG Injection [Solu-Medrol]"},{"code":"1743722","display":"Methylprednisolone 500 MG Injection [Solu-Medrol]"},{"code":"1743729","display":"Methylprednisolone 1000 MG Injection [Solu-Medrol]"},{"code":"1358512","display":"methylprednisolone acetate 20 MG/ML Injectable Suspension [Depo-Medrol]"},{"code":"1358612","display":"methylprednisolone acetate 40 MG/ML Injectable Suspension [Depo-Medrol]"},{"code":"1358619","display":"methylprednisolone acetate 80 MG/ML Injectable Suspension [Depo-Medrol]"},{"code":"1743781","display":"1 ML methylprednisolone acetate 40 MG/ML Injection [Depo-Medrol]"},{"code":"1743856","display":"1 ML methylprednisolone acetate 80 MG/ML Injection [Depo-Medrol]"},{"code":"1100389","display":"methylprednisolone acetate 0.01 MG/MG [HybriSil]"},{"code":"567927","display":"Methylprednisolone 2 MG [Medrol]"},{"code":"567928","display":"Methylprednisolone 8 MG [Medrol]"},{"code":"567929","display":"Methylprednisolone 16 MG [Medrol]"},{"code":"567932","display":"Methylprednisolone 32 MG [Medrol]"},{"code":"574125","display":"Methylprednisolone 4 MG [Medrol]"},{"code":"567984","display":"Methylprednisolone 62.5 MG/ML [Solu-Medrol]"},{"code":"1743705","display":"Methylprednisolone 125 MG [Solu-Medrol]"},{"code":"1743721","display":"Methylprednisolone 500 MG [Solu-Medrol]"},{"code":"1743727","display":"Methylprednisolone 1000 MG [Solu-Medrol]"},{"code":"1744015","display":"Methylprednisolone 2000 MG [Solu-Medrol]"},{"code":"1744018","display":"Methylprednisolone 40 MG [Solu-Medrol]"},{"code":"1744020","display":"Methylprednisolone 40 MG [A-MethaPred]"},{"code":"1744024","display":"Methylprednisolone 125 MG [A-MethaPred]"},{"code":"1358511","display":"methylprednisolone acetate 20 MG/ML [Depo-Medrol]"},{"code":"1358611","display":"methylprednisolone acetate 40 MG/ML [Depo-Medrol]"},{"code":"1358618","display":"methylprednisolone acetate 80 MG/ML [Depo-Medrol]"},{"code":"1100390","display":"Methylprednisolone Topical Gel [HybriSil]"},{"code":"368772","display":"Methylprednisolone Oral Tablet [Medrol]"},{"code":"362772","display":"Methylprednisolone Injectable Solution [Solu-Medrol]"},{"code":"365570","display":"Methylprednisolone Injectable Suspension [Depo-Medrol]"},{"code":"1743706","display":"Methylprednisolone Injection [Solu-Medrol]"},{"code":"1744021","display":"Methylprednisolone Injection [A-MethaPred]"},{"code":"1743780","display":"Methylprednisolone Injection [Depo-Medrol]"},{"code":"1358506","display":"methylprednisolone acetate 0.0025 MG/MG Topical Ointment"},{"code":"1100387","display":"methylprednisolone acetate 0.01 MG/MG Topical Gel"},{"code":"197969","display":"Methylprednisolone 2 MG Oral Tablet"},{"code":"197971","display":"Methylprednisolone 32 MG Oral Tablet"},{"code":"197973","display":"Methylprednisolone 8 MG Oral Tablet"},{"code":"259966","display":"Methylprednisolone 4 MG Oral Tablet"},{"code":"328161","display":"Methylprednisolone 16 MG Oral Tablet"},{"code":"311659","display":"Methylprednisolone 40 MG Injection"},{"code":"199771","display":"Methylprednisolone 100 MG Oral Tablet"},{"code":"314099","display":"Methylprednisolone 62.5 MG/ML Injectable Solution"},{"code":"105404","display":"Methylprednisolone 50 MG/ML Injectable Solution"},{"code":"1358498","display":"Lidocaine Hydrochloride 10 MG/ML / methylprednisolone                     acetate 40 MG/ML Injectable Suspension"},{"code":"1358510","display":"methylprednisolone acetate 20 MG/ML Injectable Suspension"},{"code":"1358610","display":"methylprednisolone acetate 40 MG/ML Injectable Suspension"},{"code":"1358617","display":"methylprednisolone acetate 80 MG/ML Injectable Suspension"},{"code":"1743779","display":"1 ML methylprednisolone acetate 40 MG/ML Injection"},{"code":"1743855","display":"1 ML methylprednisolone acetate 80 MG/ML Injection"},{"code":"1357886","display":"Methylprednisolone 2000 MG Injection"},{"code":"1743704","display":"Methylprednisolone 125 MG Injection"},{"code":"1743720","display":"Methylprednisolone 500 MG Injection"},{"code":"1743726","display":"Methylprednisolone 1000 MG Injection"},{"code":"1358499","display":"methylprednisolone acetate 0.0025 MG/MG"},{"code":"1100385","display":"methylprednisolone acetate 0.01 MG/MG"},{"code":"316285","display":"Methylprednisolone 2 MG"},{"code":"316287","display":"Methylprednisolone 32 MG"},{"code":"316288","display":"Methylprednisolone 8 MG"},{"code":"317426","display":"Methylprednisolone 16 MG"},{"code":"317427","display":"Methylprednisolone 4 MG"},{"code":"330037","display":"Methylprednisolone 40 MG"},{"code":"332216","display":"Methylprednisolone 100 MG"},{"code":"346173","display":"Methylprednisolone 62.5 MG/ML"},{"code":"360536","display":"Methylprednisolone 50 MG/ML"},{"code":"1358496","display":"methylprednisolone acetate 40 MG/ML"},{"code":"1358509","display":"methylprednisolone acetate 20 MG/ML"},{"code":"1358616","display":"methylprednisolone acetate 80 MG/ML"},{"code":"1743702","display":"Methylprednisolone 125 MG"},{"code":"1743719","display":"Methylprednisolone 500 MG"},{"code":"1743725","display":"Methylprednisolone 1000 MG"},{"code":"1744013","display":"Methylprednisolone 2000 MG"},{"code":"1100386","display":"Methylprednisolone Topical Gel"},{"code":"372866","display":"Methylprednisolone Injectable Suspension"},{"code":"372868","display":"Methylprednisolone Oral Tablet"},{"code":"376656","display":"Methylprednisolone Injectable Solution"},{"code":"1358497","display":"Lidocaine / Methylprednisolone Injectable Suspension"},{"code":"1743703","display":"Methylprednisolone Injection"},{"code":"372863","display":"Methylprednisolone Topical Ointment"},{"code":"1163486","display":"Methylprednisolone Injectable Product"},{"code":"1163488","display":"Methylprednisolone Oral Product"},{"code":"1163489","display":"Methylprednisolone Pill"},{"code":"1163491","display":"Methylprednisolone Topical Product"},{"code":"1164046","display":"Lidocaine / Methylprednisolone Injectable Product"},{"code":"1165881","display":"A-MethaPred Injectable Product"},{"code":"1172713","display":"HybriSil Topical Product"},{"code":"1173110","display":"Depo-Medrol Injectable Product"},{"code":"1183796","display":"Medrol Oral Product"},{"code":"1183797","display":"Medrol Pill"},{"code":"1184840","display":"Solu-Medrol Injectable Product"}]}]}}