{"resourceType":"ValueSet","id":"valueset-dexlansoprazole","text":{"status":"generated","div":"<div xmlns=\"http://www.w3.org/1999/xhtml\"><ul><li>Include these codes as defined in <a href=\"http://www.nlm.nih.gov/research/umls/rxnorm\"><code>http://www.nlm.nih.gov/research/umls/rxnorm</code></a><table class=\"none\"><tr><td style=\"white-space:nowrap\"><b>Code</b></td><td><b>Display</b></td></tr><tr><td>902621</td><td>Dexilant</td></tr><tr><td>816346</td><td>dexlansoprazole</td></tr><tr><td>902624</td><td>dexlansoprazole 30 MG Delayed Release Oral Capsule [Dexilant]</td></tr><tr><td>902626</td><td>dexlansoprazole 60 MG Delayed Release Oral Capsule [Dexilant]</td></tr><tr><td>1736034</td><td>dexlansoprazole 30 MG Disintegrating Oral Tablet [Dexilant]</td></tr><tr><td>902622</td><td>dexlansoprazole 30 MG [Dexilant]</td></tr><tr><td>902625</td><td>dexlansoprazole 60 MG [Dexilant]</td></tr><tr><td>902623</td><td>dexlansoprazole Delayed Release Oral Capsule [Dexilant]</td></tr><tr><td>1736032</td><td>dexlansoprazole Disintegrating Oral Tablet [Dexilant]</td></tr><tr><td>833204</td><td>dexlansoprazole 30 MG Delayed Release Oral Capsule</td></tr><tr><td>833213</td><td>dexlansoprazole 60 MG Delayed Release Oral Capsule</td></tr><tr><td>1736031</td><td>dexlansoprazole 30 MG Disintegrating Oral Tablet</td></tr><tr><td>833202</td><td>dexlansoprazole 30 MG</td></tr><tr><td>833212</td><td>dexlansoprazole 60 MG</td></tr><tr><td>833203</td><td>dexlansoprazole Delayed Release Oral Capsule</td></tr><tr><td>1736030</td><td>dexlansoprazole Disintegrating Oral Tablet</td></tr><tr><td>1157800</td><td>dexlansoprazole Oral Product</td></tr><tr><td>1157801</td><td>dexlansoprazole Pill</td></tr><tr><td>1736029</td><td>dexlansoprazole Disintegrating Oral Product</td></tr><tr><td>1175841</td><td>Dexilant Oral Product</td></tr><tr><td>1175842</td><td>Dexilant Pill</td></tr><tr><td>1736033</td><td>Dexilant Disintegrating Oral Product</td></tr></table></li></ul></div>"},"url":"http://hl7.org/fhir/uv/pddi/ValueSet/valueset-dexlansoprazole","version":"1.0.0-ballot","name":"Valueset_dexlansoprazole","title":"Dexlansoprazole Medications Value Set","status":"draft","experimental":true,"date":"2018-07-02","publisher":"HL7 Clinical Decision Support Workgroup","contact":[{"telecom":[{"system":"url","value":"http://hl7.org/Special/committees/dss"}]}],"description":"ValueSet containing drug identifiers for dexlansoprazole.","jurisdiction":[{"coding":[{"system":"http://unstats.un.org/unsd/methods/m49/m49.htm","code":"001"}]}],"copyright":"(copyright expectations unknown)","compose":{"include":[{"system":"http://www.nlm.nih.gov/research/umls/rxnorm","concept":[{"code":"902621","display":"Dexilant"},{"code":"816346","display":"dexlansoprazole"},{"code":"902624","display":"dexlansoprazole 30 MG Delayed Release Oral Capsule [Dexilant]"},{"code":"902626","display":"dexlansoprazole 60 MG Delayed Release Oral Capsule [Dexilant]"},{"code":"1736034","display":"dexlansoprazole 30 MG Disintegrating Oral Tablet [Dexilant]"},{"code":"902622","display":"dexlansoprazole 30 MG [Dexilant]"},{"code":"902625","display":"dexlansoprazole 60 MG [Dexilant]"},{"code":"902623","display":"dexlansoprazole Delayed Release Oral Capsule [Dexilant]"},{"code":"1736032","display":"dexlansoprazole Disintegrating Oral Tablet [Dexilant]"},{"code":"833204","display":"dexlansoprazole 30 MG Delayed Release Oral Capsule"},{"code":"833213","display":"dexlansoprazole 60 MG Delayed Release Oral Capsule"},{"code":"1736031","display":"dexlansoprazole 30 MG Disintegrating Oral Tablet"},{"code":"833202","display":"dexlansoprazole 30 MG"},{"code":"833212","display":"dexlansoprazole 60 MG"},{"code":"833203","display":"dexlansoprazole Delayed Release Oral Capsule"},{"code":"1736030","display":"dexlansoprazole Disintegrating Oral Tablet"},{"code":"1157800","display":"dexlansoprazole Oral Product"},{"code":"1157801","display":"dexlansoprazole Pill"},{"code":"1736029","display":"dexlansoprazole Disintegrating Oral Product"},{"code":"1175841","display":"Dexilant Oral Product"},{"code":"1175842","display":"Dexilant Pill"},{"code":"1736033","display":"Dexilant Disintegrating Oral Product"}]}]}}