{"resourceType":"ValueSet","id":"valueset-flurbiprofen-exclude","text":{"status":"generated","div":"<div xmlns=\"http://www.w3.org/1999/xhtml\"><ul><li>Include these codes as defined in <a href=\"http://www.nlm.nih.gov/research/umls/rxnorm\"><code>http://www.nlm.nih.gov/research/umls/rxnorm</code></a><table class=\"none\"><tr><td style=\"white-space:nowrap\"><b>Code</b></td><td><b>Display</b></td></tr><tr><td>1243587</td><td>Flurbiprofen sodium 0.3 MG/ML Ophthalmic Solution [Ocufen]</td></tr><tr><td>363680</td><td>Flurbiprofen Ophthalmic Solution [Ocufen]</td></tr><tr><td>1243585</td><td>Flurbiprofen sodium 0.3 MG/ML Ophthalmic Solution</td></tr><tr><td>372246</td><td>Flurbiprofen Ophthalmic Solution</td></tr><tr><td>1161452</td><td>Flurbiprofen Ophthalmic Product</td></tr><tr><td>1180561</td><td>Ocufen Ophthalmic Product</td></tr></table></li></ul></div>"},"url":"http://hl7.org/fhir/uv/pddi/ValueSet/valueset-flurbiprofen-exclude","version":"1.0.0-ballot","name":"Valueset_flurbiprofen_exclude","title":"Exclude Flurbiprofen Medications Value Set","status":"draft","experimental":true,"date":"2018-07-02","publisher":"HL7 Clinical Decision Support Workgroup","contact":[{"telecom":[{"system":"url","value":"http://hl7.org/Special/committees/dss"}]}],"description":"ValueSet containing drug identifiers to exclude. Criteria is explicitly stating topical, gel, cream, ointment, otic, or ophthalmic formulations.","jurisdiction":[{"coding":[{"system":"http://unstats.un.org/unsd/methods/m49/m49.htm","code":"001"}]}],"purpose":"To refine valueset for Warfarin + NSAID PDDI-CDS","copyright":"(copyright expectations unknown)","compose":{"include":[{"system":"http://www.nlm.nih.gov/research/umls/rxnorm","concept":[{"code":"1243587","display":"Flurbiprofen sodium 0.3 MG/ML Ophthalmic Solution [Ocufen]"},{"code":"363680","display":"Flurbiprofen Ophthalmic Solution [Ocufen]"},{"code":"1243585","display":"Flurbiprofen sodium 0.3 MG/ML Ophthalmic Solution"},{"code":"372246","display":"Flurbiprofen Ophthalmic Solution"},{"code":"1161452","display":"Flurbiprofen Ophthalmic Product"},{"code":"1180561","display":"Ocufen Ophthalmic Product"}]}]}}