{"resourceType":"ValueSet","id":"valueset-paramethasone","text":{"status":"generated","div":"<div xmlns=\"http://www.w3.org/1999/xhtml\"><ul><li>Include these codes as defined in <a href=\"http://www.nlm.nih.gov/research/umls/rxnorm\"><code>http://www.nlm.nih.gov/research/umls/rxnorm</code></a><table class=\"none\"><tr><td style=\"white-space:nowrap\"><b>Code</b></td><td><b>Display</b></td></tr><tr><td>7910</td><td>Paramethasone</td></tr><tr><td>32895</td><td>paramethasone acetate</td></tr></table></li></ul></div>"},"url":"http://hl7.org/fhir/uv/pddi/ValueSet/valueset-paramethasone","version":"1.0.0-ballot","name":"Valueset_paramethasone","title":"Paramethasone Medications Value Set","status":"draft","experimental":true,"date":"2018-07-02","publisher":"HL7 Clinical Decision Support Workgroup","contact":[{"telecom":[{"system":"url","value":"http://hl7.org/Special/committees/dss"}]}],"description":"ValueSet containing drug identifiers for paramethasone.","jurisdiction":[{"coding":[{"system":"http://unstats.un.org/unsd/methods/m49/m49.htm","code":"001"}]}],"copyright":"(copyright expectations unknown)","compose":{"include":[{"system":"http://www.nlm.nih.gov/research/umls/rxnorm","concept":[{"code":"7910","display":"Paramethasone"},{"code":"32895","display":"paramethasone acetate"}]}]}}