{"resourceType":"ValueSet","id":"valueset-prednisolone","text":{"status":"generated","div":"<div xmlns=\"http://www.w3.org/1999/xhtml\"><ul><li>Include these codes as defined in <a href=\"http://www.nlm.nih.gov/research/umls/rxnorm\"><code>http://www.nlm.nih.gov/research/umls/rxnorm</code></a><table class=\"none\"><tr><td style=\"white-space:nowrap\"><b>Code</b></td><td><b>Display</b></td></tr><tr><td>202844</td><td>Pred Forte</td></tr><tr><td>202845</td><td>Pred Mild</td></tr><tr><td>215703</td><td>Blephamide</td></tr><tr><td>216840</td><td>Econopred</td></tr><tr><td>216841</td><td>Econopred Plus</td></tr><tr><td>219136</td><td>Pediapred</td></tr><tr><td>219339</td><td>Pred-G</td></tr><tr><td>219351</td><td>Prednisol</td></tr><tr><td>285077</td><td>Orapred</td></tr><tr><td>731217</td><td>Omnipred</td></tr><tr><td>792207</td><td>Flo-Pred</td></tr><tr><td>795094</td><td>MILLIPRED</td></tr><tr><td>824886</td><td>Veripred</td></tr><tr><td>891150</td><td>Surolan</td></tr><tr><td>897060</td><td>Temaril-P</td></tr><tr><td>1191678</td><td>Prednistab</td></tr><tr><td>1235042</td><td>{21 (prednisolone 5 MG Oral Tablet [MILLIPRED]) } Pack                     [Millipred DP 6 Day]</td></tr><tr><td>1005831</td><td>{48 (prednisolone 5 MG Oral Tablet [MILLIPRED]) } Pack                     [Millipred DP 12 Day]</td></tr><tr><td>1013114</td><td>{21 (prednisolone 5 MG Oral Tablet) } Pack</td></tr><tr><td>1005830</td><td>{48 (prednisolone 5 MG Oral Tablet) } Pack</td></tr><tr><td>8638</td><td>prednisolone</td></tr><tr><td>1007035</td><td>Dequalinium / polidocanol / prednisolone</td></tr><tr><td>1007257</td><td>Phenylephrine / prednisolone</td></tr><tr><td>1007260</td><td>Oxytetracycline / prednisolone</td></tr><tr><td>1007261</td><td>prednisolone / Rifamycins</td></tr><tr><td>1007263</td><td>Estradiol / prednisolone</td></tr><tr><td>1007264</td><td>Oxyquinoline / prednisolone</td></tr><tr><td>1007725</td><td>Idoxuridine / prednisolone</td></tr><tr><td>1007726</td><td>bisdequalinium / prednisolone</td></tr><tr><td>1008055</td><td>prednisolone / Trimeprazine</td></tr><tr><td>1008236</td><td>Chloramphenicol / prednisolone</td></tr><tr><td>1008241</td><td>prednisolone / Zinc Oxide</td></tr><tr><td>1008244</td><td>prednisolone / PROPYLENE GLYCOL SALICYLATE</td></tr><tr><td>1008245</td><td>Menthol / prednisolone / Thymol</td></tr><tr><td>1008247</td><td>Niacinamide / prednisolone</td></tr><tr><td>1008294</td><td>Miconazole / Polymyxin B / prednisolone</td></tr><tr><td>1008474</td><td>Clotrimazole / hexamidine / prednisolone</td></tr><tr><td>1008707</td><td>BISMUTH CHLORIDE OXIDE / prednisolone / Zinc Oxide</td></tr><tr><td>1008863</td><td>dexpanthenol / prednisolone / Salicylic Acid</td></tr><tr><td>1008864</td><td>polidocanol / prednisolone / Promethazine</td></tr><tr><td>1008890</td><td>Dibucaine / prednisolone</td></tr><tr><td>1009010</td><td>prednisolone / Salicylic Acid</td></tr><tr><td>689615</td><td>Atropine / prednisolone</td></tr><tr><td>689752</td><td>Phenylephrine / prednisolone / Sulfacetamide</td></tr><tr><td>690161</td><td>prednisolone / Sulfacetamide</td></tr><tr><td>693010</td><td>Neomycin / Polymyxin B / prednisolone</td></tr><tr><td>693011</td><td>Neomycin / prednisolone</td></tr><tr><td>689325</td><td>Gentamicin / prednisolone</td></tr><tr><td>268872</td><td>prednisolone sodium metasulphobenzoate</td></tr><tr><td>34372</td><td>prednisolone acetate</td></tr><tr><td>34374</td><td>prednisolone phosphate</td></tr><tr><td>34376</td><td>prednisolone tebutate</td></tr><tr><td>55062</td><td>Prednisolone sodium phosphate</td></tr><tr><td>55063</td><td>prednisolone sodium succinate</td></tr><tr><td>209002</td><td>prednisolone 1.2 MG/ML Ophthalmic Suspension [Pred Mild]</td></tr><tr><td>1548724</td><td>prednisolone acetate 10 MG/ML Ophthalmic Suspension [Pred Forte]</td></tr><tr><td>1011987</td><td>prednisolone acetate 0.002 MG/MG / Sulfacetamide Sodium 0.1                     MG/MG Ophthalmic Ointment [Blephamide]</td></tr><tr><td>1012017</td><td>prednisolone acetate 2 MG/ML / Sulfacetamide Sodium 100                     MG/ML Ophthalmic Suspension [Blephamide]</td></tr><tr><td>1548705</td><td>prednisolone acetate 10 MG/ML Ophthalmic Suspension                     [Econopred Plus]</td></tr><tr><td>1549317</td><td>prednisolone acetate 1.25 MG/ML Ophthalmic Suspension [Econopred]</td></tr><tr><td>205826</td><td>Gentamicin 3 MG/ML / prednisolone acetate 10 MG/ML                     Ophthalmic Suspension [Pred-G]</td></tr><tr><td>211755</td><td>prednisolone 10 MG/ML Ophthalmic Solution [Prednisol]</td></tr><tr><td>260285</td><td>Gentamicin 0.003 MG/MG / prednisolone acetate 0.006 MG/MG                     Ophthalmic Ointment [Pred-G]</td></tr><tr><td>260409</td><td>prednisolone 1 MG/ML Oral Solution [Pediapred]</td></tr><tr><td>284516</td><td>prednisolone 3 MG/ML Oral Solution [Orapred]</td></tr><tr><td>647127</td><td>prednisolone 15 MG Disintegrating Oral Tablet [Orapred]</td></tr><tr><td>668658</td><td>prednisolone 10 MG Disintegrating Oral Tablet [Orapred]</td></tr><tr><td>668660</td><td>prednisolone 30 MG Disintegrating Oral Tablet [Orapred]</td></tr><tr><td>1548714</td><td>prednisolone acetate 10 MG/ML Ophthalmic Suspension [Omnipred]</td></tr><tr><td>795097</td><td>prednisolone 2 MG/ML Oral Solution [MILLIPRED]</td></tr><tr><td>803308</td><td>prednisolone 3 MG/ML Oral Suspension [Flo-Pred]</td></tr><tr><td>808118</td><td>prednisolone 5 MG Oral Tablet [MILLIPRED]</td></tr><tr><td>824889</td><td>prednisolone 4 MG/ML Oral Solution [Veripred]</td></tr><tr><td>891153</td><td>Miconazole Nitrate 23 MG/ML / Polymyxin B Sulfate 0.5293                     MG/ML / prednisolone acetate 5 MG/ML Otic Suspension [Surolan]</td></tr><tr><td>897063</td><td>prednisolone 2 MG / trimeprazine tartrate 5 MG Oral Tablet [Temaril-P]</td></tr><tr><td>1191683</td><td>prednisolone 20 MG Oral Tablet [Prednistab]</td></tr><tr><td>1191686</td><td>prednisolone 5 MG Oral Tablet [Prednistab]</td></tr><tr><td>569642</td><td>prednisolone 1.2 MG/ML [Pred Mild]</td></tr><tr><td>1548723</td><td>prednisolone acetate 10 MG/ML [Pred Forte]</td></tr><tr><td>1011986</td><td>prednisolone acetate 0.002 MG/MG / Sulfacetamide Sodium 0.1                     MG/MG [Blephamide]</td></tr><tr><td>1012016</td><td>prednisolone acetate 2 MG/ML / Sulfacetamide Sodium 100                     MG/ML [Blephamide]</td></tr><tr><td>1548704</td><td>prednisolone acetate 10 MG/ML [Econopred Plus]</td></tr><tr><td>1549316</td><td>prednisolone acetate 1.25 MG/ML [Econopred]</td></tr><tr><td>572092</td><td>prednisolone 10 MG/ML [Prednisol]</td></tr><tr><td>574196</td><td>prednisolone 1 MG/ML [Pediapred]</td></tr><tr><td>1870659</td><td>Gentamicin 0.003 MG/MG / prednisolone acetate 0.006 MG/MG [Pred-G]</td></tr><tr><td>1870668</td><td>Gentamicin 3 MG/ML / prednisolone acetate 10 MG/ML [Pred-G]</td></tr><tr><td>574944</td><td>prednisolone 3 MG/ML [Orapred]</td></tr><tr><td>647125</td><td>prednisolone 15 MG [Orapred]</td></tr><tr><td>668657</td><td>prednisolone 10 MG [Orapred]</td></tr><tr><td>668659</td><td>prednisolone 30 MG [Orapred]</td></tr><tr><td>1548713</td><td>prednisolone acetate 10 MG/ML [Omnipred]</td></tr><tr><td>795095</td><td>prednisolone 2 MG/ML [MILLIPRED]</td></tr><tr><td>803306</td><td>prednisolone 3 MG/ML [Flo-Pred]</td></tr><tr><td>808116</td><td>prednisolone 5 MG [MILLIPRED]</td></tr><tr><td>824887</td><td>prednisolone 4 MG/ML [Veripred]</td></tr><tr><td>891151</td><td>Miconazole Nitrate 23 MG/ML / Polymyxin B Sulfate 0.5293                     MG/ML / prednisolone acetate 5 MG/ML [Surolan]</td></tr><tr><td>897061</td><td>prednisolone 2 MG / trimeprazine tartrate 5 MG [Temaril-P]</td></tr><tr><td>1191679</td><td>prednisolone 20 MG [Prednistab]</td></tr><tr><td>1191685</td><td>prednisolone 5 MG [Prednistab]</td></tr><tr><td>365822</td><td>prednisolone Ophthalmic Suspension [Pred Forte]</td></tr><tr><td>365832</td><td>prednisolone Ophthalmic Suspension [Pred Mild]</td></tr><tr><td>365841</td><td>prednisolone / Sulfacetamide Ophthalmic Suspension [Blephamide]</td></tr><tr><td>365821</td><td>prednisolone Ophthalmic Suspension [Econopred]</td></tr><tr><td>365831</td><td>prednisolone Ophthalmic Suspension [Econopred Plus]</td></tr><tr><td>363766</td><td>prednisolone Ophthalmic Solution [Prednisol]</td></tr><tr><td>364478</td><td>prednisolone Oral Solution [Orapred]</td></tr><tr><td>647126</td><td>prednisolone Disintegrating Oral Tablet [Orapred]</td></tr><tr><td>856820</td><td>prednisolone / Sulfacetamide Ophthalmic Ointment [Blephamide]</td></tr><tr><td>731219</td><td>prednisolone Ophthalmic Suspension [Omnipred]</td></tr><tr><td>803307</td><td>prednisolone Oral Suspension [Flo-Pred]</td></tr><tr><td>808117</td><td>prednisolone Oral Tablet [MILLIPRED]</td></tr><tr><td>795096</td><td>prednisolone Oral Solution [MILLIPRED]</td></tr><tr><td>824888</td><td>prednisolone Oral Solution [Veripred]</td></tr><tr><td>891152</td><td>Miconazole / Polymyxin B / prednisolone Otic Suspension [Surolan]</td></tr><tr><td>897062</td><td>prednisolone / Trimeprazine Oral Tablet [Temaril-P]</td></tr><tr><td>93720</td><td>prednisolone Oral Solution [Pediapred]</td></tr><tr><td>1191680</td><td>prednisolone Oral Tablet [Prednistab]</td></tr><tr><td>1870660</td><td>Gentamicin / prednisolone Ophthalmic Ointment [Pred-G]</td></tr><tr><td>1870669</td><td>Gentamicin / prednisolone Ophthalmic Suspension [Pred-G]</td></tr><tr><td>1011979</td><td>prednisolone acetate 0.0025 MG/MG / Sulfacetamide Sodium 0.1                     MG/MG Ophthalmic Ointment</td></tr><tr><td>1011985</td><td>prednisolone acetate 0.002 MG/MG / Sulfacetamide Sodium 0.1                     MG/MG Ophthalmic Ointment</td></tr><tr><td>1012015</td><td>prednisolone acetate 2 MG/ML / Sulfacetamide Sodium 100                     MG/ML Ophthalmic Suspension</td></tr><tr><td>1012021</td><td>Prednisolone sodium phosphate 2.5 MG/ML / Sulfacetamide                     Sodium 100 MG/ML Ophthalmic Solution</td></tr><tr><td>1012080</td><td>prednisolone acetate 2.5 MG/ML / Sulfacetamide Sodium 100                     MG/ML Ophthalmic Suspension</td></tr><tr><td>1012150</td><td>Prednisolone sodium phosphate 5 MG/ML / Sulfacetamide Sodium                     100 MG/ML Ophthalmic Solution</td></tr><tr><td>1547974</td><td>Prednisolone sodium phosphate 5 MG/ML Ophthalmic Solution</td></tr><tr><td>105409</td><td>prednisolone 5 MG Delayed Release Oral Tablet</td></tr><tr><td>105410</td><td>prednisolone 5 MG Disintegrating Oral Tablet</td></tr><tr><td>198142</td><td>prednisolone 5 MG Oral Tablet</td></tr><tr><td>250864</td><td>prednisolone 5 MG Rectal Suppository</td></tr><tr><td>106997</td><td>prednisolone 3 MG/ML Ophthalmic Solution</td></tr><tr><td>283077</td><td>prednisolone 3 MG/ML Oral Solution</td></tr><tr><td>314165</td><td>prednisolone 10 MG/ML Ophthalmic Solution</td></tr><tr><td>793099</td><td>prednisolone 3 MG/ML Oral Suspension</td></tr><tr><td>106996</td><td>prednisolone 1 MG/ML Ophthalmic Solution</td></tr><tr><td>249066</td><td>prednisolone 5 MG/ML Oral Solution</td></tr><tr><td>311888</td><td>Neomycin 3.5 MG/ML / Polymyxin B 10000 UNT/ML / prednisolone                     5 MG/ML Ophthalmic Suspension</td></tr><tr><td>312614</td><td>prednisolone 1 MG/ML Oral Solution</td></tr><tr><td>345131</td><td>prednisolone 1.25 MG/ML Ophthalmic Solution</td></tr><tr><td>389031</td><td>prednisolone 20 MG/ML Injectable Solution</td></tr><tr><td>562379</td><td>prednisolone 1.2 MG/ML Ophthalmic Suspension</td></tr><tr><td>792957</td><td>prednisolone 1 MG/ML Oral Suspension</td></tr><tr><td>794979</td><td>prednisolone 2 MG/ML Oral Solution</td></tr><tr><td>199968</td><td>prednisolone 5 MG/ML Ophthalmic Suspension</td></tr><tr><td>199343</td><td>prednisolone 1 MG Oral Tablet</td></tr><tr><td>199967</td><td>prednisolone 25 MG Oral Tablet</td></tr><tr><td>105408</td><td>prednisolone 2.5 MG Delayed Release Oral Tablet</td></tr><tr><td>106995</td><td>prednisolone 0.3 MG/ML Ophthalmic Solution</td></tr><tr><td>250343</td><td>Dibucaine 1 MG / prednisolone 1.3 MG Rectal Suppository</td></tr><tr><td>250862</td><td>prednisolone 0.2 MG/ML Enema</td></tr><tr><td>107666</td><td>prednisolone 20 MG Rectal Foam</td></tr><tr><td>260125</td><td>prednisolone 25 MG/ML Injectable Suspension</td></tr><tr><td>392181</td><td>prednisolone 25 MG/ML Ophthalmic Suspension</td></tr><tr><td>429199</td><td>prednisolone 20 MG Oral Tablet</td></tr><tr><td>106992</td><td>prednisolone 0.01 MG/ML Ophthalmic Solution</td></tr><tr><td>106993</td><td>prednisolone 0.03 MG/ML Ophthalmic Solution</td></tr><tr><td>106994</td><td>prednisolone 0.1 MG/ML Ophthalmic Solution</td></tr><tr><td>260127</td><td>prednisolone 50 MG/ML Injectable Suspension</td></tr><tr><td>348428</td><td>prednisolone 50 MG Oral Tablet</td></tr><tr><td>702306</td><td>prednisolone 4 MG/ML Oral Solution</td></tr><tr><td>897059</td><td>prednisolone 2 MG / trimeprazine tartrate 5 MG Oral Tablet</td></tr><tr><td>643123</td><td>prednisolone 10 MG Disintegrating Oral Tablet</td></tr><tr><td>643125</td><td>prednisolone 15 MG Disintegrating Oral Tablet</td></tr><tr><td>643127</td><td>prednisolone 30 MG Disintegrating Oral Tablet</td></tr><tr><td>891149</td><td>Miconazole Nitrate 23 MG/ML / Polymyxin B Sulfate 0.5293                     MG/ML / prednisolone acetate 5 MG/ML Otic Suspension</td></tr><tr><td>310469</td><td>Gentamicin 3 MG/ML / prednisolone acetate 10 MG/ML                     Ophthalmic Suspension</td></tr><tr><td>1376336</td><td>prednisolone acetate 10 MG/ML Ophthalmic Suspension</td></tr><tr><td>1549315</td><td>prednisolone acetate 1.25 MG/ML Ophthalmic Suspension</td></tr><tr><td>310468</td><td>Gentamicin 0.003 MG/MG / prednisolone acetate 0.006 MG/MG                     Ophthalmic Ointment</td></tr><tr><td>1012000</td><td>prednisolone acetate 0.005 MG/MG / Sulfacetamide Sodium 0.1                     MG/MG Ophthalmic Ointment</td></tr><tr><td>1011978</td><td>prednisolone acetate 0.0025 MG/MG</td></tr><tr><td>1011984</td><td>prednisolone acetate 0.002 MG/MG</td></tr><tr><td>1012014</td><td>prednisolone acetate 2 MG/ML</td></tr><tr><td>1012020</td><td>Prednisolone sodium phosphate 2.5 MG/ML</td></tr><tr><td>1012079</td><td>prednisolone acetate 2.5 MG/ML</td></tr><tr><td>1012149</td><td>Prednisolone sodium phosphate 5 MG/ML</td></tr><tr><td>316579</td><td>prednisolone 5 MG</td></tr><tr><td>317474</td><td>prednisolone 3 MG/ML</td></tr><tr><td>323918</td><td>prednisolone 80 MG/ML</td></tr><tr><td>323977</td><td>prednisolone 40 MG/ML</td></tr><tr><td>328310</td><td>prednisolone 10 MG/ML</td></tr><tr><td>328808</td><td>prednisolone 20 MG/ML</td></tr><tr><td>328809</td><td>prednisolone 1 MG/ML</td></tr><tr><td>328812</td><td>prednisolone 2 MG/ML</td></tr><tr><td>328814</td><td>prednisolone 5 MG/ML</td></tr><tr><td>328815</td><td>prednisolone 1.2 MG/ML</td></tr><tr><td>328816</td><td>prednisolone 1.25 MG/ML</td></tr><tr><td>333209</td><td>prednisolone 1 MG</td></tr><tr><td>333210</td><td>prednisolone 25 MG</td></tr><tr><td>335262</td><td>prednisolone 0.3 MG/ML</td></tr><tr><td>335528</td><td>prednisolone 0.2 MG/ML</td></tr><tr><td>335529</td><td>prednisolone 2.5 MG</td></tr><tr><td>335535</td><td>prednisolone 1.3 MG</td></tr><tr><td>336584</td><td>prednisolone 20 MG</td></tr><tr><td>337411</td><td>prednisolone 25 MG/ML</td></tr><tr><td>343660</td><td>prednisolone 50 MG/ML</td></tr><tr><td>345097</td><td>prednisolone 0.01 MG/ML</td></tr><tr><td>345098</td><td>prednisolone 0.03 MG/ML</td></tr><tr><td>345099</td><td>prednisolone 0.1 MG/ML</td></tr><tr><td>349801</td><td>prednisolone 50 MG</td></tr><tr><td>446683</td><td>prednisolone 4 MG/ML</td></tr><tr><td>451086</td><td>prednisolone 2 MG</td></tr><tr><td>452820</td><td>prednisolone 10 MG</td></tr><tr><td>643124</td><td>prednisolone 15 MG</td></tr><tr><td>643126</td><td>prednisolone 30 MG</td></tr><tr><td>891147</td><td>prednisolone acetate 5 MG/ML</td></tr><tr><td>1376335</td><td>prednisolone acetate 10 MG/ML</td></tr><tr><td>1549314</td><td>prednisolone acetate 1.25 MG/ML</td></tr><tr><td>1011999</td><td>prednisolone acetate 0.005 MG/MG</td></tr><tr><td>1870654</td><td>prednisolone acetate 0.006 MG/MG</td></tr><tr><td>373568</td><td>prednisolone Injectable Suspension</td></tr><tr><td>373569</td><td>prednisolone Enema</td></tr><tr><td>373571</td><td>prednisolone Ophthalmic Suspension</td></tr><tr><td>373572</td><td>prednisolone Delayed Release Oral Tablet</td></tr><tr><td>373574</td><td>prednisolone Rectal Foam</td></tr><tr><td>373575</td><td>prednisolone Oral Solution</td></tr><tr><td>373576</td><td>prednisolone Ophthalmic Solution</td></tr><tr><td>373577</td><td>prednisolone Rectal Suppository</td></tr><tr><td>373578</td><td>prednisolone Oral Tablet</td></tr><tr><td>373579</td><td>prednisolone Injectable Solution</td></tr><tr><td>373582</td><td>Dibucaine / prednisolone Rectal Suppository</td></tr><tr><td>373972</td><td>prednisolone / Sulfacetamide Ophthalmic Ointment</td></tr><tr><td>373973</td><td>prednisolone / Sulfacetamide Ophthalmic Solution</td></tr><tr><td>373974</td><td>prednisolone / Sulfacetamide Ophthalmic Suspension</td></tr><tr><td>374690</td><td>Neomycin / Polymyxin B / prednisolone Ophthalmic Suspension</td></tr><tr><td>379264</td><td>prednisolone Disintegrating Oral Tablet</td></tr><tr><td>792956</td><td>prednisolone Oral Suspension</td></tr><tr><td>891148</td><td>Miconazole / Polymyxin B / prednisolone Otic Suspension</td></tr><tr><td>897058</td><td>prednisolone / Trimeprazine Oral Tablet</td></tr><tr><td>1870656</td><td>Gentamicin / prednisolone Ophthalmic Ointment</td></tr><tr><td>1870666</td><td>Gentamicin / prednisolone Ophthalmic Suspension</td></tr><tr><td>1155885</td><td>Dibucaine / prednisolone Rectal Product</td></tr><tr><td>1156758</td><td>prednisolone Pill</td></tr><tr><td>1156759</td><td>prednisolone Rectal Product</td></tr><tr><td>1156760</td><td>prednisolone Topical Product</td></tr><tr><td>1157539</td><td>Neomycin / Polymyxin B / prednisolone Ophthalmic Product</td></tr><tr><td>1164102</td><td>Miconazole / Polymyxin B / prednisolone Otic Product</td></tr><tr><td>1165752</td><td>prednisolone / Sulfacetamide Ophthalmic Product</td></tr><tr><td>1165753</td><td>prednisolone / Trimeprazine Oral Product</td></tr><tr><td>1165754</td><td>prednisolone / Trimeprazine Pill</td></tr><tr><td>1165756</td><td>prednisolone Injectable Product</td></tr><tr><td>1165757</td><td>prednisolone Ophthalmic Product</td></tr><tr><td>1165758</td><td>prednisolone Oral Liquid Product</td></tr><tr><td>1165759</td><td>prednisolone Oral Product</td></tr><tr><td>1295508</td><td>prednisolone Disintegrating Oral Product</td></tr><tr><td>1870655</td><td>Gentamicin / prednisolone Ophthalmic Product</td></tr><tr><td>1183439</td><td>Orapred Pill</td></tr><tr><td>1184935</td><td>MILLIPRED Pill</td></tr><tr><td>1191682</td><td>Prednistab Pill</td></tr><tr><td>1184898</td><td>Surolan Otic Product</td></tr><tr><td>1169771</td><td>Flo-Pred Oral Liquid Product</td></tr><tr><td>1169772</td><td>Flo-Pred Oral Product</td></tr><tr><td>1171795</td><td>Econopred Ophthalmic Product</td></tr><tr><td>1171796</td><td>Econopred Plus Ophthalmic Product</td></tr><tr><td>1175059</td><td>Blephamide Ophthalmic Product</td></tr><tr><td>1181408</td><td>Temaril-P Oral Product</td></tr><tr><td>1181409</td><td>Temaril-P Pill</td></tr><tr><td>1181709</td><td>Omnipred Ophthalmic Product</td></tr><tr><td>1183437</td><td>Orapred Oral Liquid Product</td></tr><tr><td>1183438</td><td>Orapred Oral Product</td></tr><tr><td>1184005</td><td>Pediapred Oral Liquid Product</td></tr><tr><td>1184006</td><td>Pediapred Oral Product</td></tr><tr><td>1184933</td><td>MILLIPRED Oral Liquid Product</td></tr><tr><td>1184934</td><td>MILLIPRED Oral Product</td></tr><tr><td>1185239</td><td>Pred Forte Ophthalmic Product</td></tr><tr><td>1185240</td><td>Pred Mild Ophthalmic Product</td></tr><tr><td>1185260</td><td>Prednisol Ophthalmic Product</td></tr><tr><td>1187894</td><td>Veripred Oral Liquid Product</td></tr><tr><td>1187895</td><td>Veripred Oral Product</td></tr><tr><td>1191681</td><td>Prednistab Oral Product</td></tr><tr><td>1296584</td><td>Orapred Disintegrating Oral Product</td></tr><tr><td>1185241</td><td>Pred-G Ophthalmic Product</td></tr></table></li></ul></div>"},"url":"http://hl7.org/fhir/uv/pddi/ValueSet/valueset-prednisolone","version":"1.0.0-ballot","name":"Valueset_prednisolone","title":"Prednisolone Medications Value Set","status":"draft","experimental":true,"date":"2018-07-02","publisher":"HL7 Clinical Decision Support Workgroup","contact":[{"telecom":[{"system":"url","value":"http://hl7.org/Special/committees/dss"}]}],"description":"ValueSet containing drug identifiers for prednisolone.","jurisdiction":[{"coding":[{"system":"http://unstats.un.org/unsd/methods/m49/m49.htm","code":"001"}]}],"copyright":"(copyright expectations unknown)","compose":{"include":[{"system":"http://www.nlm.nih.gov/research/umls/rxnorm","concept":[{"code":"202844","display":"Pred Forte"},{"code":"202845","display":"Pred Mild"},{"code":"215703","display":"Blephamide"},{"code":"216840","display":"Econopred"},{"code":"216841","display":"Econopred Plus"},{"code":"219136","display":"Pediapred"},{"code":"219339","display":"Pred-G"},{"code":"219351","display":"Prednisol"},{"code":"285077","display":"Orapred"},{"code":"731217","display":"Omnipred"},{"code":"792207","display":"Flo-Pred"},{"code":"795094","display":"MILLIPRED"},{"code":"824886","display":"Veripred"},{"code":"891150","display":"Surolan"},{"code":"897060","display":"Temaril-P"},{"code":"1191678","display":"Prednistab"},{"code":"1235042","display":"{21 (prednisolone 5 MG Oral Tablet [MILLIPRED]) } Pack                     [Millipred DP 6 Day]"},{"code":"1005831","display":"{48 (prednisolone 5 MG Oral Tablet [MILLIPRED]) } Pack                     [Millipred DP 12 Day]"},{"code":"1013114","display":"{21 (prednisolone 5 MG Oral Tablet) } Pack"},{"code":"1005830","display":"{48 (prednisolone 5 MG Oral Tablet) } Pack"},{"code":"8638","display":"prednisolone"},{"code":"1007035","display":"Dequalinium / polidocanol / prednisolone"},{"code":"1007257","display":"Phenylephrine / prednisolone"},{"code":"1007260","display":"Oxytetracycline / prednisolone"},{"code":"1007261","display":"prednisolone / Rifamycins"},{"code":"1007263","display":"Estradiol / prednisolone"},{"code":"1007264","display":"Oxyquinoline / prednisolone"},{"code":"1007725","display":"Idoxuridine / prednisolone"},{"code":"1007726","display":"bisdequalinium / prednisolone"},{"code":"1008055","display":"prednisolone / Trimeprazine"},{"code":"1008236","display":"Chloramphenicol / prednisolone"},{"code":"1008241","display":"prednisolone / Zinc Oxide"},{"code":"1008244","display":"prednisolone / PROPYLENE GLYCOL SALICYLATE"},{"code":"1008245","display":"Menthol / prednisolone / Thymol"},{"code":"1008247","display":"Niacinamide / prednisolone"},{"code":"1008294","display":"Miconazole / Polymyxin B / prednisolone"},{"code":"1008474","display":"Clotrimazole / hexamidine / prednisolone"},{"code":"1008707","display":"BISMUTH CHLORIDE OXIDE / prednisolone / Zinc Oxide"},{"code":"1008863","display":"dexpanthenol / prednisolone / Salicylic Acid"},{"code":"1008864","display":"polidocanol / prednisolone / Promethazine"},{"code":"1008890","display":"Dibucaine / prednisolone"},{"code":"1009010","display":"prednisolone / Salicylic Acid"},{"code":"689615","display":"Atropine / prednisolone"},{"code":"689752","display":"Phenylephrine / prednisolone / Sulfacetamide"},{"code":"690161","display":"prednisolone / Sulfacetamide"},{"code":"693010","display":"Neomycin / Polymyxin B / prednisolone"},{"code":"693011","display":"Neomycin / prednisolone"},{"code":"689325","display":"Gentamicin / prednisolone"},{"code":"268872","display":"prednisolone sodium metasulphobenzoate"},{"code":"34372","display":"prednisolone acetate"},{"code":"34374","display":"prednisolone phosphate"},{"code":"34376","display":"prednisolone tebutate"},{"code":"55062","display":"Prednisolone sodium phosphate"},{"code":"55063","display":"prednisolone sodium succinate"},{"code":"209002","display":"prednisolone 1.2 MG/ML Ophthalmic Suspension [Pred Mild]"},{"code":"1548724","display":"prednisolone acetate 10 MG/ML Ophthalmic Suspension [Pred Forte]"},{"code":"1011987","display":"prednisolone acetate 0.002 MG/MG / Sulfacetamide Sodium 0.1                     MG/MG Ophthalmic Ointment [Blephamide]"},{"code":"1012017","display":"prednisolone acetate 2 MG/ML / Sulfacetamide Sodium 100                     MG/ML Ophthalmic Suspension [Blephamide]"},{"code":"1548705","display":"prednisolone acetate 10 MG/ML Ophthalmic Suspension                     [Econopred Plus]"},{"code":"1549317","display":"prednisolone acetate 1.25 MG/ML Ophthalmic Suspension [Econopred]"},{"code":"205826","display":"Gentamicin 3 MG/ML / prednisolone acetate 10 MG/ML                     Ophthalmic Suspension [Pred-G]"},{"code":"211755","display":"prednisolone 10 MG/ML Ophthalmic Solution [Prednisol]"},{"code":"260285","display":"Gentamicin 0.003 MG/MG / prednisolone acetate 0.006 MG/MG                     Ophthalmic Ointment [Pred-G]"},{"code":"260409","display":"prednisolone 1 MG/ML Oral Solution [Pediapred]"},{"code":"284516","display":"prednisolone 3 MG/ML Oral Solution [Orapred]"},{"code":"647127","display":"prednisolone 15 MG Disintegrating Oral Tablet [Orapred]"},{"code":"668658","display":"prednisolone 10 MG Disintegrating Oral Tablet [Orapred]"},{"code":"668660","display":"prednisolone 30 MG Disintegrating Oral Tablet [Orapred]"},{"code":"1548714","display":"prednisolone acetate 10 MG/ML Ophthalmic Suspension [Omnipred]"},{"code":"795097","display":"prednisolone 2 MG/ML Oral Solution [MILLIPRED]"},{"code":"803308","display":"prednisolone 3 MG/ML Oral Suspension [Flo-Pred]"},{"code":"808118","display":"prednisolone 5 MG Oral Tablet [MILLIPRED]"},{"code":"824889","display":"prednisolone 4 MG/ML Oral Solution [Veripred]"},{"code":"891153","display":"Miconazole Nitrate 23 MG/ML / Polymyxin B Sulfate 0.5293                     MG/ML / prednisolone acetate 5 MG/ML Otic Suspension [Surolan]"},{"code":"897063","display":"prednisolone 2 MG / trimeprazine tartrate 5 MG Oral Tablet [Temaril-P]"},{"code":"1191683","display":"prednisolone 20 MG Oral Tablet [Prednistab]"},{"code":"1191686","display":"prednisolone 5 MG Oral Tablet [Prednistab]"},{"code":"569642","display":"prednisolone 1.2 MG/ML [Pred Mild]"},{"code":"1548723","display":"prednisolone acetate 10 MG/ML [Pred Forte]"},{"code":"1011986","display":"prednisolone acetate 0.002 MG/MG / Sulfacetamide Sodium 0.1                     MG/MG [Blephamide]"},{"code":"1012016","display":"prednisolone acetate 2 MG/ML / Sulfacetamide Sodium 100                     MG/ML [Blephamide]"},{"code":"1548704","display":"prednisolone acetate 10 MG/ML [Econopred Plus]"},{"code":"1549316","display":"prednisolone acetate 1.25 MG/ML [Econopred]"},{"code":"572092","display":"prednisolone 10 MG/ML [Prednisol]"},{"code":"574196","display":"prednisolone 1 MG/ML [Pediapred]"},{"code":"1870659","display":"Gentamicin 0.003 MG/MG / prednisolone acetate 0.006 MG/MG [Pred-G]"},{"code":"1870668","display":"Gentamicin 3 MG/ML / prednisolone acetate 10 MG/ML [Pred-G]"},{"code":"574944","display":"prednisolone 3 MG/ML [Orapred]"},{"code":"647125","display":"prednisolone 15 MG [Orapred]"},{"code":"668657","display":"prednisolone 10 MG [Orapred]"},{"code":"668659","display":"prednisolone 30 MG [Orapred]"},{"code":"1548713","display":"prednisolone acetate 10 MG/ML [Omnipred]"},{"code":"795095","display":"prednisolone 2 MG/ML [MILLIPRED]"},{"code":"803306","display":"prednisolone 3 MG/ML [Flo-Pred]"},{"code":"808116","display":"prednisolone 5 MG [MILLIPRED]"},{"code":"824887","display":"prednisolone 4 MG/ML [Veripred]"},{"code":"891151","display":"Miconazole Nitrate 23 MG/ML / Polymyxin B Sulfate 0.5293                     MG/ML / prednisolone acetate 5 MG/ML [Surolan]"},{"code":"897061","display":"prednisolone 2 MG / trimeprazine tartrate 5 MG [Temaril-P]"},{"code":"1191679","display":"prednisolone 20 MG [Prednistab]"},{"code":"1191685","display":"prednisolone 5 MG [Prednistab]"},{"code":"365822","display":"prednisolone Ophthalmic Suspension [Pred Forte]"},{"code":"365832","display":"prednisolone Ophthalmic Suspension [Pred Mild]"},{"code":"365841","display":"prednisolone / Sulfacetamide Ophthalmic Suspension [Blephamide]"},{"code":"365821","display":"prednisolone Ophthalmic Suspension [Econopred]"},{"code":"365831","display":"prednisolone Ophthalmic Suspension [Econopred Plus]"},{"code":"363766","display":"prednisolone Ophthalmic Solution [Prednisol]"},{"code":"364478","display":"prednisolone Oral Solution [Orapred]"},{"code":"647126","display":"prednisolone Disintegrating Oral Tablet [Orapred]"},{"code":"856820","display":"prednisolone / Sulfacetamide Ophthalmic Ointment [Blephamide]"},{"code":"731219","display":"prednisolone Ophthalmic Suspension [Omnipred]"},{"code":"803307","display":"prednisolone Oral Suspension [Flo-Pred]"},{"code":"808117","display":"prednisolone Oral Tablet [MILLIPRED]"},{"code":"795096","display":"prednisolone Oral Solution [MILLIPRED]"},{"code":"824888","display":"prednisolone Oral Solution [Veripred]"},{"code":"891152","display":"Miconazole / Polymyxin B / prednisolone Otic Suspension [Surolan]"},{"code":"897062","display":"prednisolone / Trimeprazine Oral Tablet [Temaril-P]"},{"code":"93720","display":"prednisolone Oral Solution [Pediapred]"},{"code":"1191680","display":"prednisolone Oral Tablet [Prednistab]"},{"code":"1870660","display":"Gentamicin / prednisolone Ophthalmic Ointment [Pred-G]"},{"code":"1870669","display":"Gentamicin / prednisolone Ophthalmic Suspension [Pred-G]"},{"code":"1011979","display":"prednisolone acetate 0.0025 MG/MG / Sulfacetamide Sodium 0.1                     MG/MG Ophthalmic Ointment"},{"code":"1011985","display":"prednisolone acetate 0.002 MG/MG / Sulfacetamide Sodium 0.1                     MG/MG Ophthalmic Ointment"},{"code":"1012015","display":"prednisolone acetate 2 MG/ML / Sulfacetamide Sodium 100                     MG/ML Ophthalmic Suspension"},{"code":"1012021","display":"Prednisolone sodium phosphate 2.5 MG/ML / Sulfacetamide                     Sodium 100 MG/ML Ophthalmic Solution"},{"code":"1012080","display":"prednisolone acetate 2.5 MG/ML / Sulfacetamide Sodium 100                     MG/ML Ophthalmic Suspension"},{"code":"1012150","display":"Prednisolone sodium phosphate 5 MG/ML / Sulfacetamide Sodium                     100 MG/ML Ophthalmic Solution"},{"code":"1547974","display":"Prednisolone sodium phosphate 5 MG/ML Ophthalmic Solution"},{"code":"105409","display":"prednisolone 5 MG Delayed Release Oral Tablet"},{"code":"105410","display":"prednisolone 5 MG Disintegrating Oral Tablet"},{"code":"198142","display":"prednisolone 5 MG Oral Tablet"},{"code":"250864","display":"prednisolone 5 MG Rectal Suppository"},{"code":"106997","display":"prednisolone 3 MG/ML Ophthalmic Solution"},{"code":"283077","display":"prednisolone 3 MG/ML Oral Solution"},{"code":"314165","display":"prednisolone 10 MG/ML Ophthalmic Solution"},{"code":"793099","display":"prednisolone 3 MG/ML Oral Suspension"},{"code":"106996","display":"prednisolone 1 MG/ML Ophthalmic Solution"},{"code":"249066","display":"prednisolone 5 MG/ML Oral Solution"},{"code":"311888","display":"Neomycin 3.5 MG/ML / Polymyxin B 10000 UNT/ML / prednisolone                     5 MG/ML Ophthalmic Suspension"},{"code":"312614","display":"prednisolone 1 MG/ML Oral Solution"},{"code":"345131","display":"prednisolone 1.25 MG/ML Ophthalmic Solution"},{"code":"389031","display":"prednisolone 20 MG/ML Injectable Solution"},{"code":"562379","display":"prednisolone 1.2 MG/ML Ophthalmic Suspension"},{"code":"792957","display":"prednisolone 1 MG/ML Oral Suspension"},{"code":"794979","display":"prednisolone 2 MG/ML Oral Solution"},{"code":"199968","display":"prednisolone 5 MG/ML Ophthalmic Suspension"},{"code":"199343","display":"prednisolone 1 MG Oral Tablet"},{"code":"199967","display":"prednisolone 25 MG Oral Tablet"},{"code":"105408","display":"prednisolone 2.5 MG Delayed Release Oral Tablet"},{"code":"106995","display":"prednisolone 0.3 MG/ML Ophthalmic Solution"},{"code":"250343","display":"Dibucaine 1 MG / prednisolone 1.3 MG Rectal Suppository"},{"code":"250862","display":"prednisolone 0.2 MG/ML Enema"},{"code":"107666","display":"prednisolone 20 MG Rectal Foam"},{"code":"260125","display":"prednisolone 25 MG/ML Injectable Suspension"},{"code":"392181","display":"prednisolone 25 MG/ML Ophthalmic Suspension"},{"code":"429199","display":"prednisolone 20 MG Oral Tablet"},{"code":"106992","display":"prednisolone 0.01 MG/ML Ophthalmic Solution"},{"code":"106993","display":"prednisolone 0.03 MG/ML Ophthalmic Solution"},{"code":"106994","display":"prednisolone 0.1 MG/ML Ophthalmic Solution"},{"code":"260127","display":"prednisolone 50 MG/ML Injectable Suspension"},{"code":"348428","display":"prednisolone 50 MG Oral Tablet"},{"code":"702306","display":"prednisolone 4 MG/ML Oral Solution"},{"code":"897059","display":"prednisolone 2 MG / trimeprazine tartrate 5 MG Oral Tablet"},{"code":"643123","display":"prednisolone 10 MG Disintegrating Oral Tablet"},{"code":"643125","display":"prednisolone 15 MG Disintegrating Oral Tablet"},{"code":"643127","display":"prednisolone 30 MG Disintegrating Oral Tablet"},{"code":"891149","display":"Miconazole Nitrate 23 MG/ML / Polymyxin B Sulfate 0.5293                     MG/ML / prednisolone acetate 5 MG/ML Otic Suspension"},{"code":"310469","display":"Gentamicin 3 MG/ML / prednisolone acetate 10 MG/ML                     Ophthalmic Suspension"},{"code":"1376336","display":"prednisolone acetate 10 MG/ML Ophthalmic Suspension"},{"code":"1549315","display":"prednisolone acetate 1.25 MG/ML Ophthalmic Suspension"},{"code":"310468","display":"Gentamicin 0.003 MG/MG / prednisolone acetate 0.006 MG/MG                     Ophthalmic Ointment"},{"code":"1012000","display":"prednisolone acetate 0.005 MG/MG / Sulfacetamide Sodium 0.1                     MG/MG Ophthalmic Ointment"},{"code":"1011978","display":"prednisolone acetate 0.0025 MG/MG"},{"code":"1011984","display":"prednisolone acetate 0.002 MG/MG"},{"code":"1012014","display":"prednisolone acetate 2 MG/ML"},{"code":"1012020","display":"Prednisolone sodium phosphate 2.5 MG/ML"},{"code":"1012079","display":"prednisolone acetate 2.5 MG/ML"},{"code":"1012149","display":"Prednisolone sodium phosphate 5 MG/ML"},{"code":"316579","display":"prednisolone 5 MG"},{"code":"317474","display":"prednisolone 3 MG/ML"},{"code":"323918","display":"prednisolone 80 MG/ML"},{"code":"323977","display":"prednisolone 40 MG/ML"},{"code":"328310","display":"prednisolone 10 MG/ML"},{"code":"328808","display":"prednisolone 20 MG/ML"},{"code":"328809","display":"prednisolone 1 MG/ML"},{"code":"328812","display":"prednisolone 2 MG/ML"},{"code":"328814","display":"prednisolone 5 MG/ML"},{"code":"328815","display":"prednisolone 1.2 MG/ML"},{"code":"328816","display":"prednisolone 1.25 MG/ML"},{"code":"333209","display":"prednisolone 1 MG"},{"code":"333210","display":"prednisolone 25 MG"},{"code":"335262","display":"prednisolone 0.3 MG/ML"},{"code":"335528","display":"prednisolone 0.2 MG/ML"},{"code":"335529","display":"prednisolone 2.5 MG"},{"code":"335535","display":"prednisolone 1.3 MG"},{"code":"336584","display":"prednisolone 20 MG"},{"code":"337411","display":"prednisolone 25 MG/ML"},{"code":"343660","display":"prednisolone 50 MG/ML"},{"code":"345097","display":"prednisolone 0.01 MG/ML"},{"code":"345098","display":"prednisolone 0.03 MG/ML"},{"code":"345099","display":"prednisolone 0.1 MG/ML"},{"code":"349801","display":"prednisolone 50 MG"},{"code":"446683","display":"prednisolone 4 MG/ML"},{"code":"451086","display":"prednisolone 2 MG"},{"code":"452820","display":"prednisolone 10 MG"},{"code":"643124","display":"prednisolone 15 MG"},{"code":"643126","display":"prednisolone 30 MG"},{"code":"891147","display":"prednisolone acetate 5 MG/ML"},{"code":"1376335","display":"prednisolone acetate 10 MG/ML"},{"code":"1549314","display":"prednisolone acetate 1.25 MG/ML"},{"code":"1011999","display":"prednisolone acetate 0.005 MG/MG"},{"code":"1870654","display":"prednisolone acetate 0.006 MG/MG"},{"code":"373568","display":"prednisolone Injectable Suspension"},{"code":"373569","display":"prednisolone Enema"},{"code":"373571","display":"prednisolone Ophthalmic Suspension"},{"code":"373572","display":"prednisolone Delayed Release Oral Tablet"},{"code":"373574","display":"prednisolone Rectal Foam"},{"code":"373575","display":"prednisolone Oral Solution"},{"code":"373576","display":"prednisolone Ophthalmic Solution"},{"code":"373577","display":"prednisolone Rectal Suppository"},{"code":"373578","display":"prednisolone Oral Tablet"},{"code":"373579","display":"prednisolone Injectable Solution"},{"code":"373582","display":"Dibucaine / prednisolone Rectal Suppository"},{"code":"373972","display":"prednisolone / Sulfacetamide Ophthalmic Ointment"},{"code":"373973","display":"prednisolone / Sulfacetamide Ophthalmic Solution"},{"code":"373974","display":"prednisolone / Sulfacetamide Ophthalmic Suspension"},{"code":"374690","display":"Neomycin / Polymyxin B / prednisolone Ophthalmic Suspension"},{"code":"379264","display":"prednisolone Disintegrating Oral Tablet"},{"code":"792956","display":"prednisolone Oral Suspension"},{"code":"891148","display":"Miconazole / Polymyxin B / prednisolone Otic Suspension"},{"code":"897058","display":"prednisolone / Trimeprazine Oral Tablet"},{"code":"1870656","display":"Gentamicin / prednisolone Ophthalmic Ointment"},{"code":"1870666","display":"Gentamicin / prednisolone Ophthalmic Suspension"},{"code":"1155885","display":"Dibucaine / prednisolone Rectal Product"},{"code":"1156758","display":"prednisolone Pill"},{"code":"1156759","display":"prednisolone Rectal Product"},{"code":"1156760","display":"prednisolone Topical Product"},{"code":"1157539","display":"Neomycin / Polymyxin B / prednisolone Ophthalmic Product"},{"code":"1164102","display":"Miconazole / Polymyxin B / prednisolone Otic Product"},{"code":"1165752","display":"prednisolone / Sulfacetamide Ophthalmic Product"},{"code":"1165753","display":"prednisolone / Trimeprazine Oral Product"},{"code":"1165754","display":"prednisolone / Trimeprazine Pill"},{"code":"1165756","display":"prednisolone Injectable Product"},{"code":"1165757","display":"prednisolone Ophthalmic Product"},{"code":"1165758","display":"prednisolone Oral Liquid Product"},{"code":"1165759","display":"prednisolone Oral Product"},{"code":"1295508","display":"prednisolone Disintegrating Oral Product"},{"code":"1870655","display":"Gentamicin / prednisolone Ophthalmic Product"},{"code":"1183439","display":"Orapred Pill"},{"code":"1184935","display":"MILLIPRED Pill"},{"code":"1191682","display":"Prednistab Pill"},{"code":"1184898","display":"Surolan Otic Product"},{"code":"1169771","display":"Flo-Pred Oral Liquid Product"},{"code":"1169772","display":"Flo-Pred Oral Product"},{"code":"1171795","display":"Econopred Ophthalmic Product"},{"code":"1171796","display":"Econopred Plus Ophthalmic Product"},{"code":"1175059","display":"Blephamide Ophthalmic Product"},{"code":"1181408","display":"Temaril-P Oral Product"},{"code":"1181409","display":"Temaril-P Pill"},{"code":"1181709","display":"Omnipred Ophthalmic Product"},{"code":"1183437","display":"Orapred Oral Liquid Product"},{"code":"1183438","display":"Orapred Oral Product"},{"code":"1184005","display":"Pediapred Oral Liquid Product"},{"code":"1184006","display":"Pediapred Oral Product"},{"code":"1184933","display":"MILLIPRED Oral Liquid Product"},{"code":"1184934","display":"MILLIPRED Oral Product"},{"code":"1185239","display":"Pred Forte Ophthalmic Product"},{"code":"1185240","display":"Pred Mild Ophthalmic Product"},{"code":"1185260","display":"Prednisol Ophthalmic Product"},{"code":"1187894","display":"Veripred Oral Liquid Product"},{"code":"1187895","display":"Veripred Oral Product"},{"code":"1191681","display":"Prednistab Oral Product"},{"code":"1296584","display":"Orapred Disintegrating Oral Product"},{"code":"1185241","display":"Pred-G Ophthalmic Product"}]}]}}