{"resourceType":"ValueSet","id":"valueset-eplerenone","text":{"status":"generated","div":"<div xmlns=\"http://www.w3.org/1999/xhtml\"><ul><li>Include these codes as defined in <a href=\"http://www.nlm.nih.gov/research/umls/rxnorm\"><code>http://www.nlm.nih.gov/research/umls/rxnorm</code></a><table class=\"none\"><tr><td style=\"white-space:nowrap\"><b>Code</b></td><td><b>Display</b></td></tr><tr><td>342280</td><td>Inspra</td></tr><tr><td>298869</td><td>eplerenone</td></tr><tr><td>402105</td><td>eplerenone 50 MG Oral Tablet [Inspra]</td></tr><tr><td>402106</td><td>eplerenone 25 MG Oral Tablet [Inspra]</td></tr><tr><td>576107</td><td>eplerenone 50 MG [Inspra]</td></tr><tr><td>576108</td><td>eplerenone 25 MG [Inspra]</td></tr><tr><td>402363</td><td>eplerenone Oral Tablet [Inspra]</td></tr><tr><td>351256</td><td>eplerenone 25 MG Oral Tablet</td></tr><tr><td>351257</td><td>eplerenone 50 MG Oral Tablet</td></tr><tr><td>351258</td><td>eplerenone 100 MG Oral Tablet</td></tr><tr><td>353386</td><td>eplerenone 25 MG</td></tr><tr><td>353387</td><td>eplerenone 50 MG</td></tr><tr><td>353388</td><td>eplerenone 100 MG</td></tr><tr><td>378726</td><td>eplerenone Oral Tablet</td></tr><tr><td>1161909</td><td>eplerenone Oral Product</td></tr><tr><td>1161910</td><td>eplerenone Pill</td></tr><tr><td>1173417</td><td>Inspra Oral Product</td></tr><tr><td>1173418</td><td>Inspra Pill</td></tr></table></li></ul></div>"},"url":"http://hl7.org/fhir/uv/pddi/ValueSet/valueset-eplerenone","version":"1.0.0-ballot","name":"Valueset_eplerenone","title":"Eplerenone Medications Value Set","status":"draft","experimental":true,"date":"2018-07-02","publisher":"HL7 Clinical Decision Support Workgroup","contact":[{"telecom":[{"system":"url","value":"http://hl7.org/Special/committees/dss"}]}],"description":"ValueSet containing drug identifiers for eplerenone.","jurisdiction":[{"coding":[{"system":"http://unstats.un.org/unsd/methods/m49/m49.htm","code":"001"}]}],"copyright":"(copyright expectations unknown)","compose":{"include":[{"system":"http://www.nlm.nih.gov/research/umls/rxnorm","concept":[{"code":"342280","display":"Inspra"},{"code":"298869","display":"eplerenone"},{"code":"402105","display":"eplerenone 50 MG Oral Tablet [Inspra]"},{"code":"402106","display":"eplerenone 25 MG Oral Tablet [Inspra]"},{"code":"576107","display":"eplerenone 50 MG [Inspra]"},{"code":"576108","display":"eplerenone 25 MG [Inspra]"},{"code":"402363","display":"eplerenone Oral Tablet [Inspra]"},{"code":"351256","display":"eplerenone 25 MG Oral Tablet"},{"code":"351257","display":"eplerenone 50 MG Oral Tablet"},{"code":"351258","display":"eplerenone 100 MG Oral Tablet"},{"code":"353386","display":"eplerenone 25 MG"},{"code":"353387","display":"eplerenone 50 MG"},{"code":"353388","display":"eplerenone 100 MG"},{"code":"378726","display":"eplerenone Oral Tablet"},{"code":"1161909","display":"eplerenone Oral Product"},{"code":"1161910","display":"eplerenone Pill"},{"code":"1173417","display":"Inspra Oral Product"},{"code":"1173418","display":"Inspra Pill"}]}]}}