{"resourceType":"ValueSet","id":"valueset-deflazacort","text":{"status":"generated","div":"<div xmlns=\"http://www.w3.org/1999/xhtml\"><ul><li>Include these codes as defined in <a href=\"http://www.nlm.nih.gov/research/umls/rxnorm\"><code>http://www.nlm.nih.gov/research/umls/rxnorm</code></a><table class=\"none\"><tr><td style=\"white-space:nowrap\"><b>Code</b></td><td><b>Display</b></td></tr><tr><td>1870945</td><td>Emflaza</td></tr><tr><td>22396</td><td>deflazacort</td></tr><tr><td>1870950</td><td>deflazacort 6 MG Oral Tablet [Emflaza]</td></tr><tr><td>1870952</td><td>deflazacort 30 MG Oral Tablet [Emflaza]</td></tr><tr><td>1870956</td><td>deflazacort 18 MG Oral Tablet [Emflaza]</td></tr><tr><td>1870960</td><td>deflazacort 36 MG Oral Tablet [Emflaza]</td></tr><tr><td>1870968</td><td>deflazacort 22.75 MG/ML Oral Suspension [Emflaza]</td></tr><tr><td>1870946</td><td>deflazacort 6 MG [Emflaza]</td></tr><tr><td>1870951</td><td>deflazacort 30 MG [Emflaza]</td></tr><tr><td>1870955</td><td>deflazacort 18 MG [Emflaza]</td></tr><tr><td>1870959</td><td>deflazacort 36 MG [Emflaza]</td></tr><tr><td>1870965</td><td>deflazacort 22.75 MG/ML [Emflaza]</td></tr><tr><td>1870947</td><td>deflazacort Oral Tablet [Emflaza]</td></tr><tr><td>1870966</td><td>deflazacort Oral Suspension [Emflaza]</td></tr><tr><td>153098</td><td>deflazacort 6 MG Oral Tablet</td></tr><tr><td>153880</td><td>deflazacort 30 MG Oral Tablet</td></tr><tr><td>226432</td><td>deflazacort 1 MG Oral Tablet</td></tr><tr><td>429764</td><td>deflazacort 7.5 MG Oral Tablet</td></tr><tr><td>1870954</td><td>deflazacort 18 MG Oral Tablet</td></tr><tr><td>1870958</td><td>deflazacort 36 MG Oral Tablet</td></tr><tr><td>1870964</td><td>deflazacort 22.75 MG/ML Oral Suspension</td></tr><tr><td>332963</td><td>deflazacort 30 MG</td></tr><tr><td>332964</td><td>deflazacort 6 MG</td></tr><tr><td>385598</td><td>deflazacort 1 MG</td></tr><tr><td>438840</td><td>deflazacort 7.5 MG</td></tr><tr><td>1870953</td><td>deflazacort 18 MG</td></tr><tr><td>1870957</td><td>deflazacort 36 MG</td></tr><tr><td>1870961</td><td>deflazacort 22.75 MG/ML</td></tr><tr><td>371693</td><td>deflazacort Oral Tablet</td></tr><tr><td>1870963</td><td>deflazacort Oral Suspension</td></tr><tr><td>1157200</td><td>deflazacort Oral Product</td></tr><tr><td>1157201</td><td>deflazacort Pill</td></tr><tr><td>1870962</td><td>deflazacort Oral Liquid Product</td></tr><tr><td>1870948</td><td>Emflaza Oral Product</td></tr><tr><td>1870949</td><td>Emflaza Pill</td></tr><tr><td>1870967</td><td>Emflaza Oral Liquid Product</td></tr></table></li></ul></div>"},"url":"http://hl7.org/fhir/uv/pddi/ValueSet/valueset-deflazacort","version":"1.0.0-ballot","name":"Valueset_deflazacort","title":"Deflazacort Medications Value Set","status":"draft","experimental":true,"date":"2018-07-02","publisher":"HL7 Clinical Decision Support Workgroup","contact":[{"telecom":[{"system":"url","value":"http://hl7.org/Special/committees/dss"}]}],"description":"ValueSet containing drug identifiers for deflazacort.","jurisdiction":[{"coding":[{"system":"http://unstats.un.org/unsd/methods/m49/m49.htm","code":"001"}]}],"copyright":"(copyright expectations unknown)","compose":{"include":[{"system":"http://www.nlm.nih.gov/research/umls/rxnorm","concept":[{"code":"1870945","display":"Emflaza"},{"code":"22396","display":"deflazacort"},{"code":"1870950","display":"deflazacort 6 MG Oral Tablet [Emflaza]"},{"code":"1870952","display":"deflazacort 30 MG Oral Tablet [Emflaza]"},{"code":"1870956","display":"deflazacort 18 MG Oral Tablet [Emflaza]"},{"code":"1870960","display":"deflazacort 36 MG Oral Tablet [Emflaza]"},{"code":"1870968","display":"deflazacort 22.75 MG/ML Oral Suspension [Emflaza]"},{"code":"1870946","display":"deflazacort 6 MG [Emflaza]"},{"code":"1870951","display":"deflazacort 30 MG [Emflaza]"},{"code":"1870955","display":"deflazacort 18 MG [Emflaza]"},{"code":"1870959","display":"deflazacort 36 MG [Emflaza]"},{"code":"1870965","display":"deflazacort 22.75 MG/ML [Emflaza]"},{"code":"1870947","display":"deflazacort Oral Tablet [Emflaza]"},{"code":"1870966","display":"deflazacort Oral Suspension [Emflaza]"},{"code":"153098","display":"deflazacort 6 MG Oral Tablet"},{"code":"153880","display":"deflazacort 30 MG Oral Tablet"},{"code":"226432","display":"deflazacort 1 MG Oral Tablet"},{"code":"429764","display":"deflazacort 7.5 MG Oral Tablet"},{"code":"1870954","display":"deflazacort 18 MG Oral Tablet"},{"code":"1870958","display":"deflazacort 36 MG Oral Tablet"},{"code":"1870964","display":"deflazacort 22.75 MG/ML Oral Suspension"},{"code":"332963","display":"deflazacort 30 MG"},{"code":"332964","display":"deflazacort 6 MG"},{"code":"385598","display":"deflazacort 1 MG"},{"code":"438840","display":"deflazacort 7.5 MG"},{"code":"1870953","display":"deflazacort 18 MG"},{"code":"1870957","display":"deflazacort 36 MG"},{"code":"1870961","display":"deflazacort 22.75 MG/ML"},{"code":"371693","display":"deflazacort Oral Tablet"},{"code":"1870963","display":"deflazacort Oral Suspension"},{"code":"1157200","display":"deflazacort Oral Product"},{"code":"1157201","display":"deflazacort Pill"},{"code":"1870962","display":"deflazacort Oral Liquid Product"},{"code":"1870948","display":"Emflaza Oral Product"},{"code":"1870949","display":"Emflaza Pill"},{"code":"1870967","display":"Emflaza Oral Liquid Product"}]}]}}