{"resourceType":"ValueSet","id":"valueset-triamcinolone-exclude","text":{"status":"generated","div":"<div xmlns=\"http://www.w3.org/1999/xhtml\"><ul><li>Include these codes as defined in <a href=\"http://www.nlm.nih.gov/research/umls/rxnorm\"><code>http://www.nlm.nih.gov/research/umls/rxnorm</code></a><table class=\"none\"><tr><td style=\"white-space:nowrap\"><b>Code</b></td><td><b>Display</b></td></tr><tr><td>1720617</td><td>{1 (118 ML) (dimethicone 20 MG/ML Topical Cream) / 1 (80000                     MG) (Triamcinolone Acetonide 1 MG/ML Topical Cream) } Pack</td></tr><tr><td>1014318</td><td>Triamcinolone Acetonide 1 MG/ML Topical Cream [Pediaderm TA]</td></tr><tr><td>1110806</td><td>Triamcinolone Acetonide 0.0005 MG/MG Topical Ointment [Trianex]</td></tr><tr><td>1085738</td><td>Triamcinolone Acetonide 0.147 MG/ML Topical Spray [Kenalog]</td></tr><tr><td>1085773</td><td>Triamcinolone Acetonide 1 MG/ML Topical Cream [Triderm]</td></tr><tr><td>1648997</td><td>Triamcinolone Acetonide 0.25 MG/ML Topical Cream [Triderm]</td></tr><tr><td>1648999</td><td>Triamcinolone Acetonide 5 MG/ML Topical Cream [Triderm]</td></tr><tr><td>1368285</td><td>Neomycin 2.5 MG/ML / Nystatin 100000 UNT/ML / Thiostrepton                     2500 UNT/ML / Triamcinolone Acetonide 1 MG/ML Topical Cream [Animax]</td></tr><tr><td>1442876</td><td>Triamcinolone Acetonide 1 MG/ML Topical Cream [Dermasorb TA]</td></tr><tr><td>1805714</td><td>Triamcinolone Acetonide 0.15 MG/ML Topical Spray [Genesis]</td></tr><tr><td>1014317</td><td>Triamcinolone Topical Cream [Pediaderm TA]</td></tr><tr><td>1110805</td><td>Triamcinolone Topical Ointment [Trianex]</td></tr><tr><td>362100</td><td>Triamcinolone Topical Cream [Triderm]</td></tr><tr><td>93044</td><td>Triamcinolone Topical Spray [Kenalog]</td></tr><tr><td>1368283</td><td>Neomycin / Nystatin / Thiostrepton / Triamcinolone Topical                     Cream [Animax]</td></tr><tr><td>1442874</td><td>Triamcinolone Topical Cream [Dermasorb TA]</td></tr><tr><td>1805712</td><td>Triamcinolone Topical Spray [Genesis]</td></tr><tr><td>1085633</td><td>Triamcinolone Acetonide 0.00025 MG/MG Topical Ointment</td></tr><tr><td>1085640</td><td>Triamcinolone Acetonide 0.005 MG/MG Topical Ointment</td></tr><tr><td>1085644</td><td>Triamcinolone Acetonide 0.25 MG/ML Topical Cream</td></tr><tr><td>1085686</td><td>Triamcinolone Acetonide 5 MG/ML Topical Cream</td></tr><tr><td>1085736</td><td>Triamcinolone Acetonide 0.147 MG/ML Topical Spray</td></tr><tr><td>1085741</td><td>Triamcinolone Acetonide 0.25 MG/ML Topical Lotion</td></tr><tr><td>1085977</td><td>Triamcinolone Acetonide 0.5 MG/ML Topical Cream</td></tr><tr><td>1090641</td><td>Triamcinolone Acetonide 0.0005 MG/MG Topical Ointment</td></tr><tr><td>1014314</td><td>Triamcinolone Acetonide 1 MG/ML Topical Cream</td></tr><tr><td>1053697</td><td>Nystatin 100 UNT/MG / Triamcinolone Acetonide 0.001 MG/MG                     Topical Ointment</td></tr><tr><td>1053753</td><td>Nystatin 100000 UNT/ML / Triamcinolone Acetonide 1 MG/ML                     Topical Cream</td></tr><tr><td>1085636</td><td>Triamcinolone Acetonide 0.001 MG/MG Topical Ointment</td></tr><tr><td>1085745</td><td>Triamcinolone Acetonide 1 MG/ML Topical Lotion</td></tr><tr><td>1086277</td><td>Chlortetracycline 0.03 MG/MG / Triamcinolone Acetonide 0.001                     MG/MG Topical Ointment</td></tr><tr><td>1086278</td><td>Neomycin 3.5 MG/ML / Triamcinolone Acetonide 1 MG/ML Otic Solution</td></tr><tr><td>1368280</td><td>Neomycin 2.5 MG/ML / Nystatin 100000 UNT/ML / Thiostrepton                     2500 UNT/ML / Triamcinolone Acetonide 1 MG/ML Topical Cream</td></tr><tr><td>1805709</td><td>Triamcinolone Acetonide 0.15 MG/ML Topical Spray</td></tr><tr><td>373041</td><td>Neomycin / Triamcinolone Otic Solution</td></tr><tr><td>374401</td><td>Nystatin / Triamcinolone Topical Ointment</td></tr><tr><td>374434</td><td>Triamcinolone Topical Ointment</td></tr><tr><td>376478</td><td>Chlortetracycline / Triamcinolone Topical Ointment</td></tr><tr><td>377376</td><td>Triamcinolone Topical Spray</td></tr><tr><td>377781</td><td>Nystatin / Triamcinolone Topical Cream</td></tr><tr><td>377831</td><td>Triamcinolone Topical Cream</td></tr><tr><td>378693</td><td>Triamcinolone Topical Lotion</td></tr><tr><td>1368278</td><td>Neomycin / Nystatin / Thiostrepton / Triamcinolone Topical Cream</td></tr><tr><td>1155778</td><td>Chlortetracycline / Triamcinolone Topical Product</td></tr><tr><td>1157544</td><td>Neomycin / Triamcinolone Otic Product</td></tr><tr><td>1368277</td><td>Neomycin / Nystatin / Thiostrepton / Triamcinolone Topical Product</td></tr><tr><td>1158231</td><td>Triamcinolone Topical Product</td></tr><tr><td>1160432</td><td>Nystatin / Triamcinolone Topical Product</td></tr><tr><td>1368284</td><td>Animax Topical Product</td></tr><tr><td>1442875</td><td>Dermasorb TA Topical Product</td></tr><tr><td>1805713</td><td>Genesis Topical Product</td></tr><tr><td>1170044</td><td>Kenalog Topical Product</td></tr><tr><td>1182127</td><td>Trianex Topical Product</td></tr><tr><td>1182722</td><td>Triderm Topical Product</td></tr><tr><td>1183428</td><td>Oralone Oral Product</td></tr><tr><td>1183995</td><td>Pediaderm TA Topical Product</td></tr></table></li></ul></div>"},"url":"http://hl7.org/fhir/uv/pddi/ValueSet/valueset-triamcinolone-exclude","version":"1.0.0-ballot","name":"Valueset_triamcinolone_exclude","title":"Exclude Triamcinolone Medications Value Set","status":"draft","experimental":true,"date":"2018-07-02","publisher":"HL7 Clinical Decision Support Workgroup","contact":[{"telecom":[{"system":"url","value":"http://hl7.org/Special/committees/dss"}]}],"description":"ValueSet containing drug identifiers to exclude. Criteria is explicitly stating topical, gel, cream, ointment, otic, or ophthalmic formulations.","jurisdiction":[{"coding":[{"system":"http://unstats.un.org/unsd/methods/m49/m49.htm","code":"001"}]}],"purpose":"To refine valueset for Warfarin + NSAID PDDI-CDS","copyright":"(copyright expectations unknown)","compose":{"include":[{"system":"http://www.nlm.nih.gov/research/umls/rxnorm","concept":[{"code":"1720617","display":"{1 (118 ML) (dimethicone 20 MG/ML Topical Cream) / 1 (80000                     MG) (Triamcinolone Acetonide 1 MG/ML Topical Cream) } Pack"},{"code":"1014318","display":"Triamcinolone Acetonide 1 MG/ML Topical Cream [Pediaderm TA]"},{"code":"1110806","display":"Triamcinolone Acetonide 0.0005 MG/MG Topical Ointment [Trianex]"},{"code":"1085738","display":"Triamcinolone Acetonide 0.147 MG/ML Topical Spray [Kenalog]"},{"code":"1085773","display":"Triamcinolone Acetonide 1 MG/ML Topical Cream [Triderm]"},{"code":"1648997","display":"Triamcinolone Acetonide 0.25 MG/ML Topical Cream [Triderm]"},{"code":"1648999","display":"Triamcinolone Acetonide 5 MG/ML Topical Cream [Triderm]"},{"code":"1368285","display":"Neomycin 2.5 MG/ML / Nystatin 100000 UNT/ML / Thiostrepton                     2500 UNT/ML / Triamcinolone Acetonide 1 MG/ML Topical Cream [Animax]"},{"code":"1442876","display":"Triamcinolone Acetonide 1 MG/ML Topical Cream [Dermasorb TA]"},{"code":"1805714","display":"Triamcinolone Acetonide 0.15 MG/ML Topical Spray [Genesis]"},{"code":"1014317","display":"Triamcinolone Topical Cream [Pediaderm TA]"},{"code":"1110805","display":"Triamcinolone Topical Ointment [Trianex]"},{"code":"362100","display":"Triamcinolone Topical Cream [Triderm]"},{"code":"93044","display":"Triamcinolone Topical Spray [Kenalog]"},{"code":"1368283","display":"Neomycin / Nystatin / Thiostrepton / Triamcinolone Topical                     Cream [Animax]"},{"code":"1442874","display":"Triamcinolone Topical Cream [Dermasorb TA]"},{"code":"1805712","display":"Triamcinolone Topical Spray [Genesis]"},{"code":"1085633","display":"Triamcinolone Acetonide 0.00025 MG/MG Topical Ointment"},{"code":"1085640","display":"Triamcinolone Acetonide 0.005 MG/MG Topical Ointment"},{"code":"1085644","display":"Triamcinolone Acetonide 0.25 MG/ML Topical Cream"},{"code":"1085686","display":"Triamcinolone Acetonide 5 MG/ML Topical Cream"},{"code":"1085736","display":"Triamcinolone Acetonide 0.147 MG/ML Topical Spray"},{"code":"1085741","display":"Triamcinolone Acetonide 0.25 MG/ML Topical Lotion"},{"code":"1085977","display":"Triamcinolone Acetonide 0.5 MG/ML Topical Cream"},{"code":"1090641","display":"Triamcinolone Acetonide 0.0005 MG/MG Topical Ointment"},{"code":"1014314","display":"Triamcinolone Acetonide 1 MG/ML Topical Cream"},{"code":"1053697","display":"Nystatin 100 UNT/MG / Triamcinolone Acetonide 0.001 MG/MG                     Topical Ointment"},{"code":"1053753","display":"Nystatin 100000 UNT/ML / Triamcinolone Acetonide 1 MG/ML                     Topical Cream"},{"code":"1085636","display":"Triamcinolone Acetonide 0.001 MG/MG Topical Ointment"},{"code":"1085745","display":"Triamcinolone Acetonide 1 MG/ML Topical Lotion"},{"code":"1086277","display":"Chlortetracycline 0.03 MG/MG / Triamcinolone Acetonide 0.001                     MG/MG Topical Ointment"},{"code":"1086278","display":"Neomycin 3.5 MG/ML / Triamcinolone Acetonide 1 MG/ML Otic Solution"},{"code":"1368280","display":"Neomycin 2.5 MG/ML / Nystatin 100000 UNT/ML / Thiostrepton                     2500 UNT/ML / Triamcinolone Acetonide 1 MG/ML Topical Cream"},{"code":"1805709","display":"Triamcinolone Acetonide 0.15 MG/ML Topical Spray"},{"code":"373041","display":"Neomycin / Triamcinolone Otic Solution"},{"code":"374401","display":"Nystatin / Triamcinolone Topical Ointment"},{"code":"374434","display":"Triamcinolone Topical Ointment"},{"code":"376478","display":"Chlortetracycline / Triamcinolone Topical Ointment"},{"code":"377376","display":"Triamcinolone Topical Spray"},{"code":"377781","display":"Nystatin / Triamcinolone Topical Cream"},{"code":"377831","display":"Triamcinolone Topical Cream"},{"code":"378693","display":"Triamcinolone Topical Lotion"},{"code":"1368278","display":"Neomycin / Nystatin / Thiostrepton / Triamcinolone Topical Cream"},{"code":"1155778","display":"Chlortetracycline / Triamcinolone Topical Product"},{"code":"1157544","display":"Neomycin / Triamcinolone Otic Product"},{"code":"1368277","display":"Neomycin / Nystatin / Thiostrepton / Triamcinolone Topical Product"},{"code":"1158231","display":"Triamcinolone Topical Product"},{"code":"1160432","display":"Nystatin / Triamcinolone Topical Product"},{"code":"1368284","display":"Animax Topical Product"},{"code":"1442875","display":"Dermasorb TA Topical Product"},{"code":"1805713","display":"Genesis Topical Product"},{"code":"1170044","display":"Kenalog Topical Product"},{"code":"1182127","display":"Trianex Topical Product"},{"code":"1182722","display":"Triderm Topical Product"},{"code":"1183428","display":"Oralone Oral Product"},{"code":"1183995","display":"Pediaderm TA Topical Product"}]}]}}