{"resourceType":"ValueSet","id":"valueset-rabeprazole","text":{"status":"generated","div":"<div xmlns=\"http://www.w3.org/1999/xhtml\"><ul><li>Include these codes as defined in <a href=\"http://www.nlm.nih.gov/research/umls/rxnorm\"><code>http://www.nlm.nih.gov/research/umls/rxnorm</code></a><table class=\"none\"><tr><td style=\"white-space:nowrap\"><b>Code</b></td><td><b>Display</b></td></tr><tr><td>261440</td><td>Aciphex</td></tr><tr><td>114979</td><td>rabeprazole</td></tr><tr><td>226868</td><td>Rabeprazole sodium</td></tr><tr><td>854870</td><td>Rabeprazole sodium 20 MG Delayed Release Oral Tablet [Aciphex]</td></tr><tr><td>1437492</td><td>Rabeprazole sodium 5 MG Oral Granules [Aciphex]</td></tr><tr><td>1483319</td><td>Rabeprazole sodium 10 MG Oral Granules [Aciphex]</td></tr><tr><td>854865</td><td>Rabeprazole sodium 20 MG [Aciphex]</td></tr><tr><td>1437485</td><td>Rabeprazole sodium 10 MG [Aciphex]</td></tr><tr><td>1437490</td><td>Rabeprazole sodium 5 MG [Aciphex]</td></tr><tr><td>854869</td><td>rabeprazole Delayed Release Oral Tablet [Aciphex]</td></tr><tr><td>854868</td><td>Rabeprazole sodium 20 MG Delayed Release Oral Tablet</td></tr><tr><td>854872</td><td>Rabeprazole sodium 10 MG Delayed Release Oral Tablet</td></tr><tr><td>1483318</td><td>Rabeprazole sodium 10 MG Oral Granules</td></tr><tr><td>1437489</td><td>Rabeprazole sodium 5 MG Oral Granules</td></tr><tr><td>854862</td><td>Rabeprazole sodium 20 MG</td></tr><tr><td>854871</td><td>Rabeprazole sodium 10 MG</td></tr><tr><td>1437487</td><td>Rabeprazole sodium 5 MG</td></tr><tr><td>375256</td><td>rabeprazole Delayed Release Oral Tablet</td></tr><tr><td>1157892</td><td>rabeprazole Oral Product</td></tr><tr><td>1157893</td><td>rabeprazole Pill</td></tr><tr><td>1168435</td><td>Aciphex Oral Product</td></tr><tr><td>1168436</td><td>Aciphex Pill</td></tr></table></li></ul></div>"},"url":"http://hl7.org/fhir/uv/pddi/ValueSet/valueset-rabeprazole","version":"1.0.0-ballot","name":"Valueset_rabeprazole","title":"Rabeprazole Medications Value Set","status":"draft","experimental":true,"date":"2018-07-02","publisher":"HL7 Clinical Decision Support Workgroup","contact":[{"telecom":[{"system":"url","value":"http://hl7.org/Special/committees/dss"}]}],"description":"ValueSet containing drug identifiers for rabeprazole.","jurisdiction":[{"coding":[{"system":"http://unstats.un.org/unsd/methods/m49/m49.htm","code":"001"}]}],"copyright":"(copyright expectations unknown)","compose":{"include":[{"system":"http://www.nlm.nih.gov/research/umls/rxnorm","concept":[{"code":"261440","display":"Aciphex"},{"code":"114979","display":"rabeprazole"},{"code":"226868","display":"Rabeprazole sodium"},{"code":"854870","display":"Rabeprazole sodium 20 MG Delayed Release Oral Tablet [Aciphex]"},{"code":"1437492","display":"Rabeprazole sodium 5 MG Oral Granules [Aciphex]"},{"code":"1483319","display":"Rabeprazole sodium 10 MG Oral Granules [Aciphex]"},{"code":"854865","display":"Rabeprazole sodium 20 MG [Aciphex]"},{"code":"1437485","display":"Rabeprazole sodium 10 MG [Aciphex]"},{"code":"1437490","display":"Rabeprazole sodium 5 MG [Aciphex]"},{"code":"854869","display":"rabeprazole Delayed Release Oral Tablet [Aciphex]"},{"code":"854868","display":"Rabeprazole sodium 20 MG Delayed Release Oral Tablet"},{"code":"854872","display":"Rabeprazole sodium 10 MG Delayed Release Oral Tablet"},{"code":"1483318","display":"Rabeprazole sodium 10 MG Oral Granules"},{"code":"1437489","display":"Rabeprazole sodium 5 MG Oral Granules"},{"code":"854862","display":"Rabeprazole sodium 20 MG"},{"code":"854871","display":"Rabeprazole sodium 10 MG"},{"code":"1437487","display":"Rabeprazole sodium 5 MG"},{"code":"375256","display":"rabeprazole Delayed Release Oral Tablet"},{"code":"1157892","display":"rabeprazole Oral Product"},{"code":"1157893","display":"rabeprazole Pill"},{"code":"1168435","display":"Aciphex Oral Product"},{"code":"1168436","display":"Aciphex Pill"}]}]}}