{"resourceType":"ValueSet","id":"valueset-flurbiprofen","text":{"status":"generated","div":"<div xmlns=\"http://www.w3.org/1999/xhtml\"><ul><li>Include these codes as defined in <a href=\"http://www.nlm.nih.gov/research/umls/rxnorm\"><code>http://www.nlm.nih.gov/research/umls/rxnorm</code></a><table class=\"none\"><tr><td style=\"white-space:nowrap\"><b>Code</b></td><td><b>Display</b></td></tr><tr><td>203411</td><td>Ansaid</td></tr><tr><td>93588</td><td>Ocufen</td></tr><tr><td>4502</td><td>Flurbiprofen</td></tr><tr><td>91351</td><td>Flurbiprofen sodium</td></tr><tr><td>205626</td><td>Flurbiprofen 100 MG Oral Tablet [Ansaid]</td></tr><tr><td>1243587</td><td>Flurbiprofen sodium 0.3 MG/ML Ophthalmic Solution [Ocufen]</td></tr><tr><td>566518</td><td>Flurbiprofen 100 MG [Ansaid]</td></tr><tr><td>1243586</td><td>Flurbiprofen sodium 0.3 MG/ML [Ocufen]</td></tr><tr><td>363680</td><td>Flurbiprofen Ophthalmic Solution [Ocufen]</td></tr><tr><td>369463</td><td>Flurbiprofen Oral Tablet [Ansaid]</td></tr><tr><td>105845</td><td>Flurbiprofen 100 MG Rectal Suppository</td></tr><tr><td>197724</td><td>Flurbiprofen 100 MG Oral Tablet</td></tr><tr><td>197725</td><td>Flurbiprofen 50 MG Oral Tablet</td></tr><tr><td>199749</td><td>Flurbiprofen 200 MG Extended Release Oral Capsule</td></tr><tr><td>389247</td><td>Flurbiprofen 8.75 MG Oral Lozenge</td></tr><tr><td>1243585</td><td>Flurbiprofen sodium 0.3 MG/ML Ophthalmic Solution</td></tr><tr><td>315958</td><td>Flurbiprofen 100 MG</td></tr><tr><td>315959</td><td>Flurbiprofen 50 MG</td></tr><tr><td>331958</td><td>Flurbiprofen 200 MG</td></tr><tr><td>393448</td><td>Flurbiprofen 8.75 MG</td></tr><tr><td>1243584</td><td>Flurbiprofen sodium 0.3 MG/ML</td></tr><tr><td>372245</td><td>Flurbiprofen Extended Release Oral Capsule</td></tr><tr><td>372246</td><td>Flurbiprofen Ophthalmic Solution</td></tr><tr><td>372247</td><td>Flurbiprofen Rectal Suppository</td></tr><tr><td>372249</td><td>Flurbiprofen Oral Tablet</td></tr><tr><td>393449</td><td>Flurbiprofen Oral Lozenge</td></tr><tr><td>1161452</td><td>Flurbiprofen Ophthalmic Product</td></tr><tr><td>1161453</td><td>Flurbiprofen Oral Product</td></tr><tr><td>1161454</td><td>Flurbiprofen Pill</td></tr><tr><td>1161455</td><td>Flurbiprofen Rectal Product</td></tr><tr><td>1295079</td><td>Flurbiprofen Lozenge Product</td></tr><tr><td>1176829</td><td>Ansaid Oral Product</td></tr><tr><td>1176830</td><td>Ansaid Pill</td></tr><tr><td>1180561</td><td>Ocufen Ophthalmic Product</td></tr></table></li></ul></div>"},"url":"http://hl7.org/fhir/uv/pddi/ValueSet/valueset-flurbiprofen","version":"1.0.0-ballot","name":"Valueset_flurbiprofen","title":"Flurbiprofen Medications Value Set","status":"draft","experimental":true,"date":"2018-07-02","publisher":"HL7 Clinical Decision Support Workgroup","contact":[{"telecom":[{"system":"url","value":"http://hl7.org/Special/committees/dss"}]}],"description":"ValueSet containing drug identifiers for flurbiprofen.","jurisdiction":[{"coding":[{"system":"http://unstats.un.org/unsd/methods/m49/m49.htm","code":"001"}]}],"copyright":"(copyright expectations unknown)","compose":{"include":[{"system":"http://www.nlm.nih.gov/research/umls/rxnorm","concept":[{"code":"203411","display":"Ansaid"},{"code":"93588","display":"Ocufen"},{"code":"4502","display":"Flurbiprofen"},{"code":"91351","display":"Flurbiprofen sodium"},{"code":"205626","display":"Flurbiprofen 100 MG Oral Tablet [Ansaid]"},{"code":"1243587","display":"Flurbiprofen sodium 0.3 MG/ML Ophthalmic Solution [Ocufen]"},{"code":"566518","display":"Flurbiprofen 100 MG [Ansaid]"},{"code":"1243586","display":"Flurbiprofen sodium 0.3 MG/ML [Ocufen]"},{"code":"363680","display":"Flurbiprofen Ophthalmic Solution [Ocufen]"},{"code":"369463","display":"Flurbiprofen Oral Tablet [Ansaid]"},{"code":"105845","display":"Flurbiprofen 100 MG Rectal Suppository"},{"code":"197724","display":"Flurbiprofen 100 MG Oral Tablet"},{"code":"197725","display":"Flurbiprofen 50 MG Oral Tablet"},{"code":"199749","display":"Flurbiprofen 200 MG Extended Release Oral Capsule"},{"code":"389247","display":"Flurbiprofen 8.75 MG Oral Lozenge"},{"code":"1243585","display":"Flurbiprofen sodium 0.3 MG/ML Ophthalmic Solution"},{"code":"315958","display":"Flurbiprofen 100 MG"},{"code":"315959","display":"Flurbiprofen 50 MG"},{"code":"331958","display":"Flurbiprofen 200 MG"},{"code":"393448","display":"Flurbiprofen 8.75 MG"},{"code":"1243584","display":"Flurbiprofen sodium 0.3 MG/ML"},{"code":"372245","display":"Flurbiprofen Extended Release Oral Capsule"},{"code":"372246","display":"Flurbiprofen Ophthalmic Solution"},{"code":"372247","display":"Flurbiprofen Rectal Suppository"},{"code":"372249","display":"Flurbiprofen Oral Tablet"},{"code":"393449","display":"Flurbiprofen Oral Lozenge"},{"code":"1161452","display":"Flurbiprofen Ophthalmic Product"},{"code":"1161453","display":"Flurbiprofen Oral Product"},{"code":"1161454","display":"Flurbiprofen Pill"},{"code":"1161455","display":"Flurbiprofen Rectal Product"},{"code":"1295079","display":"Flurbiprofen Lozenge Product"},{"code":"1176829","display":"Ansaid Oral Product"},{"code":"1176830","display":"Ansaid Pill"},{"code":"1180561","display":"Ocufen Ophthalmic Product"}]}]}}