{"resourceType":"ValueSet","id":"valueset-ketorolac","text":{"status":"generated","div":"<div xmlns=\"http://www.w3.org/1999/xhtml\"><ul><li>Include these codes as defined in <a href=\"http://www.nlm.nih.gov/research/umls/rxnorm\"><code>http://www.nlm.nih.gov/research/umls/rxnorm</code></a><table class=\"none\"><tr><td style=\"white-space:nowrap\"><b>Code</b></td><td><b>Display</b></td></tr><tr><td>152819</td><td>Acular</td></tr><tr><td>858359</td><td>Acuvail</td></tr><tr><td>992421</td><td>Sprix</td></tr><tr><td>1540231</td><td>Omidria</td></tr><tr><td>35827</td><td>Ketorolac</td></tr><tr><td>1540229</td><td>Ketorolac / Phenylephrine</td></tr><tr><td>28200</td><td>Ketorolac Tromethamine</td></tr><tr><td>860105</td><td>Ketorolac Tromethamine 4 MG/ML Ophthalmic Solution [Acular]</td></tr><tr><td>860109</td><td>Ketorolac Tromethamine 5 MG/ML Ophthalmic Solution [Acular]</td></tr><tr><td>858366</td><td>Ketorolac Tromethamine 4.5 MG/ML Ophthalmic Solution [Acuvail]</td></tr><tr><td>1797857</td><td>Ketorolac Tromethamine 15.8 MG/ACTUAT Metered Dose Nasal                     Spray [Sprix]</td></tr><tr><td>1540235</td><td>Ketorolac 2.88 MG/ML / Phenylephrine 10.16 MG/ML Ophthalmic                     Irrigation Solution [Omidria]</td></tr><tr><td>860104</td><td>Ketorolac Tromethamine 4 MG/ML [Acular]</td></tr><tr><td>860108</td><td>Ketorolac Tromethamine 5 MG/ML [Acular]</td></tr><tr><td>858365</td><td>Ketorolac Tromethamine 4.5 MG/ML [Acuvail]</td></tr><tr><td>992422</td><td>Ketorolac Tromethamine 15.8 MG/ACTUAT [Sprix]</td></tr><tr><td>1540232</td><td>Ketorolac 2.88 MG/ML / Phenylephrine 10.16 MG/ML [Omidria]</td></tr><tr><td>363846</td><td>Ketorolac Ophthalmic Solution [Acular]</td></tr><tr><td>858361</td><td>Ketorolac Ophthalmic Solution [Acuvail]</td></tr><tr><td>1543461</td><td>Ketorolac / Phenylephrine Ophthalmic Irrigation Solution [Omidria]</td></tr><tr><td>1797856</td><td>Ketorolac Metered Dose Nasal Spray [Sprix]</td></tr><tr><td>834022</td><td>Ketorolac Tromethamine 10 MG Oral Tablet</td></tr><tr><td>858364</td><td>Ketorolac Tromethamine 4.5 MG/ML Ophthalmic Solution</td></tr><tr><td>860092</td><td>1 ML Ketorolac Tromethamine 15 MG/ML Injection</td></tr><tr><td>860096</td><td>Ketorolac Tromethamine 30 MG/ML Injectable Solution</td></tr><tr><td>860103</td><td>Ketorolac Tromethamine 4 MG/ML Ophthalmic Solution</td></tr><tr><td>860107</td><td>Ketorolac Tromethamine 5 MG/ML Ophthalmic Solution</td></tr><tr><td>860113</td><td>1 ML Ketorolac Tromethamine 15 MG/ML Prefilled Syringe</td></tr><tr><td>860114</td><td>1 ML Ketorolac Tromethamine 30 MG/ML Prefilled Syringe</td></tr><tr><td>860115</td><td>2 ML Ketorolac Tromethamine 30 MG/ML Prefilled Syringe</td></tr><tr><td>1665459</td><td>2 ML Ketorolac Tromethamine 30 MG/ML Injection</td></tr><tr><td>1665461</td><td>1 ML Ketorolac Tromethamine 30 MG/ML Injection</td></tr><tr><td>1665675</td><td>1 ML Ketorolac Tromethamine 15 MG/ML Cartridge</td></tr><tr><td>1665679</td><td>1 ML Ketorolac Tromethamine 30 MG/ML Cartridge</td></tr><tr><td>1665682</td><td>2 ML Ketorolac Tromethamine 30 MG/ML Cartridge</td></tr><tr><td>861846</td><td>Ketorolac Tromethamine 10 MG/ML Injectable Solution</td></tr><tr><td>1797855</td><td>Ketorolac Tromethamine 15.8 MG/ACTUAT Metered Dose Nasal Spray</td></tr><tr><td>1540230</td><td>Ketorolac 2.88 MG/ML / Phenylephrine 10.16 MG/ML Ophthalmic                     Irrigation Solution</td></tr><tr><td>834021</td><td>Ketorolac Tromethamine 10 MG</td></tr><tr><td>858363</td><td>Ketorolac Tromethamine 4.5 MG/ML</td></tr><tr><td>860091</td><td>Ketorolac Tromethamine 15 MG/ML</td></tr><tr><td>860095</td><td>Ketorolac Tromethamine 30 MG/ML</td></tr><tr><td>860102</td><td>Ketorolac Tromethamine 4 MG/ML</td></tr><tr><td>860106</td><td>Ketorolac Tromethamine 5 MG/ML</td></tr><tr><td>861845</td><td>Ketorolac Tromethamine 10 MG/ML</td></tr><tr><td>992418</td><td>Ketorolac Tromethamine 15.8 MG/ACTUAT</td></tr><tr><td>1540225</td><td>Ketorolac 2.88 MG/ML</td></tr><tr><td>372545</td><td>Ketorolac Injectable Solution</td></tr><tr><td>372547</td><td>Ketorolac Oral Tablet</td></tr><tr><td>377446</td><td>Ketorolac Ophthalmic Solution</td></tr><tr><td>727596</td><td>Ketorolac Prefilled Syringe</td></tr><tr><td>1543459</td><td>Ketorolac / Phenylephrine Ophthalmic Irrigation Solution</td></tr><tr><td>1665000</td><td>Ketorolac Injection</td></tr><tr><td>1665674</td><td>Ketorolac Cartridge</td></tr><tr><td>1797854</td><td>Ketorolac Metered Dose Nasal Spray</td></tr><tr><td>1543458</td><td>Ketorolac / Phenylephrine Ophthalmic Product</td></tr><tr><td>1801234</td><td>Ketorolac Nasal Product</td></tr><tr><td>1160965</td><td>Ketorolac Inhalant Product</td></tr><tr><td>1160966</td><td>Ketorolac Injectable Product</td></tr><tr><td>1160968</td><td>Ketorolac Ophthalmic Product</td></tr><tr><td>1160969</td><td>Ketorolac Oral Product</td></tr><tr><td>1160970</td><td>Ketorolac Pill</td></tr><tr><td>1543462</td><td>Omidria Ophthalmic Product</td></tr><tr><td>1801261</td><td>Sprix Nasal Product</td></tr><tr><td>1169934</td><td>Acular Ophthalmic Product</td></tr><tr><td>1169948</td><td>Acuvail Ophthalmic Product</td></tr><tr><td>1177779</td><td>Sprix Inhalant Product</td></tr></table></li></ul></div>"},"url":"http://hl7.org/fhir/uv/pddi/ValueSet/valueset-ketorolac","version":"1.0.0-ballot","name":"Valueset_ketorolac","title":"Ketorolac Medications Value Set","status":"draft","experimental":true,"date":"2018-07-02","publisher":"HL7 Clinical Decision Support Workgroup","contact":[{"telecom":[{"system":"url","value":"http://hl7.org/Special/committees/dss"}]}],"description":"ValueSet containing drug identifiers for ketorolac.","jurisdiction":[{"coding":[{"system":"http://unstats.un.org/unsd/methods/m49/m49.htm","code":"001"}]}],"copyright":"(copyright expectations unknown)","compose":{"include":[{"system":"http://www.nlm.nih.gov/research/umls/rxnorm","concept":[{"code":"152819","display":"Acular"},{"code":"858359","display":"Acuvail"},{"code":"992421","display":"Sprix"},{"code":"1540231","display":"Omidria"},{"code":"35827","display":"Ketorolac"},{"code":"1540229","display":"Ketorolac / Phenylephrine"},{"code":"28200","display":"Ketorolac Tromethamine"},{"code":"860105","display":"Ketorolac Tromethamine 4 MG/ML Ophthalmic Solution [Acular]"},{"code":"860109","display":"Ketorolac Tromethamine 5 MG/ML Ophthalmic Solution [Acular]"},{"code":"858366","display":"Ketorolac Tromethamine 4.5 MG/ML Ophthalmic Solution [Acuvail]"},{"code":"1797857","display":"Ketorolac Tromethamine 15.8 MG/ACTUAT Metered Dose Nasal                     Spray [Sprix]"},{"code":"1540235","display":"Ketorolac 2.88 MG/ML / Phenylephrine 10.16 MG/ML Ophthalmic                     Irrigation Solution [Omidria]"},{"code":"860104","display":"Ketorolac Tromethamine 4 MG/ML [Acular]"},{"code":"860108","display":"Ketorolac Tromethamine 5 MG/ML [Acular]"},{"code":"858365","display":"Ketorolac Tromethamine 4.5 MG/ML [Acuvail]"},{"code":"992422","display":"Ketorolac Tromethamine 15.8 MG/ACTUAT [Sprix]"},{"code":"1540232","display":"Ketorolac 2.88 MG/ML / Phenylephrine 10.16 MG/ML [Omidria]"},{"code":"363846","display":"Ketorolac Ophthalmic Solution [Acular]"},{"code":"858361","display":"Ketorolac Ophthalmic Solution [Acuvail]"},{"code":"1543461","display":"Ketorolac / Phenylephrine Ophthalmic Irrigation Solution [Omidria]"},{"code":"1797856","display":"Ketorolac Metered Dose Nasal Spray [Sprix]"},{"code":"834022","display":"Ketorolac Tromethamine 10 MG Oral Tablet"},{"code":"858364","display":"Ketorolac Tromethamine 4.5 MG/ML Ophthalmic Solution"},{"code":"860092","display":"1 ML Ketorolac Tromethamine 15 MG/ML Injection"},{"code":"860096","display":"Ketorolac Tromethamine 30 MG/ML Injectable Solution"},{"code":"860103","display":"Ketorolac Tromethamine 4 MG/ML Ophthalmic Solution"},{"code":"860107","display":"Ketorolac Tromethamine 5 MG/ML Ophthalmic Solution"},{"code":"860113","display":"1 ML Ketorolac Tromethamine 15 MG/ML Prefilled Syringe"},{"code":"860114","display":"1 ML Ketorolac Tromethamine 30 MG/ML Prefilled Syringe"},{"code":"860115","display":"2 ML Ketorolac Tromethamine 30 MG/ML Prefilled Syringe"},{"code":"1665459","display":"2 ML Ketorolac Tromethamine 30 MG/ML Injection"},{"code":"1665461","display":"1 ML Ketorolac Tromethamine 30 MG/ML Injection"},{"code":"1665675","display":"1 ML Ketorolac Tromethamine 15 MG/ML Cartridge"},{"code":"1665679","display":"1 ML Ketorolac Tromethamine 30 MG/ML Cartridge"},{"code":"1665682","display":"2 ML Ketorolac Tromethamine 30 MG/ML Cartridge"},{"code":"861846","display":"Ketorolac Tromethamine 10 MG/ML Injectable Solution"},{"code":"1797855","display":"Ketorolac Tromethamine 15.8 MG/ACTUAT Metered Dose Nasal Spray"},{"code":"1540230","display":"Ketorolac 2.88 MG/ML / Phenylephrine 10.16 MG/ML Ophthalmic                     Irrigation Solution"},{"code":"834021","display":"Ketorolac Tromethamine 10 MG"},{"code":"858363","display":"Ketorolac Tromethamine 4.5 MG/ML"},{"code":"860091","display":"Ketorolac Tromethamine 15 MG/ML"},{"code":"860095","display":"Ketorolac Tromethamine 30 MG/ML"},{"code":"860102","display":"Ketorolac Tromethamine 4 MG/ML"},{"code":"860106","display":"Ketorolac Tromethamine 5 MG/ML"},{"code":"861845","display":"Ketorolac Tromethamine 10 MG/ML"},{"code":"992418","display":"Ketorolac Tromethamine 15.8 MG/ACTUAT"},{"code":"1540225","display":"Ketorolac 2.88 MG/ML"},{"code":"372545","display":"Ketorolac Injectable Solution"},{"code":"372547","display":"Ketorolac Oral Tablet"},{"code":"377446","display":"Ketorolac Ophthalmic Solution"},{"code":"727596","display":"Ketorolac Prefilled Syringe"},{"code":"1543459","display":"Ketorolac / Phenylephrine Ophthalmic Irrigation Solution"},{"code":"1665000","display":"Ketorolac Injection"},{"code":"1665674","display":"Ketorolac Cartridge"},{"code":"1797854","display":"Ketorolac Metered Dose Nasal Spray"},{"code":"1543458","display":"Ketorolac / Phenylephrine Ophthalmic Product"},{"code":"1801234","display":"Ketorolac Nasal Product"},{"code":"1160965","display":"Ketorolac Inhalant Product"},{"code":"1160966","display":"Ketorolac Injectable Product"},{"code":"1160968","display":"Ketorolac Ophthalmic Product"},{"code":"1160969","display":"Ketorolac Oral Product"},{"code":"1160970","display":"Ketorolac Pill"},{"code":"1543462","display":"Omidria Ophthalmic Product"},{"code":"1801261","display":"Sprix Nasal Product"},{"code":"1169934","display":"Acular Ophthalmic Product"},{"code":"1169948","display":"Acuvail Ophthalmic Product"},{"code":"1177779","display":"Sprix Inhalant Product"}]}]}}