{"resourceType":"ValueSet","id":"valueset-diclofenac","text":{"status":"generated","div":"<div xmlns=\"http://www.w3.org/1999/xhtml\"><ul><li>Include these codes as defined in <a href=\"http://www.nlm.nih.gov/research/umls/rxnorm\"><code>http://www.nlm.nih.gov/research/umls/rxnorm</code></a><table class=\"none\"><tr><td style=\"white-space:nowrap\"><b>Code</b></td><td><b>Display</b></td></tr><tr><td>1043480</td><td>Surpass Anti-Inflammatory</td></tr><tr><td>135123</td><td>Flector</td></tr><tr><td>202976</td><td>Voltaren</td></tr><tr><td>215916</td><td>Cataflam</td></tr><tr><td>284870</td><td>Solaraze</td></tr><tr><td>68373</td><td>Arthrotec</td></tr><tr><td>858343</td><td>Zipsor</td></tr><tr><td>858655</td><td>Cambia</td></tr><tr><td>967941</td><td>Pennsaid</td></tr><tr><td>1442117</td><td>Zorvolex</td></tr><tr><td>1607578</td><td>Dyloject</td></tr><tr><td>3355</td><td>Diclofenac</td></tr><tr><td>1007108</td><td>Diclofenac / pridinol</td></tr><tr><td>1008110</td><td>Codeine / Diclofenac</td></tr><tr><td>1008370</td><td>Amoxicillin / Diclofenac</td></tr><tr><td>1008452</td><td>Carisoprodol / Diclofenac</td></tr><tr><td>1008558</td><td>Ampicillin / Diclofenac</td></tr><tr><td>1008651</td><td>Betamethasone / Diclofenac / Vitamin B 12</td></tr><tr><td>1009044</td><td>Cholestyramine Resin / Diclofenac</td></tr><tr><td>1009080</td><td>Diclofenac / troxerutin</td></tr><tr><td>214502</td><td>Diclofenac / Misoprostol</td></tr><tr><td>819516</td><td>Acetaminophen / Diclofenac</td></tr><tr><td>1600381</td><td>Diclofenac / Fluorouracil</td></tr><tr><td>203214</td><td>Diclofenac Sodium</td></tr><tr><td>236125</td><td>diclofenac diethylammonium</td></tr><tr><td>40968</td><td>diclofenac epolamine</td></tr><tr><td>81997</td><td>Diclofenac Potassium</td></tr><tr><td>1043483</td><td>Diclofenac Sodium 10 MG/ML Topical Cream [Surpass Anti-Inflammatory]</td></tr><tr><td>855628</td><td>diclofenac epolamine 0.013 MG/MG Medicated Patch [Flector]</td></tr><tr><td>854803</td><td>Diclofenac Sodium 1 MG/ML Ophthalmic Solution [Voltaren]</td></tr><tr><td>855635</td><td>Diclofenac Sodium 0.01 MG/MG Topical Gel [Voltaren]</td></tr><tr><td>855659</td><td>24 HR Diclofenac Sodium 100 MG Extended Release Oral Tablet [Voltaren]</td></tr><tr><td>855928</td><td>Diclofenac Sodium 75 MG Delayed Release Oral Tablet [Voltaren]</td></tr><tr><td>855944</td><td>Diclofenac Potassium 50 MG Oral Tablet [Cataflam]</td></tr><tr><td>855644</td><td>Diclofenac Sodium 0.03 MG/MG Topical Gel [Solaraze]</td></tr><tr><td>1359107</td><td>Diclofenac Sodium 50 MG / Misoprostol 0.2 MG Delayed Release                     Oral Tablet [Arthrotec]</td></tr><tr><td>1359109</td><td>Diclofenac Sodium 75 MG / Misoprostol 0.2 MG Delayed Release                     Oral Tablet [Arthrotec]</td></tr><tr><td>858346</td><td>Diclofenac Potassium 25 MG Oral Capsule [Zipsor]</td></tr><tr><td>859066</td><td>Diclofenac Potassium 50 MG Powder for Oral Solution [Cambia]</td></tr><tr><td>967944</td><td>Diclofenac Sodium 15 MG/ML Topical Solution [Pennsaid]</td></tr><tr><td>1487076</td><td>Diclofenac Sodium 20 MG/ML Topical Solution [Pennsaid]</td></tr><tr><td>1442122</td><td>Diclofenac 18 MG Oral Capsule [Zorvolex]</td></tr><tr><td>1442130</td><td>Diclofenac 35 MG Oral Capsule [Zorvolex]</td></tr><tr><td>1607582</td><td>1 ML Diclofenac Sodium 37.5 MG/ML Injection [Dyloject]</td></tr><tr><td>1043481</td><td>Diclofenac Sodium 10 MG/ML [Surpass Anti-Inflammatory]</td></tr><tr><td>1792848</td><td>diclofenac epolamine 0.013 MG/MG [Flector]</td></tr><tr><td>854802</td><td>Diclofenac Sodium 1 MG/ML [Voltaren]</td></tr><tr><td>855634</td><td>Diclofenac Sodium 0.01 MG/MG [Voltaren]</td></tr><tr><td>855658</td><td>Diclofenac Sodium 100 MG [Voltaren]</td></tr><tr><td>855927</td><td>Diclofenac Sodium 75 MG [Voltaren]</td></tr><tr><td>855943</td><td>Diclofenac Potassium 50 MG [Cataflam]</td></tr><tr><td>855643</td><td>Diclofenac Sodium 0.03 MG/MG [Solaraze]</td></tr><tr><td>855683</td><td>Diclofenac Sodium 50 MG / Misoprostol 0.2 MG [Arthrotec]</td></tr><tr><td>855917</td><td>Diclofenac Sodium 75 MG / Misoprostol 0.2 MG [Arthrotec]</td></tr><tr><td>858344</td><td>Diclofenac Potassium 25 MG [Zipsor]</td></tr><tr><td>1856556</td><td>Diclofenac Potassium 50 MG [Cambia]</td></tr><tr><td>967942</td><td>Diclofenac Sodium 15 MG/ML [Pennsaid]</td></tr><tr><td>1487075</td><td>Diclofenac Sodium 20 MG/ML [Pennsaid]</td></tr><tr><td>1442118</td><td>Diclofenac 18 MG [Zorvolex]</td></tr><tr><td>1442129</td><td>Diclofenac 35 MG [Zorvolex]</td></tr><tr><td>1607579</td><td>Diclofenac Sodium 37.5 MG/ML [Dyloject]</td></tr><tr><td>1043482</td><td>Diclofenac Topical Cream [Surpass Anti-Inflammatory]</td></tr><tr><td>491344</td><td>Diclofenac Extended Release Oral Tablet [Voltaren]</td></tr><tr><td>369846</td><td>Diclofenac Delayed Release Oral Tablet [Voltaren]</td></tr><tr><td>369164</td><td>Diclofenac Oral Tablet [Cataflam]</td></tr><tr><td>370383</td><td>Diclofenac Topical Gel [Solaraze]</td></tr><tr><td>790412</td><td>Diclofenac Ophthalmic Solution [Voltaren]</td></tr><tr><td>752882</td><td>Diclofenac Topical Gel [Voltaren]</td></tr><tr><td>858345</td><td>Diclofenac Oral Capsule [Zipsor]</td></tr><tr><td>967943</td><td>Diclofenac Topical Solution [Pennsaid]</td></tr><tr><td>1442119</td><td>Diclofenac Oral Capsule [Zorvolex]</td></tr><tr><td>1792849</td><td>Diclofenac Medicated Patch [Flector]</td></tr><tr><td>1808541</td><td>Diclofenac / Misoprostol Delayed Release Oral Tablet [Arthrotec]</td></tr><tr><td>1856557</td><td>Diclofenac Powder for Oral Solution [Cambia]</td></tr><tr><td>1812340</td><td>Diclofenac Injection [Dyloject]</td></tr><tr><td>1043479</td><td>Diclofenac Sodium 10 MG/ML Topical Cream</td></tr><tr><td>1600382</td><td>Diclofenac Sodium 10 MG/ML / Fluorouracil 50 MG/ML Topical Cream</td></tr><tr><td>854801</td><td>Diclofenac Sodium 1 MG/ML Ophthalmic Solution</td></tr><tr><td>855633</td><td>Diclofenac Sodium 0.01 MG/MG Topical Gel</td></tr><tr><td>855642</td><td>Diclofenac Sodium 0.03 MG/MG Topical Gel</td></tr><tr><td>855657</td><td>24 HR Diclofenac Sodium 100 MG Extended Release Oral Tablet</td></tr><tr><td>855664</td><td>Diclofenac Sodium 25 MG Delayed Release Oral Tablet</td></tr><tr><td>855906</td><td>Diclofenac Sodium 50 MG Delayed Release Oral Tablet</td></tr><tr><td>855926</td><td>Diclofenac Sodium 75 MG Delayed Release Oral Tablet</td></tr><tr><td>855942</td><td>Diclofenac Potassium 50 MG Oral Tablet</td></tr><tr><td>857689</td><td>Diclofenac Sodium 0.25 MG/ML Oral Solution</td></tr><tr><td>857696</td><td>Diclofenac Sodium 100 MG Rectal Suppository</td></tr><tr><td>857698</td><td>Diclofenac Sodium 12.5 MG Rectal Suppository</td></tr><tr><td>857700</td><td>Diclofenac Sodium 15 MG/ML Topical Solution</td></tr><tr><td>857702</td><td>Diclofenac Potassium 25 MG Oral Tablet</td></tr><tr><td>857703</td><td>Diclofenac Sodium 25 MG Rectal Suppository</td></tr><tr><td>857705</td><td>Diclofenac Sodium 25 MG/ML Injectable Solution</td></tr><tr><td>857706</td><td>Diclofenac Sodium 50 MG / Misoprostol 0.2 MG Delayed Release                     Oral Tablet</td></tr><tr><td>857707</td><td>Diclofenac Sodium 50 MG Extended Release Oral Tablet</td></tr><tr><td>857709</td><td>Diclofenac Sodium 50 MG Rectal Suppository</td></tr><tr><td>857713</td><td>Diclofenac Sodium 75 MG Extended Release Oral Tablet</td></tr><tr><td>858342</td><td>Diclofenac Potassium 25 MG Oral Capsule</td></tr><tr><td>859063</td><td>Diclofenac Potassium 50 MG Powder for Oral Solution</td></tr><tr><td>1359105</td><td>Diclofenac Sodium 75 MG / Misoprostol 0.2 MG Delayed Release                     Oral Tablet</td></tr><tr><td>1234493</td><td>Diclofenac Sodium 100 MG Oral Capsule</td></tr><tr><td>1442116</td><td>Diclofenac 18 MG Oral Capsule</td></tr><tr><td>1442128</td><td>Diclofenac 35 MG Oral Capsule</td></tr><tr><td>1487074</td><td>Diclofenac Sodium 20 MG/ML Topical Solution</td></tr><tr><td>1599787</td><td>1 ML Diclofenac Sodium 37.5 MG/ML Injection</td></tr><tr><td>855626</td><td>diclofenac epolamine 0.013 MG/MG Medicated Patch</td></tr><tr><td>1043478</td><td>Diclofenac Sodium 10 MG/ML</td></tr><tr><td>854800</td><td>Diclofenac Sodium 1 MG/ML</td></tr><tr><td>855632</td><td>Diclofenac Sodium 0.01 MG/MG</td></tr><tr><td>855641</td><td>Diclofenac Sodium 0.03 MG/MG</td></tr><tr><td>855656</td><td>Diclofenac Sodium 100 MG</td></tr><tr><td>855663</td><td>Diclofenac Sodium 25 MG</td></tr><tr><td>855681</td><td>Diclofenac Sodium 50 MG</td></tr><tr><td>855915</td><td>Diclofenac Sodium 75 MG</td></tr><tr><td>855941</td><td>Diclofenac Potassium 50 MG</td></tr><tr><td>857688</td><td>Diclofenac Sodium 0.25 MG/ML</td></tr><tr><td>857697</td><td>Diclofenac Sodium 12.5 MG</td></tr><tr><td>857699</td><td>Diclofenac Sodium 15 MG/ML</td></tr><tr><td>857701</td><td>Diclofenac Potassium 25 MG</td></tr><tr><td>857704</td><td>Diclofenac Sodium 25 MG/ML</td></tr><tr><td>1442115</td><td>Diclofenac 18 MG</td></tr><tr><td>1442127</td><td>Diclofenac 35 MG</td></tr><tr><td>1487073</td><td>Diclofenac Sodium 20 MG/ML</td></tr><tr><td>1599786</td><td>Diclofenac Sodium 37.5 MG/ML</td></tr><tr><td>1792845</td><td>diclofenac epolamine 0.013 MG/MG</td></tr><tr><td>371793</td><td>Diclofenac Extended Release Oral Capsule</td></tr><tr><td>371794</td><td>Diclofenac Delayed Release Oral Tablet</td></tr><tr><td>371795</td><td>Diclofenac Injectable Solution</td></tr><tr><td>371796</td><td>Diclofenac Rectal Suppository</td></tr><tr><td>371798</td><td>Diclofenac Oral Tablet</td></tr><tr><td>371799</td><td>Diclofenac Extended Release Oral Tablet</td></tr><tr><td>376352</td><td>Diclofenac Oral Capsule</td></tr><tr><td>377959</td><td>Diclofenac Topical Gel</td></tr><tr><td>378986</td><td>Diclofenac Ophthalmic Solution</td></tr><tr><td>393139</td><td>Diclofenac Topical Solution</td></tr><tr><td>393225</td><td>Diclofenac Oral Solution</td></tr><tr><td>438948</td><td>Diclofenac Topical Cream</td></tr><tr><td>1600380</td><td>Diclofenac / Fluorouracil Topical Cream</td></tr><tr><td>1792846</td><td>Diclofenac Medicated Patch</td></tr><tr><td>1808539</td><td>Diclofenac / Misoprostol Delayed Release Oral Tablet</td></tr><tr><td>1812338</td><td>Diclofenac Injection</td></tr><tr><td>1856554</td><td>Diclofenac Powder for Oral Solution</td></tr><tr><td>1151144</td><td>Diclofenac / Misoprostol Oral Product</td></tr><tr><td>1151145</td><td>Diclofenac / Misoprostol Pill</td></tr><tr><td>1151149</td><td>Diclofenac Injectable Product</td></tr><tr><td>1151150</td><td>Diclofenac Ophthalmic Product</td></tr><tr><td>1151151</td><td>Diclofenac Oral Liquid Product</td></tr><tr><td>1151152</td><td>Diclofenac Oral Product</td></tr><tr><td>1151153</td><td>Diclofenac Pill</td></tr><tr><td>1151154</td><td>Diclofenac Rectal Product</td></tr><tr><td>1151155</td><td>Diclofenac Topical Product</td></tr><tr><td>1600379</td><td>Diclofenac / Fluorouracil Topical Product</td></tr><tr><td>1856553</td><td>Diclofenac Oral Powder Product</td></tr><tr><td>1442120</td><td>Zorvolex Oral Product</td></tr><tr><td>1442121</td><td>Zorvolex Pill</td></tr><tr><td>1607581</td><td>Dyloject Injectable Product</td></tr><tr><td>1169035</td><td>Flector Topical Product</td></tr><tr><td>1171432</td><td>Arthrotec Oral Product</td></tr><tr><td>1171435</td><td>Arthrotec Pill</td></tr><tr><td>1172293</td><td>Cambia Oral Product</td></tr><tr><td>1176384</td><td>Cataflam Oral Product</td></tr><tr><td>1176385</td><td>Cataflam Pill</td></tr><tr><td>1184581</td><td>Pennsaid Topical Product</td></tr><tr><td>1184815</td><td>Solaraze Topical Product</td></tr><tr><td>1184899</td><td>Surpass Anti-Inflammatory Topical Product</td></tr><tr><td>1187416</td><td>Voltaren Ophthalmic Product</td></tr><tr><td>1187417</td><td>Voltaren Oral Product</td></tr><tr><td>1187418</td><td>Voltaren Pill</td></tr><tr><td>1187421</td><td>Voltaren Topical Product</td></tr><tr><td>1187666</td><td>Zipsor Oral Product</td></tr><tr><td>1187667</td><td>Zipsor Pill</td></tr><tr><td>1856558</td><td>Cambia Oral Powder Product</td></tr></table></li></ul></div>"},"url":"http://hl7.org/fhir/uv/pddi/ValueSet/valueset-diclofenac","version":"1.0.0-ballot","name":"Valueset_diclofenac","title":"Diclofenac Medications Value Set","status":"draft","experimental":true,"date":"2018-07-02","publisher":"HL7 Clinical Decision Support Workgroup","contact":[{"telecom":[{"system":"url","value":"http://hl7.org/Special/committees/dss"}]}],"description":"ValueSet containing drug identifiers for diclofenac.","jurisdiction":[{"coding":[{"system":"http://unstats.un.org/unsd/methods/m49/m49.htm","code":"001"}]}],"copyright":"(copyright expectations unknown)","compose":{"include":[{"system":"http://www.nlm.nih.gov/research/umls/rxnorm","concept":[{"code":"1043480","display":"Surpass Anti-Inflammatory"},{"code":"135123","display":"Flector"},{"code":"202976","display":"Voltaren"},{"code":"215916","display":"Cataflam"},{"code":"284870","display":"Solaraze"},{"code":"68373","display":"Arthrotec"},{"code":"858343","display":"Zipsor"},{"code":"858655","display":"Cambia"},{"code":"967941","display":"Pennsaid"},{"code":"1442117","display":"Zorvolex"},{"code":"1607578","display":"Dyloject"},{"code":"3355","display":"Diclofenac"},{"code":"1007108","display":"Diclofenac / pridinol"},{"code":"1008110","display":"Codeine / Diclofenac"},{"code":"1008370","display":"Amoxicillin / Diclofenac"},{"code":"1008452","display":"Carisoprodol / Diclofenac"},{"code":"1008558","display":"Ampicillin / Diclofenac"},{"code":"1008651","display":"Betamethasone / Diclofenac / Vitamin B 12"},{"code":"1009044","display":"Cholestyramine Resin / Diclofenac"},{"code":"1009080","display":"Diclofenac / troxerutin"},{"code":"214502","display":"Diclofenac / Misoprostol"},{"code":"819516","display":"Acetaminophen / Diclofenac"},{"code":"1600381","display":"Diclofenac / Fluorouracil"},{"code":"203214","display":"Diclofenac Sodium"},{"code":"236125","display":"diclofenac diethylammonium"},{"code":"40968","display":"diclofenac epolamine"},{"code":"81997","display":"Diclofenac Potassium"},{"code":"1043483","display":"Diclofenac Sodium 10 MG/ML Topical Cream [Surpass Anti-Inflammatory]"},{"code":"855628","display":"diclofenac epolamine 0.013 MG/MG Medicated Patch [Flector]"},{"code":"854803","display":"Diclofenac Sodium 1 MG/ML Ophthalmic Solution [Voltaren]"},{"code":"855635","display":"Diclofenac Sodium 0.01 MG/MG Topical Gel [Voltaren]"},{"code":"855659","display":"24 HR Diclofenac Sodium 100 MG Extended Release Oral Tablet [Voltaren]"},{"code":"855928","display":"Diclofenac Sodium 75 MG Delayed Release Oral Tablet [Voltaren]"},{"code":"855944","display":"Diclofenac Potassium 50 MG Oral Tablet [Cataflam]"},{"code":"855644","display":"Diclofenac Sodium 0.03 MG/MG Topical Gel [Solaraze]"},{"code":"1359107","display":"Diclofenac Sodium 50 MG / Misoprostol 0.2 MG Delayed Release                     Oral Tablet [Arthrotec]"},{"code":"1359109","display":"Diclofenac Sodium 75 MG / Misoprostol 0.2 MG Delayed Release                     Oral Tablet [Arthrotec]"},{"code":"858346","display":"Diclofenac Potassium 25 MG Oral Capsule [Zipsor]"},{"code":"859066","display":"Diclofenac Potassium 50 MG Powder for Oral Solution [Cambia]"},{"code":"967944","display":"Diclofenac Sodium 15 MG/ML Topical Solution [Pennsaid]"},{"code":"1487076","display":"Diclofenac Sodium 20 MG/ML Topical Solution [Pennsaid]"},{"code":"1442122","display":"Diclofenac 18 MG Oral Capsule [Zorvolex]"},{"code":"1442130","display":"Diclofenac 35 MG Oral Capsule [Zorvolex]"},{"code":"1607582","display":"1 ML Diclofenac Sodium 37.5 MG/ML Injection [Dyloject]"},{"code":"1043481","display":"Diclofenac Sodium 10 MG/ML [Surpass Anti-Inflammatory]"},{"code":"1792848","display":"diclofenac epolamine 0.013 MG/MG [Flector]"},{"code":"854802","display":"Diclofenac Sodium 1 MG/ML [Voltaren]"},{"code":"855634","display":"Diclofenac Sodium 0.01 MG/MG [Voltaren]"},{"code":"855658","display":"Diclofenac Sodium 100 MG [Voltaren]"},{"code":"855927","display":"Diclofenac Sodium 75 MG [Voltaren]"},{"code":"855943","display":"Diclofenac Potassium 50 MG [Cataflam]"},{"code":"855643","display":"Diclofenac Sodium 0.03 MG/MG [Solaraze]"},{"code":"855683","display":"Diclofenac Sodium 50 MG / Misoprostol 0.2 MG [Arthrotec]"},{"code":"855917","display":"Diclofenac Sodium 75 MG / Misoprostol 0.2 MG [Arthrotec]"},{"code":"858344","display":"Diclofenac Potassium 25 MG [Zipsor]"},{"code":"1856556","display":"Diclofenac Potassium 50 MG [Cambia]"},{"code":"967942","display":"Diclofenac Sodium 15 MG/ML [Pennsaid]"},{"code":"1487075","display":"Diclofenac Sodium 20 MG/ML [Pennsaid]"},{"code":"1442118","display":"Diclofenac 18 MG [Zorvolex]"},{"code":"1442129","display":"Diclofenac 35 MG [Zorvolex]"},{"code":"1607579","display":"Diclofenac Sodium 37.5 MG/ML [Dyloject]"},{"code":"1043482","display":"Diclofenac Topical Cream [Surpass Anti-Inflammatory]"},{"code":"491344","display":"Diclofenac Extended Release Oral Tablet [Voltaren]"},{"code":"369846","display":"Diclofenac Delayed Release Oral Tablet [Voltaren]"},{"code":"369164","display":"Diclofenac Oral Tablet [Cataflam]"},{"code":"370383","display":"Diclofenac Topical Gel [Solaraze]"},{"code":"790412","display":"Diclofenac Ophthalmic Solution [Voltaren]"},{"code":"752882","display":"Diclofenac Topical Gel [Voltaren]"},{"code":"858345","display":"Diclofenac Oral Capsule [Zipsor]"},{"code":"967943","display":"Diclofenac Topical Solution [Pennsaid]"},{"code":"1442119","display":"Diclofenac Oral Capsule [Zorvolex]"},{"code":"1792849","display":"Diclofenac Medicated Patch [Flector]"},{"code":"1808541","display":"Diclofenac / Misoprostol Delayed Release Oral Tablet [Arthrotec]"},{"code":"1856557","display":"Diclofenac Powder for Oral Solution [Cambia]"},{"code":"1812340","display":"Diclofenac Injection [Dyloject]"},{"code":"1043479","display":"Diclofenac Sodium 10 MG/ML Topical Cream"},{"code":"1600382","display":"Diclofenac Sodium 10 MG/ML / Fluorouracil 50 MG/ML Topical Cream"},{"code":"854801","display":"Diclofenac Sodium 1 MG/ML Ophthalmic Solution"},{"code":"855633","display":"Diclofenac Sodium 0.01 MG/MG Topical Gel"},{"code":"855642","display":"Diclofenac Sodium 0.03 MG/MG Topical Gel"},{"code":"855657","display":"24 HR Diclofenac Sodium 100 MG Extended Release Oral Tablet"},{"code":"855664","display":"Diclofenac Sodium 25 MG Delayed Release Oral Tablet"},{"code":"855906","display":"Diclofenac Sodium 50 MG Delayed Release Oral Tablet"},{"code":"855926","display":"Diclofenac Sodium 75 MG Delayed Release Oral Tablet"},{"code":"855942","display":"Diclofenac Potassium 50 MG Oral Tablet"},{"code":"857689","display":"Diclofenac Sodium 0.25 MG/ML Oral Solution"},{"code":"857696","display":"Diclofenac Sodium 100 MG Rectal Suppository"},{"code":"857698","display":"Diclofenac Sodium 12.5 MG Rectal Suppository"},{"code":"857700","display":"Diclofenac Sodium 15 MG/ML Topical Solution"},{"code":"857702","display":"Diclofenac Potassium 25 MG Oral Tablet"},{"code":"857703","display":"Diclofenac Sodium 25 MG Rectal Suppository"},{"code":"857705","display":"Diclofenac Sodium 25 MG/ML Injectable Solution"},{"code":"857706","display":"Diclofenac Sodium 50 MG / Misoprostol 0.2 MG Delayed Release                     Oral Tablet"},{"code":"857707","display":"Diclofenac Sodium 50 MG Extended Release Oral Tablet"},{"code":"857709","display":"Diclofenac Sodium 50 MG Rectal Suppository"},{"code":"857713","display":"Diclofenac Sodium 75 MG Extended Release Oral Tablet"},{"code":"858342","display":"Diclofenac Potassium 25 MG Oral Capsule"},{"code":"859063","display":"Diclofenac Potassium 50 MG Powder for Oral Solution"},{"code":"1359105","display":"Diclofenac Sodium 75 MG / Misoprostol 0.2 MG Delayed Release                     Oral Tablet"},{"code":"1234493","display":"Diclofenac Sodium 100 MG Oral Capsule"},{"code":"1442116","display":"Diclofenac 18 MG Oral Capsule"},{"code":"1442128","display":"Diclofenac 35 MG Oral Capsule"},{"code":"1487074","display":"Diclofenac Sodium 20 MG/ML Topical Solution"},{"code":"1599787","display":"1 ML Diclofenac Sodium 37.5 MG/ML Injection"},{"code":"855626","display":"diclofenac epolamine 0.013 MG/MG Medicated Patch"},{"code":"1043478","display":"Diclofenac Sodium 10 MG/ML"},{"code":"854800","display":"Diclofenac Sodium 1 MG/ML"},{"code":"855632","display":"Diclofenac Sodium 0.01 MG/MG"},{"code":"855641","display":"Diclofenac Sodium 0.03 MG/MG"},{"code":"855656","display":"Diclofenac Sodium 100 MG"},{"code":"855663","display":"Diclofenac Sodium 25 MG"},{"code":"855681","display":"Diclofenac Sodium 50 MG"},{"code":"855915","display":"Diclofenac Sodium 75 MG"},{"code":"855941","display":"Diclofenac Potassium 50 MG"},{"code":"857688","display":"Diclofenac Sodium 0.25 MG/ML"},{"code":"857697","display":"Diclofenac Sodium 12.5 MG"},{"code":"857699","display":"Diclofenac Sodium 15 MG/ML"},{"code":"857701","display":"Diclofenac Potassium 25 MG"},{"code":"857704","display":"Diclofenac Sodium 25 MG/ML"},{"code":"1442115","display":"Diclofenac 18 MG"},{"code":"1442127","display":"Diclofenac 35 MG"},{"code":"1487073","display":"Diclofenac Sodium 20 MG/ML"},{"code":"1599786","display":"Diclofenac Sodium 37.5 MG/ML"},{"code":"1792845","display":"diclofenac epolamine 0.013 MG/MG"},{"code":"371793","display":"Diclofenac Extended Release Oral Capsule"},{"code":"371794","display":"Diclofenac Delayed Release Oral Tablet"},{"code":"371795","display":"Diclofenac Injectable Solution"},{"code":"371796","display":"Diclofenac Rectal Suppository"},{"code":"371798","display":"Diclofenac Oral Tablet"},{"code":"371799","display":"Diclofenac Extended Release Oral Tablet"},{"code":"376352","display":"Diclofenac Oral Capsule"},{"code":"377959","display":"Diclofenac Topical Gel"},{"code":"378986","display":"Diclofenac Ophthalmic Solution"},{"code":"393139","display":"Diclofenac Topical Solution"},{"code":"393225","display":"Diclofenac Oral Solution"},{"code":"438948","display":"Diclofenac Topical Cream"},{"code":"1600380","display":"Diclofenac / Fluorouracil Topical Cream"},{"code":"1792846","display":"Diclofenac Medicated Patch"},{"code":"1808539","display":"Diclofenac / Misoprostol Delayed Release Oral Tablet"},{"code":"1812338","display":"Diclofenac Injection"},{"code":"1856554","display":"Diclofenac Powder for Oral Solution"},{"code":"1151144","display":"Diclofenac / Misoprostol Oral Product"},{"code":"1151145","display":"Diclofenac / Misoprostol Pill"},{"code":"1151149","display":"Diclofenac Injectable Product"},{"code":"1151150","display":"Diclofenac Ophthalmic Product"},{"code":"1151151","display":"Diclofenac Oral Liquid Product"},{"code":"1151152","display":"Diclofenac Oral Product"},{"code":"1151153","display":"Diclofenac Pill"},{"code":"1151154","display":"Diclofenac Rectal Product"},{"code":"1151155","display":"Diclofenac Topical Product"},{"code":"1600379","display":"Diclofenac / Fluorouracil Topical Product"},{"code":"1856553","display":"Diclofenac Oral Powder Product"},{"code":"1442120","display":"Zorvolex Oral Product"},{"code":"1442121","display":"Zorvolex Pill"},{"code":"1607581","display":"Dyloject Injectable Product"},{"code":"1169035","display":"Flector Topical Product"},{"code":"1171432","display":"Arthrotec Oral Product"},{"code":"1171435","display":"Arthrotec Pill"},{"code":"1172293","display":"Cambia Oral Product"},{"code":"1176384","display":"Cataflam Oral Product"},{"code":"1176385","display":"Cataflam Pill"},{"code":"1184581","display":"Pennsaid Topical Product"},{"code":"1184815","display":"Solaraze Topical Product"},{"code":"1184899","display":"Surpass Anti-Inflammatory Topical Product"},{"code":"1187416","display":"Voltaren Ophthalmic Product"},{"code":"1187417","display":"Voltaren Oral Product"},{"code":"1187418","display":"Voltaren Pill"},{"code":"1187421","display":"Voltaren Topical Product"},{"code":"1187666","display":"Zipsor Oral Product"},{"code":"1187667","display":"Zipsor Pill"},{"code":"1856558","display":"Cambia Oral Powder Product"}]}]}}