{"resourceType":"ValueSet","id":"valueset-betamethasone-exclude","text":{"status":"generated","div":"<div xmlns=\"http://www.w3.org/1999/xhtml\"><ul><li>Include these codes as defined in <a href=\"http://www.nlm.nih.gov/research/umls/rxnorm\"><code>http://www.nlm.nih.gov/research/umls/rxnorm</code></a><table class=\"none\"><tr><td style=\"white-space:nowrap\"><b>Code</b></td><td><b>Display</b></td></tr><tr><td>1430111</td><td>Tri-Otic for Canines</td></tr><tr><td>213540</td><td>Betamethasone 0.5 MG/ML Topical Cream [Betanate]</td></tr><tr><td>213560</td><td>Betamethasone 1 MG/ML Topical Cream [Betaderm]</td></tr><tr><td>213541</td><td>Betamethasone 0.5 MG/ML Topical Cream [Del-Beta]</td></tr><tr><td>351894</td><td>Betamethasone 0.5 MG/ML Topical Lotion [Del-Beta]</td></tr><tr><td>848195</td><td>Augmented Betamethasone 0.5 MG/ML Topical Cream [Diprolene]</td></tr><tr><td>848197</td><td>Augmented Betamethasone 0.5 MG/ML Topical Lotion [Diprolene]</td></tr><tr><td>848200</td><td>Augmented Betamethasone 0.0005 MG/MG Topical Ointment [Diprolene]</td></tr><tr><td>213641</td><td>Betamethasone 0.5 MG/ML / Clotrimazole 10 MG/ML Topical                     Cream [Lotrisone]</td></tr><tr><td>1244636</td><td>Betamethasone valerate 1.2 MG/ML Topical Foam [Luxiq]</td></tr><tr><td>833463</td><td>Betamethasone 0.5 MG/ML / calcipotriene 0.05 MG/ML Topical                     Lotion [Taclonex]</td></tr><tr><td>833472</td><td>Betamethasone 0.0005 MG/MG / calcipotriene 0.00005 MG/MG                     Topical Ointment [Taclonex]</td></tr><tr><td>1426861</td><td>Betamethasone 0.284 MG/ML / Gentamicin 0.57 MG/ML Topical                     Spray [GentaVed]</td></tr><tr><td>1549539</td><td>Betamethasone 1 MG/ML / Gentamicin 3 MG/ML Otic Solution [GentaVed]</td></tr><tr><td>1546288</td><td>Betamethasone 0.284 MG/ML / Gentamicin 0.57 MG/ML Topical                     Spray [Gentacalm]</td></tr><tr><td>1367702</td><td>Betamethasone 0.001 MG/MG / Clotrimazole 0.01 MG/MG /                     Gentamicin 0.003 MG/MG Otic Ointment [Vetromax]</td></tr><tr><td>1430115</td><td>Betamethasone 0.001 MG/MG / Clotrimazole 0.01 MG/MG /                     Gentamicin 0.003 MG/MG Otic Ointment [Tri-Otic for Canines]</td></tr><tr><td>1435267</td><td>Betamethasone 0.284 MG/ML / Gentamicin 0.57 MG/ML Topical                     Spray [Betagen brand of Betamethasone and Gentamicin]</td></tr><tr><td>1438528</td><td>Betamethasone 0.284 MG/ML / Gentamicin 0.57 MG/ML Topical                     Spray [Gentaspray]</td></tr><tr><td>1551493</td><td>Betamethasone 0.284 MG/ML / Gentamicin 0.57 MG/ML Topical                     Spray [Genone]</td></tr><tr><td>1551498</td><td>Betamethasone 1 MG/ML / Gentamicin 3 MG/ML Otic Solution [Gentaotic]</td></tr><tr><td>1552573</td><td>Betamethasone 0.001 MG/MG / Clotrimazole 0.01 MG/MG /                     Gentamicin 0.003 MG/MG Otic Ointment [Malotic]</td></tr><tr><td>1595997</td><td>Betamethasone 0.284 MG/ML / Gentamicin 0.57 MG/ML Topical                     Spray [Relifor]</td></tr><tr><td>1596460</td><td>Betamethasone 0.001 MG/MG / Clotrimazole 0.01 MG/MG /                     Gentamicin 0.003 MG/MG Otic Ointment [Remicin]</td></tr><tr><td>1666758</td><td>Betamethasone 0.001 MG/MG / Clotrimazole 0.01 MG/MG /                     Gentamicin 0.003 MG/MG Otic Ointment [Otomax]</td></tr><tr><td>1716099</td><td>betamethasone dipropionate 0.643 MG/ML / calcipotriene 0.05                     MG/ML Topical Foam [Enstilar]</td></tr><tr><td>1738541</td><td>Betamethasone 0.5 MG/ML Topical Spray [Sernivo]</td></tr><tr><td>1870678</td><td>Betamethasone 0.001 MG/MG / Clotrimazole 0.01 MG/MG /                     Gentamicin 0.003 MG/MG [Tri-Otic for Canines]</td></tr><tr><td>362379</td><td>Betamethasone Topical Cream [Betaderm]</td></tr><tr><td>362383</td><td>Betamethasone Topical Cream [Betanate]</td></tr><tr><td>362212</td><td>Betamethasone Topical Cream [Del-Beta]</td></tr><tr><td>365805</td><td>Betamethasone Topical Lotion [Del-Beta]</td></tr><tr><td>362385</td><td>Betamethasone / Clotrimazole Topical Cream [Lotrisone]</td></tr><tr><td>384500</td><td>Betamethasone Topical Foam [Luxiq]</td></tr><tr><td>828645</td><td>Betamethasone / calcipotriene Topical Lotion [Taclonex]</td></tr><tr><td>748283</td><td>Betamethasone / calcipotriene Topical Ointment [Taclonex]</td></tr><tr><td>1596458</td><td>Betamethasone / Clotrimazole / Gentamicin Otic Ointment [Remicin]</td></tr><tr><td>1666756</td><td>Betamethasone / Clotrimazole / Gentamicin Otic Ointment [Otomax]</td></tr><tr><td>1716097</td><td>Betamethasone / calcipotriene Topical Foam [Enstilar]</td></tr><tr><td>1738539</td><td>Betamethasone Topical Spray [Sernivo]</td></tr><tr><td>1856386</td><td>Betamethasone Topical Cream [Diprolene]</td></tr><tr><td>1856389</td><td>Betamethasone Topical Lotion [Diprolene]</td></tr><tr><td>1856383</td><td>Betamethasone Topical Ointment [Diprolene]</td></tr><tr><td>1870212</td><td>Betamethasone / Gentamicin Topical Spray [GentaVed]</td></tr><tr><td>1870309</td><td>Betamethasone / Gentamicin Otic Solution [GentaVed]</td></tr><tr><td>1870235</td><td>Betamethasone / Gentamicin Topical Spray [Gentacalm]</td></tr><tr><td>1870683</td><td>Betamethasone / Clotrimazole / Gentamicin Otic Ointment [Vetromax]</td></tr><tr><td>1870679</td><td>Betamethasone / Clotrimazole / Gentamicin Otic Ointment                     [Tri-Otic for Canines]</td></tr><tr><td>1870203</td><td>Betamethasone / Gentamicin Topical Spray [Betagen brand of                     Betamethasone and Gentamicin]</td></tr><tr><td>1870238</td><td>Betamethasone / Gentamicin Topical Spray [Gentaspray]</td></tr><tr><td>1870286</td><td>Betamethasone / Gentamicin Topical Spray [Genone]</td></tr><tr><td>1870312</td><td>Betamethasone / Gentamicin Otic Solution [Gentaotic]</td></tr><tr><td>1870674</td><td>Betamethasone / Clotrimazole / Gentamicin Otic Ointment [Malotic]</td></tr><tr><td>1870241</td><td>Betamethasone / Gentamicin Topical Spray [Relifor]</td></tr><tr><td>106242</td><td>Betamethasone 0.001 MG/MG / Clioquinol 0.03 MG/MG Topical Ointment</td></tr><tr><td>197409</td><td>Betamethasone 0.001 MG/MG Topical Ointment</td></tr><tr><td>249596</td><td>Betamethasone 0.001 MG/MG Ophthalmic Ointment</td></tr><tr><td>250726</td><td>Betamethasone 0.001 MG/MG / Neomycin 0.005 MG/MG Ophthalmic Ointment</td></tr><tr><td>250727</td><td>Betamethasone 0.001 MG/MG / Neomycin 0.005 MG/MG Topical Ointment</td></tr><tr><td>313874</td><td>Betamethasone 1.2 MG/ML Topical Spray</td></tr><tr><td>1596455</td><td>Betamethasone 0.001 MG/MG / Clotrimazole 0.01 MG/MG /                     Gentamicin 0.003 MG/MG Otic Ointment</td></tr><tr><td>197405</td><td>Betamethasone 0.0005 MG/MG Topical Ointment</td></tr><tr><td>240571</td><td>Betamethasone 0.0005 MG/MG Topical Gel</td></tr><tr><td>247451</td><td>Betamethasone 0.0005 MG/MG / Salicylic Acid 0.03 MG/MG                     Topical Ointment</td></tr><tr><td>308713</td><td>Betamethasone 0.00025 MG/MG Topical Ointment</td></tr><tr><td>388525</td><td>Betamethasone 0.0005 MG/MG / calcipotriene 0.00005 MG/MG                     Topical Ointment</td></tr><tr><td>848180</td><td>Augmented Betamethasone 0.0005 MG/MG Topical Ointment</td></tr><tr><td>848208</td><td>Augmented Betamethasone 0.0005 MG/MG Topical Gel</td></tr><tr><td>1651571</td><td>Betamethasone 5 MG/ML / hydroquinone 120 MG/ML / Tretinoin 1                     MG/ML Topical Cream</td></tr><tr><td>106241</td><td>Betamethasone 0.5 MG/ML / Salicylic Acid 30 MG/ML Topical Lotion</td></tr><tr><td>106243</td><td>Betamethasone 1 MG/ML / Clioquinol 30 MG/ML Topical Cream</td></tr><tr><td>197407</td><td>Betamethasone 1 MG/ML Topical Cream</td></tr><tr><td>197408</td><td>Betamethasone 1 MG/ML Topical Lotion</td></tr><tr><td>238920</td><td>Betamethasone 0.5 MG/ML Topical Cream</td></tr><tr><td>240209</td><td>Betamethasone 0.5 MG/ML Topical Lotion</td></tr><tr><td>249576</td><td>Betamethasone 1 MG/ML / Neomycin 5 MG/ML Topical Cream</td></tr><tr><td>250861</td><td>Betamethasone 1 MG/ML Topical Solution</td></tr><tr><td>308714</td><td>Betamethasone 0.5 MG/ML / Clotrimazole 10 MG/ML Topical Cream</td></tr><tr><td>308715</td><td>Betamethasone 0.5 MG/ML / Clotrimazole 10 MG/ML Topical Lotion</td></tr><tr><td>618616</td><td>Betamethasone 1 MG/ML / Fusidate 20 MG/ML Topical Cream</td></tr><tr><td>833461</td><td>Betamethasone 0.5 MG/ML / calcipotriene 0.05 MG/ML Topical Lotion</td></tr><tr><td>848176</td><td>Augmented Betamethasone 0.5 MG/ML Topical Cream</td></tr><tr><td>848178</td><td>Augmented Betamethasone 0.5 MG/ML Topical Lotion</td></tr><tr><td>1546194</td><td>Betamethasone 1 MG/ML / Gentamicin 3 MG/ML Otic Solution</td></tr><tr><td>1738536</td><td>Betamethasone 0.5 MG/ML Topical Spray</td></tr><tr><td>247443</td><td>Betamethasone 0.5 MG/ML / Salicylic Acid 20 MG/ML Topical Lotion</td></tr><tr><td>247480</td><td>Betamethasone 1 MG/ML Ophthalmic Solution</td></tr><tr><td>244486</td><td>Betamethasone 0.25 MG/ML Topical Cream</td></tr><tr><td>1093235</td><td>Betamethasone 0.284 MG/ML / Gentamicin 0.57 MG/ML Topical Spray</td></tr><tr><td>895257</td><td>Betamethasone 0.005 MG/MG Topical Ointment</td></tr><tr><td>1716094</td><td>betamethasone dipropionate 0.643 MG/ML / calcipotriene 0.05                     MG/ML Topical Foam</td></tr><tr><td>1244634</td><td>Betamethasone valerate 1.2 MG/ML Topical Foam</td></tr><tr><td>371057</td><td>Betamethasone Topical Solution</td></tr><tr><td>373023</td><td>Betamethasone / Neomycin Ophthalmic Ointment</td></tr><tr><td>373025</td><td>Betamethasone / Neomycin Topical Ointment</td></tr><tr><td>374614</td><td>Betamethasone Topical Ointment</td></tr><tr><td>376455</td><td>Betamethasone / Salicylic Acid Topical Ointment</td></tr><tr><td>376456</td><td>Betamethasone / Clioquinol Topical Ointment</td></tr><tr><td>376457</td><td>Betamethasone Ophthalmic Ointment</td></tr><tr><td>377311</td><td>Betamethasone Topical Spray</td></tr><tr><td>377608</td><td>Betamethasone / Clioquinol Topical Cream</td></tr><tr><td>377611</td><td>Betamethasone / Neomycin Topical Cream</td></tr><tr><td>377613</td><td>Betamethasone Topical Cream</td></tr><tr><td>377614</td><td>Betamethasone Topical Lotion</td></tr><tr><td>377967</td><td>Betamethasone Topical Gel</td></tr><tr><td>378086</td><td>Betamethasone / Clotrimazole Topical Cream</td></tr><tr><td>379106</td><td>Betamethasone / Clotrimazole Topical Lotion</td></tr><tr><td>379391</td><td>Betamethasone / Salicylic Acid Topical Lotion</td></tr><tr><td>384499</td><td>Betamethasone Topical Foam</td></tr><tr><td>393355</td><td>Betamethasone / calcipotriene Topical Ointment</td></tr><tr><td>618615</td><td>Betamethasone / Fusidate Topical Cream</td></tr><tr><td>797234</td><td>Betamethasone / calcipotriene Topical Lotion</td></tr><tr><td>1596453</td><td>Betamethasone / Clotrimazole / Gentamicin Otic Ointment</td></tr><tr><td>1651568</td><td>Betamethasone / hydroquinone / Tretinoin Topical Cream</td></tr><tr><td>1716093</td><td>Betamethasone / calcipotriene Topical Foam</td></tr><tr><td>371052</td><td>Betamethasone Ophthalmic Solution</td></tr><tr><td>1870196</td><td>Betamethasone / Gentamicin Topical Spray</td></tr><tr><td>1870306</td><td>Betamethasone / Gentamicin Otic Solution</td></tr><tr><td>1153767</td><td>Betamethasone / Clioquinol Topical Product</td></tr><tr><td>1153768</td><td>Betamethasone / Clotrimazole Topical Product</td></tr><tr><td>1153771</td><td>Betamethasone / Fusidate Topical Product</td></tr><tr><td>1153781</td><td>Betamethasone / Neomycin Ophthalmic Product</td></tr><tr><td>1153782</td><td>Betamethasone / Neomycin Topical Product</td></tr><tr><td>1153783</td><td>Betamethasone / Salicylic Acid Topical Product</td></tr><tr><td>1153789</td><td>Betamethasone / calcipotriene Topical Product</td></tr><tr><td>1153798</td><td>Betamethasone Ophthalmic Product</td></tr><tr><td>1153804</td><td>Betamethasone Topical Product</td></tr><tr><td>1596452</td><td>Betamethasone / Clotrimazole / Gentamicin Otic Product</td></tr><tr><td>1651567</td><td>Betamethasone / hydroquinone / Tretinoin Topical Product</td></tr><tr><td>1870195</td><td>Betamethasone / Gentamicin Topical Product</td></tr><tr><td>1870305</td><td>Betamethasone / Gentamicin Otic Product</td></tr><tr><td>1660749</td><td>Betavet Injectable Product</td></tr><tr><td>1716098</td><td>Enstilar Topical Product</td></tr><tr><td>1738540</td><td>Sernivo Topical Product</td></tr><tr><td>1171682</td><td>Del-Beta Topical Product</td></tr><tr><td>1172228</td><td>Betaderm Topical Product</td></tr><tr><td>1172479</td><td>Diprolene Topical Product</td></tr><tr><td>1172919</td><td>Betanate Topical Product</td></tr><tr><td>1177831</td><td>Taclonex Topical Product</td></tr><tr><td>1180921</td><td>Lotrisone Topical Product</td></tr><tr><td>1182068</td><td>Luxiq Topical Product</td></tr><tr><td>1367701</td><td>Vetromax Otic Product</td></tr><tr><td>1430114</td><td>Tri-Otic for Canines Otic Product</td></tr><tr><td>1552572</td><td>Malotic Otic Product</td></tr><tr><td>1596459</td><td>Remicin Otic Product</td></tr><tr><td>1666757</td><td>Otomax Otic Product</td></tr><tr><td>1367486</td><td>Gentacalm Topical Product</td></tr><tr><td>1435266</td><td>Betagen brand of Betamethasone and Gentamicin Topical Product</td></tr><tr><td>1438527</td><td>Gentaspray Topical Product</td></tr><tr><td>1549538</td><td>GentaVed Otic Product</td></tr><tr><td>1551492</td><td>Genone Topical Product</td></tr><tr><td>1551497</td><td>Gentaotic Otic Product</td></tr><tr><td>1595996</td><td>Relifor Topical Product</td></tr><tr><td>1169841</td><td>GentaVed Topical Product</td></tr></table></li></ul></div>"},"url":"http://hl7.org/fhir/uv/pddi/ValueSet/valueset-betamethasone-exclude","version":"1.0.0-ballot","name":"Valueset_betamethasone_exclude","title":"Exclude Betamethasone Medications Value Set","status":"draft","experimental":true,"date":"2018-07-02","publisher":"HL7 Clinical Decision Support Workgroup","contact":[{"telecom":[{"system":"url","value":"http://hl7.org/Special/committees/dss"}]}],"description":"ValueSet containing drug identifiers to exclude. Criteria is explicitly stating topical, gel, cream, ointment, otic, or ophthalmic formulations.","jurisdiction":[{"coding":[{"system":"http://unstats.un.org/unsd/methods/m49/m49.htm","code":"001"}]}],"purpose":"To refine valueset for Warfarin + NSAID PDDI-CDS","copyright":"(copyright expectations unknown)","compose":{"include":[{"system":"http://www.nlm.nih.gov/research/umls/rxnorm","concept":[{"code":"1430111","display":"Tri-Otic for Canines"},{"code":"213540","display":"Betamethasone 0.5 MG/ML Topical Cream [Betanate]"},{"code":"213560","display":"Betamethasone 1 MG/ML Topical Cream [Betaderm]"},{"code":"213541","display":"Betamethasone 0.5 MG/ML Topical Cream [Del-Beta]"},{"code":"351894","display":"Betamethasone 0.5 MG/ML Topical Lotion [Del-Beta]"},{"code":"848195","display":"Augmented Betamethasone 0.5 MG/ML Topical Cream [Diprolene]"},{"code":"848197","display":"Augmented Betamethasone 0.5 MG/ML Topical Lotion [Diprolene]"},{"code":"848200","display":"Augmented Betamethasone 0.0005 MG/MG Topical Ointment [Diprolene]"},{"code":"213641","display":"Betamethasone 0.5 MG/ML / Clotrimazole 10 MG/ML Topical                     Cream [Lotrisone]"},{"code":"1244636","display":"Betamethasone valerate 1.2 MG/ML Topical Foam [Luxiq]"},{"code":"833463","display":"Betamethasone 0.5 MG/ML / calcipotriene 0.05 MG/ML Topical                     Lotion [Taclonex]"},{"code":"833472","display":"Betamethasone 0.0005 MG/MG / calcipotriene 0.00005 MG/MG                     Topical Ointment [Taclonex]"},{"code":"1426861","display":"Betamethasone 0.284 MG/ML / Gentamicin 0.57 MG/ML Topical                     Spray [GentaVed]"},{"code":"1549539","display":"Betamethasone 1 MG/ML / Gentamicin 3 MG/ML Otic Solution [GentaVed]"},{"code":"1546288","display":"Betamethasone 0.284 MG/ML / Gentamicin 0.57 MG/ML Topical                     Spray [Gentacalm]"},{"code":"1367702","display":"Betamethasone 0.001 MG/MG / Clotrimazole 0.01 MG/MG /                     Gentamicin 0.003 MG/MG Otic Ointment [Vetromax]"},{"code":"1430115","display":"Betamethasone 0.001 MG/MG / Clotrimazole 0.01 MG/MG /                     Gentamicin 0.003 MG/MG Otic Ointment [Tri-Otic for Canines]"},{"code":"1435267","display":"Betamethasone 0.284 MG/ML / Gentamicin 0.57 MG/ML Topical                     Spray [Betagen brand of Betamethasone and Gentamicin]"},{"code":"1438528","display":"Betamethasone 0.284 MG/ML / Gentamicin 0.57 MG/ML Topical                     Spray [Gentaspray]"},{"code":"1551493","display":"Betamethasone 0.284 MG/ML / Gentamicin 0.57 MG/ML Topical                     Spray [Genone]"},{"code":"1551498","display":"Betamethasone 1 MG/ML / Gentamicin 3 MG/ML Otic Solution [Gentaotic]"},{"code":"1552573","display":"Betamethasone 0.001 MG/MG / Clotrimazole 0.01 MG/MG /                     Gentamicin 0.003 MG/MG Otic Ointment [Malotic]"},{"code":"1595997","display":"Betamethasone 0.284 MG/ML / Gentamicin 0.57 MG/ML Topical                     Spray [Relifor]"},{"code":"1596460","display":"Betamethasone 0.001 MG/MG / Clotrimazole 0.01 MG/MG /                     Gentamicin 0.003 MG/MG Otic Ointment [Remicin]"},{"code":"1666758","display":"Betamethasone 0.001 MG/MG / Clotrimazole 0.01 MG/MG /                     Gentamicin 0.003 MG/MG Otic Ointment [Otomax]"},{"code":"1716099","display":"betamethasone dipropionate 0.643 MG/ML / calcipotriene 0.05                     MG/ML Topical Foam [Enstilar]"},{"code":"1738541","display":"Betamethasone 0.5 MG/ML Topical Spray [Sernivo]"},{"code":"1870678","display":"Betamethasone 0.001 MG/MG / Clotrimazole 0.01 MG/MG /                     Gentamicin 0.003 MG/MG [Tri-Otic for Canines]"},{"code":"362379","display":"Betamethasone Topical Cream [Betaderm]"},{"code":"362383","display":"Betamethasone Topical Cream [Betanate]"},{"code":"362212","display":"Betamethasone Topical Cream [Del-Beta]"},{"code":"365805","display":"Betamethasone Topical Lotion [Del-Beta]"},{"code":"362385","display":"Betamethasone / Clotrimazole Topical Cream [Lotrisone]"},{"code":"384500","display":"Betamethasone Topical Foam [Luxiq]"},{"code":"828645","display":"Betamethasone / calcipotriene Topical Lotion [Taclonex]"},{"code":"748283","display":"Betamethasone / calcipotriene Topical Ointment [Taclonex]"},{"code":"1596458","display":"Betamethasone / Clotrimazole / Gentamicin Otic Ointment [Remicin]"},{"code":"1666756","display":"Betamethasone / Clotrimazole / Gentamicin Otic Ointment [Otomax]"},{"code":"1716097","display":"Betamethasone / calcipotriene Topical Foam [Enstilar]"},{"code":"1738539","display":"Betamethasone Topical Spray [Sernivo]"},{"code":"1856386","display":"Betamethasone Topical Cream [Diprolene]"},{"code":"1856389","display":"Betamethasone Topical Lotion [Diprolene]"},{"code":"1856383","display":"Betamethasone Topical Ointment [Diprolene]"},{"code":"1870212","display":"Betamethasone / Gentamicin Topical Spray [GentaVed]"},{"code":"1870309","display":"Betamethasone / Gentamicin Otic Solution [GentaVed]"},{"code":"1870235","display":"Betamethasone / Gentamicin Topical Spray [Gentacalm]"},{"code":"1870683","display":"Betamethasone / Clotrimazole / Gentamicin Otic Ointment [Vetromax]"},{"code":"1870679","display":"Betamethasone / Clotrimazole / Gentamicin Otic Ointment                     [Tri-Otic for Canines]"},{"code":"1870203","display":"Betamethasone / Gentamicin Topical Spray [Betagen brand of                     Betamethasone and Gentamicin]"},{"code":"1870238","display":"Betamethasone / Gentamicin Topical Spray [Gentaspray]"},{"code":"1870286","display":"Betamethasone / Gentamicin Topical Spray [Genone]"},{"code":"1870312","display":"Betamethasone / Gentamicin Otic Solution [Gentaotic]"},{"code":"1870674","display":"Betamethasone / Clotrimazole / Gentamicin Otic Ointment [Malotic]"},{"code":"1870241","display":"Betamethasone / Gentamicin Topical Spray [Relifor]"},{"code":"106242","display":"Betamethasone 0.001 MG/MG / Clioquinol 0.03 MG/MG Topical Ointment"},{"code":"197409","display":"Betamethasone 0.001 MG/MG Topical Ointment"},{"code":"249596","display":"Betamethasone 0.001 MG/MG Ophthalmic Ointment"},{"code":"250726","display":"Betamethasone 0.001 MG/MG / Neomycin 0.005 MG/MG Ophthalmic Ointment"},{"code":"250727","display":"Betamethasone 0.001 MG/MG / Neomycin 0.005 MG/MG Topical Ointment"},{"code":"313874","display":"Betamethasone 1.2 MG/ML Topical Spray"},{"code":"1596455","display":"Betamethasone 0.001 MG/MG / Clotrimazole 0.01 MG/MG /                     Gentamicin 0.003 MG/MG Otic Ointment"},{"code":"197405","display":"Betamethasone 0.0005 MG/MG Topical Ointment"},{"code":"240571","display":"Betamethasone 0.0005 MG/MG Topical Gel"},{"code":"247451","display":"Betamethasone 0.0005 MG/MG / Salicylic Acid 0.03 MG/MG                     Topical Ointment"},{"code":"308713","display":"Betamethasone 0.00025 MG/MG Topical Ointment"},{"code":"388525","display":"Betamethasone 0.0005 MG/MG / calcipotriene 0.00005 MG/MG                     Topical Ointment"},{"code":"848180","display":"Augmented Betamethasone 0.0005 MG/MG Topical Ointment"},{"code":"848208","display":"Augmented Betamethasone 0.0005 MG/MG Topical Gel"},{"code":"1651571","display":"Betamethasone 5 MG/ML / hydroquinone 120 MG/ML / Tretinoin 1                     MG/ML Topical Cream"},{"code":"106241","display":"Betamethasone 0.5 MG/ML / Salicylic Acid 30 MG/ML Topical Lotion"},{"code":"106243","display":"Betamethasone 1 MG/ML / Clioquinol 30 MG/ML Topical Cream"},{"code":"197407","display":"Betamethasone 1 MG/ML Topical Cream"},{"code":"197408","display":"Betamethasone 1 MG/ML Topical Lotion"},{"code":"238920","display":"Betamethasone 0.5 MG/ML Topical Cream"},{"code":"240209","display":"Betamethasone 0.5 MG/ML Topical Lotion"},{"code":"249576","display":"Betamethasone 1 MG/ML / Neomycin 5 MG/ML Topical Cream"},{"code":"250861","display":"Betamethasone 1 MG/ML Topical Solution"},{"code":"308714","display":"Betamethasone 0.5 MG/ML / Clotrimazole 10 MG/ML Topical Cream"},{"code":"308715","display":"Betamethasone 0.5 MG/ML / Clotrimazole 10 MG/ML Topical Lotion"},{"code":"618616","display":"Betamethasone 1 MG/ML / Fusidate 20 MG/ML Topical Cream"},{"code":"833461","display":"Betamethasone 0.5 MG/ML / calcipotriene 0.05 MG/ML Topical Lotion"},{"code":"848176","display":"Augmented Betamethasone 0.5 MG/ML Topical Cream"},{"code":"848178","display":"Augmented Betamethasone 0.5 MG/ML Topical Lotion"},{"code":"1546194","display":"Betamethasone 1 MG/ML / Gentamicin 3 MG/ML Otic Solution"},{"code":"1738536","display":"Betamethasone 0.5 MG/ML Topical Spray"},{"code":"247443","display":"Betamethasone 0.5 MG/ML / Salicylic Acid 20 MG/ML Topical Lotion"},{"code":"247480","display":"Betamethasone 1 MG/ML Ophthalmic Solution"},{"code":"244486","display":"Betamethasone 0.25 MG/ML Topical Cream"},{"code":"1093235","display":"Betamethasone 0.284 MG/ML / Gentamicin 0.57 MG/ML Topical Spray"},{"code":"895257","display":"Betamethasone 0.005 MG/MG Topical Ointment"},{"code":"1716094","display":"betamethasone dipropionate 0.643 MG/ML / calcipotriene 0.05                     MG/ML Topical Foam"},{"code":"1244634","display":"Betamethasone valerate 1.2 MG/ML Topical Foam"},{"code":"371057","display":"Betamethasone Topical Solution"},{"code":"373023","display":"Betamethasone / Neomycin Ophthalmic Ointment"},{"code":"373025","display":"Betamethasone / Neomycin Topical Ointment"},{"code":"374614","display":"Betamethasone Topical Ointment"},{"code":"376455","display":"Betamethasone / Salicylic Acid Topical Ointment"},{"code":"376456","display":"Betamethasone / Clioquinol Topical Ointment"},{"code":"376457","display":"Betamethasone Ophthalmic Ointment"},{"code":"377311","display":"Betamethasone Topical Spray"},{"code":"377608","display":"Betamethasone / Clioquinol Topical Cream"},{"code":"377611","display":"Betamethasone / Neomycin Topical Cream"},{"code":"377613","display":"Betamethasone Topical Cream"},{"code":"377614","display":"Betamethasone Topical Lotion"},{"code":"377967","display":"Betamethasone Topical Gel"},{"code":"378086","display":"Betamethasone / Clotrimazole Topical Cream"},{"code":"379106","display":"Betamethasone / Clotrimazole Topical Lotion"},{"code":"379391","display":"Betamethasone / Salicylic Acid Topical Lotion"},{"code":"384499","display":"Betamethasone Topical Foam"},{"code":"393355","display":"Betamethasone / calcipotriene Topical Ointment"},{"code":"618615","display":"Betamethasone / Fusidate Topical Cream"},{"code":"797234","display":"Betamethasone / calcipotriene Topical Lotion"},{"code":"1596453","display":"Betamethasone / Clotrimazole / Gentamicin Otic Ointment"},{"code":"1651568","display":"Betamethasone / hydroquinone / Tretinoin Topical Cream"},{"code":"1716093","display":"Betamethasone / calcipotriene Topical Foam"},{"code":"371052","display":"Betamethasone Ophthalmic Solution"},{"code":"1870196","display":"Betamethasone / Gentamicin Topical Spray"},{"code":"1870306","display":"Betamethasone / Gentamicin Otic Solution"},{"code":"1153767","display":"Betamethasone / Clioquinol Topical Product"},{"code":"1153768","display":"Betamethasone / Clotrimazole Topical Product"},{"code":"1153771","display":"Betamethasone / Fusidate Topical Product"},{"code":"1153781","display":"Betamethasone / Neomycin Ophthalmic Product"},{"code":"1153782","display":"Betamethasone / Neomycin Topical Product"},{"code":"1153783","display":"Betamethasone / Salicylic Acid Topical Product"},{"code":"1153789","display":"Betamethasone / calcipotriene Topical Product"},{"code":"1153798","display":"Betamethasone Ophthalmic Product"},{"code":"1153804","display":"Betamethasone Topical Product"},{"code":"1596452","display":"Betamethasone / Clotrimazole / Gentamicin Otic Product"},{"code":"1651567","display":"Betamethasone / hydroquinone / Tretinoin Topical Product"},{"code":"1870195","display":"Betamethasone / Gentamicin Topical Product"},{"code":"1870305","display":"Betamethasone / Gentamicin Otic Product"},{"code":"1660749","display":"Betavet Injectable Product"},{"code":"1716098","display":"Enstilar Topical Product"},{"code":"1738540","display":"Sernivo Topical Product"},{"code":"1171682","display":"Del-Beta Topical Product"},{"code":"1172228","display":"Betaderm Topical Product"},{"code":"1172479","display":"Diprolene Topical Product"},{"code":"1172919","display":"Betanate Topical Product"},{"code":"1177831","display":"Taclonex Topical Product"},{"code":"1180921","display":"Lotrisone Topical Product"},{"code":"1182068","display":"Luxiq Topical Product"},{"code":"1367701","display":"Vetromax Otic Product"},{"code":"1430114","display":"Tri-Otic for Canines Otic Product"},{"code":"1552572","display":"Malotic Otic Product"},{"code":"1596459","display":"Remicin Otic Product"},{"code":"1666757","display":"Otomax Otic Product"},{"code":"1367486","display":"Gentacalm Topical Product"},{"code":"1435266","display":"Betagen brand of Betamethasone and Gentamicin Topical Product"},{"code":"1438527","display":"Gentaspray Topical Product"},{"code":"1549538","display":"GentaVed Otic Product"},{"code":"1551492","display":"Genone Topical Product"},{"code":"1551497","display":"Gentaotic Otic Product"},{"code":"1595996","display":"Relifor Topical Product"},{"code":"1169841","display":"GentaVed Topical Product"}]}]}}