{"resourceType":"ValueSet","id":"valueset-warfarin","text":{"status":"generated","div":"<div xmlns=\"http://www.w3.org/1999/xhtml\"><ul><li>Include these codes as defined in <a href=\"http://www.nlm.nih.gov/research/umls/rxnorm\"><code>http://www.nlm.nih.gov/research/umls/rxnorm</code></a><table class=\"none\"><tr><td style=\"white-space:nowrap\"><b>Code</b></td><td><b>Display</b></td></tr><tr><td>202421</td><td>Coumadin</td></tr><tr><td>405155</td><td>Jantoven</td></tr><tr><td>11289</td><td>Warfarin</td></tr><tr><td>114194</td><td>Warfarin Sodium</td></tr><tr><td>82118</td><td>Warfarin Potassium</td></tr><tr><td>855290</td><td>Warfarin Sodium 1 MG Oral Tablet [Coumadin]</td></tr><tr><td>855298</td><td>Warfarin Sodium 10 MG Oral Tablet [Coumadin]</td></tr><tr><td>855304</td><td>Warfarin Sodium 2 MG Oral Tablet [Coumadin]</td></tr><tr><td>855314</td><td>Warfarin Sodium 2.5 MG Oral Tablet [Coumadin]</td></tr><tr><td>855320</td><td>Warfarin Sodium 3 MG Oral Tablet [Coumadin]</td></tr><tr><td>855326</td><td>Warfarin Sodium 4 MG Oral Tablet [Coumadin]</td></tr><tr><td>855334</td><td>Warfarin Sodium 5 MG Oral Tablet [Coumadin]</td></tr><tr><td>855340</td><td>Warfarin Sodium 6 MG Oral Tablet [Coumadin]</td></tr><tr><td>855346</td><td>Warfarin Sodium 7.5 MG Oral Tablet [Coumadin]</td></tr><tr><td>855292</td><td>Warfarin Sodium 1 MG Oral Tablet [Jantoven]</td></tr><tr><td>855300</td><td>Warfarin Sodium 10 MG Oral Tablet [Jantoven]</td></tr><tr><td>855306</td><td>Warfarin Sodium 2 MG Oral Tablet [Jantoven]</td></tr><tr><td>855316</td><td>Warfarin Sodium 2.5 MG Oral Tablet [Jantoven]</td></tr><tr><td>855322</td><td>Warfarin Sodium 3 MG Oral Tablet [Jantoven]</td></tr><tr><td>855328</td><td>Warfarin Sodium 4 MG Oral Tablet [Jantoven]</td></tr><tr><td>855336</td><td>Warfarin Sodium 5 MG Oral Tablet [Jantoven]</td></tr><tr><td>855342</td><td>Warfarin Sodium 6 MG Oral Tablet [Jantoven]</td></tr><tr><td>855348</td><td>Warfarin Sodium 7.5 MG Oral Tablet [Jantoven]</td></tr><tr><td>855289</td><td>Warfarin Sodium 1 MG [Coumadin]</td></tr><tr><td>855297</td><td>Warfarin Sodium 10 MG [Coumadin]</td></tr><tr><td>855303</td><td>Warfarin Sodium 2 MG [Coumadin]</td></tr><tr><td>855313</td><td>Warfarin Sodium 2.5 MG [Coumadin]</td></tr><tr><td>855319</td><td>Warfarin Sodium 3 MG [Coumadin]</td></tr><tr><td>855325</td><td>Warfarin Sodium 4 MG [Coumadin]</td></tr><tr><td>855333</td><td>Warfarin Sodium 5 MG [Coumadin]</td></tr><tr><td>855339</td><td>Warfarin Sodium 6 MG [Coumadin]</td></tr><tr><td>855345</td><td>Warfarin Sodium 7.5 MG [Coumadin]</td></tr><tr><td>855291</td><td>Warfarin Sodium 1 MG [Jantoven]</td></tr><tr><td>855299</td><td>Warfarin Sodium 10 MG [Jantoven]</td></tr><tr><td>855305</td><td>Warfarin Sodium 2 MG [Jantoven]</td></tr><tr><td>855315</td><td>Warfarin Sodium 2.5 MG [Jantoven]</td></tr><tr><td>855321</td><td>Warfarin Sodium 3 MG [Jantoven]</td></tr><tr><td>855327</td><td>Warfarin Sodium 4 MG [Jantoven]</td></tr><tr><td>855335</td><td>Warfarin Sodium 5 MG [Jantoven]</td></tr><tr><td>855341</td><td>Warfarin Sodium 6 MG [Jantoven]</td></tr><tr><td>855347</td><td>Warfarin Sodium 7.5 MG [Jantoven]</td></tr><tr><td>368417</td><td>Warfarin Oral Tablet [Coumadin]</td></tr><tr><td>406078</td><td>Warfarin Oral Tablet [Jantoven]</td></tr><tr><td>855288</td><td>Warfarin Sodium 1 MG Oral Tablet</td></tr><tr><td>855296</td><td>Warfarin Sodium 10 MG Oral Tablet</td></tr><tr><td>855302</td><td>Warfarin Sodium 2 MG Oral Tablet</td></tr><tr><td>855308</td><td>Warfarin Sodium 2 MG/ML Injectable Solution</td></tr><tr><td>855312</td><td>Warfarin Sodium 2.5 MG Oral Tablet</td></tr><tr><td>855318</td><td>Warfarin Sodium 3 MG Oral Tablet</td></tr><tr><td>855324</td><td>Warfarin Sodium 4 MG Oral Tablet</td></tr><tr><td>855332</td><td>Warfarin Sodium 5 MG Oral Tablet</td></tr><tr><td>855338</td><td>Warfarin Sodium 6 MG Oral Tablet</td></tr><tr><td>855344</td><td>Warfarin Sodium 7.5 MG Oral Tablet</td></tr><tr><td>855350</td><td>Warfarin Sodium 0.5 MG Oral Tablet</td></tr><tr><td>855287</td><td>Warfarin Sodium 1 MG</td></tr><tr><td>855295</td><td>Warfarin Sodium 10 MG</td></tr><tr><td>855301</td><td>Warfarin Sodium 2 MG</td></tr><tr><td>855307</td><td>Warfarin Sodium 2 MG/ML</td></tr><tr><td>855311</td><td>Warfarin Sodium 2.5 MG</td></tr><tr><td>855317</td><td>Warfarin Sodium 3 MG</td></tr><tr><td>855323</td><td>Warfarin Sodium 4 MG</td></tr><tr><td>855331</td><td>Warfarin Sodium 5 MG</td></tr><tr><td>855337</td><td>Warfarin Sodium 6 MG</td></tr><tr><td>855343</td><td>Warfarin Sodium 7.5 MG</td></tr><tr><td>855349</td><td>Warfarin Sodium 0.5 MG</td></tr><tr><td>374319</td><td>Warfarin Oral Tablet</td></tr><tr><td>374320</td><td>Warfarin Injectable Solution</td></tr><tr><td>1161789</td><td>Warfarin Injectable Product</td></tr><tr><td>1161790</td><td>Warfarin Oral Product</td></tr><tr><td>1161791</td><td>Warfarin Pill</td></tr><tr><td>1167808</td><td>Jantoven Oral Product</td></tr><tr><td>1167809</td><td>Jantoven Pill</td></tr><tr><td>1171655</td><td>Coumadin Oral Product</td></tr><tr><td>1171656</td><td>Coumadin Pill</td></tr></table></li></ul></div>"},"url":"http://hl7.org/fhir/uv/pddi/ValueSet/valueset-warfarin","version":"1.0.0-ballot","name":"Valueset_warfarin","title":"Warfarin Medications Value Set","status":"draft","experimental":true,"date":"2018-07-02","publisher":"HL7 Clinical Decision Support Workgroup","contact":[{"telecom":[{"system":"url","value":"http://hl7.org/Special/committees/dss"}]}],"description":"ValueSet containing drug identifiers for warfarin.","jurisdiction":[{"coding":[{"system":"http://unstats.un.org/unsd/methods/m49/m49.htm","code":"001"}]}],"copyright":"(copyright expectations unknown)","compose":{"include":[{"system":"http://www.nlm.nih.gov/research/umls/rxnorm","concept":[{"code":"202421","display":"Coumadin"},{"code":"405155","display":"Jantoven"},{"code":"11289","display":"Warfarin"},{"code":"114194","display":"Warfarin Sodium"},{"code":"82118","display":"Warfarin Potassium"},{"code":"855290","display":"Warfarin Sodium 1 MG Oral Tablet [Coumadin]"},{"code":"855298","display":"Warfarin Sodium 10 MG Oral Tablet [Coumadin]"},{"code":"855304","display":"Warfarin Sodium 2 MG Oral Tablet [Coumadin]"},{"code":"855314","display":"Warfarin Sodium 2.5 MG Oral Tablet [Coumadin]"},{"code":"855320","display":"Warfarin Sodium 3 MG Oral Tablet [Coumadin]"},{"code":"855326","display":"Warfarin Sodium 4 MG Oral Tablet [Coumadin]"},{"code":"855334","display":"Warfarin Sodium 5 MG Oral Tablet [Coumadin]"},{"code":"855340","display":"Warfarin Sodium 6 MG Oral Tablet [Coumadin]"},{"code":"855346","display":"Warfarin Sodium 7.5 MG Oral Tablet [Coumadin]"},{"code":"855292","display":"Warfarin Sodium 1 MG Oral Tablet [Jantoven]"},{"code":"855300","display":"Warfarin Sodium 10 MG Oral Tablet [Jantoven]"},{"code":"855306","display":"Warfarin Sodium 2 MG Oral Tablet [Jantoven]"},{"code":"855316","display":"Warfarin Sodium 2.5 MG Oral Tablet [Jantoven]"},{"code":"855322","display":"Warfarin Sodium 3 MG Oral Tablet [Jantoven]"},{"code":"855328","display":"Warfarin Sodium 4 MG Oral Tablet [Jantoven]"},{"code":"855336","display":"Warfarin Sodium 5 MG Oral Tablet [Jantoven]"},{"code":"855342","display":"Warfarin Sodium 6 MG Oral Tablet [Jantoven]"},{"code":"855348","display":"Warfarin Sodium 7.5 MG Oral Tablet [Jantoven]"},{"code":"855289","display":"Warfarin Sodium 1 MG [Coumadin]"},{"code":"855297","display":"Warfarin Sodium 10 MG [Coumadin]"},{"code":"855303","display":"Warfarin Sodium 2 MG [Coumadin]"},{"code":"855313","display":"Warfarin Sodium 2.5 MG [Coumadin]"},{"code":"855319","display":"Warfarin Sodium 3 MG [Coumadin]"},{"code":"855325","display":"Warfarin Sodium 4 MG [Coumadin]"},{"code":"855333","display":"Warfarin Sodium 5 MG [Coumadin]"},{"code":"855339","display":"Warfarin Sodium 6 MG [Coumadin]"},{"code":"855345","display":"Warfarin Sodium 7.5 MG [Coumadin]"},{"code":"855291","display":"Warfarin Sodium 1 MG [Jantoven]"},{"code":"855299","display":"Warfarin Sodium 10 MG [Jantoven]"},{"code":"855305","display":"Warfarin Sodium 2 MG [Jantoven]"},{"code":"855315","display":"Warfarin Sodium 2.5 MG [Jantoven]"},{"code":"855321","display":"Warfarin Sodium 3 MG [Jantoven]"},{"code":"855327","display":"Warfarin Sodium 4 MG [Jantoven]"},{"code":"855335","display":"Warfarin Sodium 5 MG [Jantoven]"},{"code":"855341","display":"Warfarin Sodium 6 MG [Jantoven]"},{"code":"855347","display":"Warfarin Sodium 7.5 MG [Jantoven]"},{"code":"368417","display":"Warfarin Oral Tablet [Coumadin]"},{"code":"406078","display":"Warfarin Oral Tablet [Jantoven]"},{"code":"855288","display":"Warfarin Sodium 1 MG Oral Tablet"},{"code":"855296","display":"Warfarin Sodium 10 MG Oral Tablet"},{"code":"855302","display":"Warfarin Sodium 2 MG Oral Tablet"},{"code":"855308","display":"Warfarin Sodium 2 MG/ML Injectable Solution"},{"code":"855312","display":"Warfarin Sodium 2.5 MG Oral Tablet"},{"code":"855318","display":"Warfarin Sodium 3 MG Oral Tablet"},{"code":"855324","display":"Warfarin Sodium 4 MG Oral Tablet"},{"code":"855332","display":"Warfarin Sodium 5 MG Oral Tablet"},{"code":"855338","display":"Warfarin Sodium 6 MG Oral Tablet"},{"code":"855344","display":"Warfarin Sodium 7.5 MG Oral Tablet"},{"code":"855350","display":"Warfarin Sodium 0.5 MG Oral Tablet"},{"code":"855287","display":"Warfarin Sodium 1 MG"},{"code":"855295","display":"Warfarin Sodium 10 MG"},{"code":"855301","display":"Warfarin Sodium 2 MG"},{"code":"855307","display":"Warfarin Sodium 2 MG/ML"},{"code":"855311","display":"Warfarin Sodium 2.5 MG"},{"code":"855317","display":"Warfarin Sodium 3 MG"},{"code":"855323","display":"Warfarin Sodium 4 MG"},{"code":"855331","display":"Warfarin Sodium 5 MG"},{"code":"855337","display":"Warfarin Sodium 6 MG"},{"code":"855343","display":"Warfarin Sodium 7.5 MG"},{"code":"855349","display":"Warfarin Sodium 0.5 MG"},{"code":"374319","display":"Warfarin Oral Tablet"},{"code":"374320","display":"Warfarin Injectable Solution"},{"code":"1161789","display":"Warfarin Injectable Product"},{"code":"1161790","display":"Warfarin Oral Product"},{"code":"1161791","display":"Warfarin Pill"},{"code":"1167808","display":"Jantoven Oral Product"},{"code":"1167809","display":"Jantoven Pill"},{"code":"1171655","display":"Coumadin Oral Product"},{"code":"1171656","display":"Coumadin Pill"}]}]}}