{"resourceType":"ValueSet","id":"valueset-omeprazole","text":{"status":"generated","div":"<div xmlns=\"http://www.w3.org/1999/xhtml\"><ul><li>Include these codes as defined in <a href=\"http://www.nlm.nih.gov/research/umls/rxnorm\"><code>http://www.nlm.nih.gov/research/umls/rxnorm</code></a><table class=\"none\"><tr><td style=\"white-space:nowrap\"><b>Code</b></td><td><b>Display</b></td></tr><tr><td>203345</td><td>Prilosec</td></tr><tr><td>646341</td><td>Zegerid Reformulated Aug 2006</td></tr><tr><td>695927</td><td>Zegerid with Magnesium Hydroxide</td></tr><tr><td>967522</td><td>Omesec</td></tr><tr><td>994511</td><td>UlcerGard</td></tr><tr><td>1811911</td><td>Yosprala</td></tr><tr><td>1291987</td><td>{4 (Amoxicillin 500 MG Oral Capsule) / 2 (Clarithromycin 500                     MG Oral Tablet) / 2 (Omeprazole 20 MG Delayed Release Oral                     Capsule) } Pack [Omeclamox]</td></tr><tr><td>1291986</td><td>{4 (Amoxicillin 500 MG Oral Capsule) / 2 (Clarithromycin 500                     MG Oral Tablet) / 2 (Omeprazole 20 MG Delayed Release Oral                     Capsule) } Pack</td></tr><tr><td>7646</td><td>Omeprazole</td></tr><tr><td>617777</td><td>Omeprazole / Sodium Bicarbonate</td></tr><tr><td>645168</td><td>Magnesium Hydroxide / Omeprazole / Sodium Bicarbonate</td></tr><tr><td>1811630</td><td>Aspirin / Omeprazole</td></tr><tr><td>236486</td><td>Omeprazole magnesium</td></tr><tr><td>1792108</td><td>Omeprazole Sodium</td></tr><tr><td>207212</td><td>Omeprazole 20 MG Delayed Release Oral Capsule [Prilosec]</td></tr><tr><td>211691</td><td>Omeprazole 10 MG Delayed Release Oral Capsule [Prilosec]</td></tr><tr><td>213295</td><td>Omeprazole 40 MG Delayed Release Oral Capsule [Prilosec]</td></tr><tr><td>608796</td><td>Omeprazole 20 MG Delayed Release Oral Tablet [Prilosec]</td></tr><tr><td>797061</td><td>Omeprazole 10 MG Granules for Oral Suspension [Prilosec]</td></tr><tr><td>797065</td><td>Omeprazole 2.5 MG Granules for Oral Suspension [Prilosec]</td></tr><tr><td>646344</td><td>Omeprazole 20 MG / Sodium Bicarbonate 1100 MG Oral Capsule                     [Zegerid Reformulated Aug 2006]</td></tr><tr><td>646352</td><td>Omeprazole 40 MG / Sodium Bicarbonate 1100 MG Oral Capsule                     [Zegerid Reformulated Aug 2006]</td></tr><tr><td>753601</td><td>Omeprazole 40 MG / Sodium Bicarbonate 1680 MG Powder for                     Oral Suspension [Zegerid Reformulated Aug 2006]</td></tr><tr><td>753603</td><td>Omeprazole 20 MG / Sodium Bicarbonate 1680 MG Powder for                     Oral Suspension [Zegerid Reformulated Aug 2006]</td></tr><tr><td>695930</td><td>Magnesium Hydroxide 700 MG / Omeprazole 20 MG / Sodium                     Bicarbonate 600 MG Chewable Tablet [Zegerid with Magnesium Hydroxide]</td></tr><tr><td>695932</td><td>Magnesium Hydroxide 700 MG / Omeprazole 40 MG / Sodium                     Bicarbonate 600 MG Chewable Tablet [Zegerid with Magnesium Hydroxide]</td></tr><tr><td>967525</td><td>Omeprazole 20 MG Delayed Release Oral Capsule [Omesec]</td></tr><tr><td>994514</td><td>Omeprazole 0.37 MG/MG Oral Paste [UlcerGard]</td></tr><tr><td>1811916</td><td>Aspirin 325 MG / Omeprazole 40 MG Delayed Release Oral                     Tablet [Yosprala]</td></tr><tr><td>1811918</td><td>Aspirin 81 MG / Omeprazole 40 MG Delayed Release Oral Tablet [Yosprala]</td></tr><tr><td>541192</td><td>Omeprazole 10 MG [Prilosec]</td></tr><tr><td>541245</td><td>Omeprazole 20 MG [Prilosec]</td></tr><tr><td>541248</td><td>Omeprazole 40 MG [Prilosec]</td></tr><tr><td>1855336</td><td>Omeprazole 2.5 MG [Prilosec]</td></tr><tr><td>646342</td><td>Omeprazole 20 MG / Sodium Bicarbonate 1100 MG [Zegerid                     Reformulated Aug 2006]</td></tr><tr><td>646351</td><td>Omeprazole 40 MG / Sodium Bicarbonate 1100 MG [Zegerid                     Reformulated Aug 2006]</td></tr><tr><td>1855342</td><td>Omeprazole 20 MG / Sodium Bicarbonate 1680 MG [Zegerid                     Reformulated Aug 2006]</td></tr><tr><td>1855347</td><td>Omeprazole 40 MG / Sodium Bicarbonate 1680 MG [Zegerid                     Reformulated Aug 2006]</td></tr><tr><td>695928</td><td>Magnesium Hydroxide 700 MG / Omeprazole 20 MG / Sodium                     Bicarbonate 600 MG [Zegerid with Magnesium Hydroxide]</td></tr><tr><td>695931</td><td>Magnesium Hydroxide 700 MG / Omeprazole 40 MG / Sodium                     Bicarbonate 600 MG [Zegerid with Magnesium Hydroxide]</td></tr><tr><td>967523</td><td>Omeprazole 20 MG [Omesec]</td></tr><tr><td>994512</td><td>Omeprazole 0.37 MG/MG [UlcerGard]</td></tr><tr><td>1811912</td><td>Aspirin 325 MG / Omeprazole 40 MG [Yosprala]</td></tr><tr><td>1811917</td><td>Aspirin 81 MG / Omeprazole 40 MG [Yosprala]</td></tr><tr><td>366804</td><td>Omeprazole Delayed Release Oral Capsule [Prilosec]</td></tr><tr><td>608795</td><td>Omeprazole Delayed Release Oral Tablet [Prilosec]</td></tr><tr><td>646343</td><td>Omeprazole / Sodium Bicarbonate Oral Capsule [Zegerid                     Reformulated Aug 2006]</td></tr><tr><td>695929</td><td>Magnesium Hydroxide / Omeprazole / Sodium Bicarbonate                     Chewable Tablet [Zegerid with Magnesium Hydroxide]</td></tr><tr><td>967524</td><td>Omeprazole Delayed Release Oral Capsule [Omesec]</td></tr><tr><td>1855332</td><td>Omeprazole Granules for Oral Suspension [Prilosec]</td></tr><tr><td>1855343</td><td>Omeprazole / Sodium Bicarbonate Powder for Oral Suspension                     [Zegerid Reformulated Aug 2006]</td></tr><tr><td>1796431</td><td>Omeprazole Oral Paste [UlcerGard]</td></tr><tr><td>1811913</td><td>Aspirin / Omeprazole Delayed Release Oral Tablet [Yosprala]</td></tr><tr><td>198051</td><td>Omeprazole 20 MG Delayed Release Oral Capsule</td></tr><tr><td>199119</td><td>Omeprazole 10 MG Delayed Release Oral Capsule</td></tr><tr><td>389171</td><td>Omeprazole 10 MG Oral Tablet</td></tr><tr><td>389172</td><td>Omeprazole 20 MG Oral Tablet</td></tr><tr><td>402013</td><td>Omeprazole 10 MG Delayed Release Oral Tablet</td></tr><tr><td>402014</td><td>Omeprazole 20 MG Delayed Release Oral Tablet</td></tr><tr><td>616539</td><td>Omeprazole 20 MG / Sodium Bicarbonate 1100 MG Oral Capsule</td></tr><tr><td>645295</td><td>Magnesium Hydroxide 700 MG / Omeprazole 20 MG / Sodium                     Bicarbonate 600 MG Chewable Tablet</td></tr><tr><td>753562</td><td>Omeprazole 20 MG / Sodium Bicarbonate 1680 MG Powder for                     Oral Suspension</td></tr><tr><td>797058</td><td>Omeprazole 10 MG Granules for Oral Suspension</td></tr><tr><td>200329</td><td>Omeprazole 40 MG Delayed Release Oral Capsule</td></tr><tr><td>389173</td><td>Omeprazole 40 MG Oral Tablet</td></tr><tr><td>402015</td><td>Omeprazole 40 MG Delayed Release Oral Tablet</td></tr><tr><td>541247</td><td>Omeprazole 40 MG Extended Release Oral Capsule</td></tr><tr><td>616541</td><td>Omeprazole 40 MG / Sodium Bicarbonate 1100 MG Oral Capsule</td></tr><tr><td>645296</td><td>Magnesium Hydroxide 700 MG / Omeprazole 40 MG / Sodium                     Bicarbonate 600 MG Chewable Tablet</td></tr><tr><td>753557</td><td>Omeprazole 40 MG / Sodium Bicarbonate 1680 MG Powder for                     Oral Suspension</td></tr><tr><td>1811631</td><td>Aspirin 81 MG / Omeprazole 40 MG Delayed Release Oral Tablet</td></tr><tr><td>1811632</td><td>Aspirin 325 MG / Omeprazole 40 MG Delayed Release Oral Tablet</td></tr><tr><td>199493</td><td>Omeprazole 4 MG/ML Injectable Solution</td></tr><tr><td>994510</td><td>Omeprazole 0.37 MG/MG Oral Paste</td></tr><tr><td>797063</td><td>Omeprazole 2.5 MG Granules for Oral Suspension</td></tr><tr><td>316407</td><td>Omeprazole 10 MG</td></tr><tr><td>316408</td><td>Omeprazole 20 MG</td></tr><tr><td>317451</td><td>Omeprazole 40 MG</td></tr><tr><td>332271</td><td>Omeprazole 4 MG/ML</td></tr><tr><td>994508</td><td>Omeprazole 0.37 MG/MG</td></tr><tr><td>1855326</td><td>Omeprazole 2.5 MG</td></tr><tr><td>375193</td><td>Omeprazole Injectable Solution</td></tr><tr><td>378236</td><td>Omeprazole Delayed Release Oral Capsule</td></tr><tr><td>393435</td><td>Omeprazole Oral Tablet</td></tr><tr><td>402424</td><td>Omeprazole Delayed Release Oral Tablet</td></tr><tr><td>541190</td><td>Omeprazole Extended Release Oral Capsule</td></tr><tr><td>616538</td><td>Omeprazole / Sodium Bicarbonate Oral Capsule</td></tr><tr><td>645294</td><td>Magnesium Hydroxide / Omeprazole / Sodium Bicarbonate                     Chewable Tablet</td></tr><tr><td>1796429</td><td>Omeprazole Oral Paste</td></tr><tr><td>1811629</td><td>Aspirin / Omeprazole Delayed Release Oral Tablet</td></tr><tr><td>1855328</td><td>Omeprazole Granules for Oral Suspension</td></tr><tr><td>1855340</td><td>Omeprazole / Sodium Bicarbonate Powder for Oral Suspension</td></tr><tr><td>1157482</td><td>Magnesium Hydroxide / Omeprazole / Sodium Bicarbonate Oral Product</td></tr><tr><td>1157483</td><td>Magnesium Hydroxide / Omeprazole / Sodium Bicarbonate Pill</td></tr><tr><td>1796427</td><td>Omeprazole Oral Paste Product</td></tr><tr><td>1796428</td><td>Omeprazole Paste Product</td></tr><tr><td>1811627</td><td>Aspirin / Omeprazole Oral Product</td></tr><tr><td>1811628</td><td>Aspirin / Omeprazole Pill</td></tr><tr><td>1855327</td><td>Omeprazole Granule Product</td></tr><tr><td>1855339</td><td>Omeprazole / Sodium Bicarbonate Oral Powder Product</td></tr><tr><td>1161024</td><td>Omeprazole / Sodium Bicarbonate Oral Product</td></tr><tr><td>1161025</td><td>Omeprazole / Sodium Bicarbonate Pill</td></tr><tr><td>1161026</td><td>Omeprazole Injectable Product</td></tr><tr><td>1161028</td><td>Omeprazole Oral Product</td></tr><tr><td>1161029</td><td>Omeprazole Pill</td></tr><tr><td>1295655</td><td>Magnesium Hydroxide / Omeprazole / Sodium Bicarbonate                     Chewable Product</td></tr><tr><td>1187230</td><td>Zegerid with Magnesium Hydroxide Oral Product</td></tr><tr><td>1187231</td><td>Zegerid with Magnesium Hydroxide Pill</td></tr><tr><td>1796432</td><td>UlcerGard Oral Paste Product</td></tr><tr><td>1796434</td><td>UlcerGard Paste Product</td></tr><tr><td>1811914</td><td>Yosprala Oral Product</td></tr><tr><td>1811915</td><td>Yosprala Pill</td></tr><tr><td>1855333</td><td>Prilosec Granule Product</td></tr><tr><td>1855344</td><td>Zegerid Reformulated Aug 2006 Oral Powder Product</td></tr><tr><td>1796433</td><td>UlcerGard Oral Product</td></tr><tr><td>1178238</td><td>Prilosec Oral Product</td></tr><tr><td>1178239</td><td>Prilosec Pill</td></tr><tr><td>1181167</td><td>Omesec Oral Product</td></tr><tr><td>1181168</td><td>Omesec Pill</td></tr><tr><td>1187228</td><td>Zegerid Reformulated Aug 2006 Oral Product</td></tr><tr><td>1187229</td><td>Zegerid Reformulated Aug 2006 Pill</td></tr><tr><td>1296694</td><td>Zegerid with Magnesium Hydroxide Chewable Product</td></tr></table></li></ul></div>"},"url":"http://hl7.org/fhir/uv/pddi/ValueSet/valueset-omeprazole","version":"1.0.0-ballot","name":"Valueset_omeprazole","title":"Omeprazole Medications Value Set","status":"draft","experimental":true,"date":"2018-07-02","publisher":"HL7 Clinical Decision Support Workgroup","contact":[{"telecom":[{"system":"url","value":"http://hl7.org/Special/committees/dss"}]}],"description":"ValueSet containing drug identifiers for omeprazole.","jurisdiction":[{"coding":[{"system":"http://unstats.un.org/unsd/methods/m49/m49.htm","code":"001"}]}],"copyright":"(copyright expectations unknown)","compose":{"include":[{"system":"http://www.nlm.nih.gov/research/umls/rxnorm","concept":[{"code":"203345","display":"Prilosec"},{"code":"646341","display":"Zegerid Reformulated Aug 2006"},{"code":"695927","display":"Zegerid with Magnesium Hydroxide"},{"code":"967522","display":"Omesec"},{"code":"994511","display":"UlcerGard"},{"code":"1811911","display":"Yosprala"},{"code":"1291987","display":"{4 (Amoxicillin 500 MG Oral Capsule) / 2 (Clarithromycin 500                     MG Oral Tablet) / 2 (Omeprazole 20 MG Delayed Release Oral                     Capsule) } Pack [Omeclamox]"},{"code":"1291986","display":"{4 (Amoxicillin 500 MG Oral Capsule) / 2 (Clarithromycin 500                     MG Oral Tablet) / 2 (Omeprazole 20 MG Delayed Release Oral                     Capsule) } Pack"},{"code":"7646","display":"Omeprazole"},{"code":"617777","display":"Omeprazole / Sodium Bicarbonate"},{"code":"645168","display":"Magnesium Hydroxide / Omeprazole / Sodium Bicarbonate"},{"code":"1811630","display":"Aspirin / Omeprazole"},{"code":"236486","display":"Omeprazole magnesium"},{"code":"1792108","display":"Omeprazole Sodium"},{"code":"207212","display":"Omeprazole 20 MG Delayed Release Oral Capsule [Prilosec]"},{"code":"211691","display":"Omeprazole 10 MG Delayed Release Oral Capsule [Prilosec]"},{"code":"213295","display":"Omeprazole 40 MG Delayed Release Oral Capsule [Prilosec]"},{"code":"608796","display":"Omeprazole 20 MG Delayed Release Oral Tablet [Prilosec]"},{"code":"797061","display":"Omeprazole 10 MG Granules for Oral Suspension [Prilosec]"},{"code":"797065","display":"Omeprazole 2.5 MG Granules for Oral Suspension [Prilosec]"},{"code":"646344","display":"Omeprazole 20 MG / Sodium Bicarbonate 1100 MG Oral Capsule                     [Zegerid Reformulated Aug 2006]"},{"code":"646352","display":"Omeprazole 40 MG / Sodium Bicarbonate 1100 MG Oral Capsule                     [Zegerid Reformulated Aug 2006]"},{"code":"753601","display":"Omeprazole 40 MG / Sodium Bicarbonate 1680 MG Powder for                     Oral Suspension [Zegerid Reformulated Aug 2006]"},{"code":"753603","display":"Omeprazole 20 MG / Sodium Bicarbonate 1680 MG Powder for                     Oral Suspension [Zegerid Reformulated Aug 2006]"},{"code":"695930","display":"Magnesium Hydroxide 700 MG / Omeprazole 20 MG / Sodium                     Bicarbonate 600 MG Chewable Tablet [Zegerid with Magnesium Hydroxide]"},{"code":"695932","display":"Magnesium Hydroxide 700 MG / Omeprazole 40 MG / Sodium                     Bicarbonate 600 MG Chewable Tablet [Zegerid with Magnesium Hydroxide]"},{"code":"967525","display":"Omeprazole 20 MG Delayed Release Oral Capsule [Omesec]"},{"code":"994514","display":"Omeprazole 0.37 MG/MG Oral Paste [UlcerGard]"},{"code":"1811916","display":"Aspirin 325 MG / Omeprazole 40 MG Delayed Release Oral                     Tablet [Yosprala]"},{"code":"1811918","display":"Aspirin 81 MG / Omeprazole 40 MG Delayed Release Oral Tablet [Yosprala]"},{"code":"541192","display":"Omeprazole 10 MG [Prilosec]"},{"code":"541245","display":"Omeprazole 20 MG [Prilosec]"},{"code":"541248","display":"Omeprazole 40 MG [Prilosec]"},{"code":"1855336","display":"Omeprazole 2.5 MG [Prilosec]"},{"code":"646342","display":"Omeprazole 20 MG / Sodium Bicarbonate 1100 MG [Zegerid                     Reformulated Aug 2006]"},{"code":"646351","display":"Omeprazole 40 MG / Sodium Bicarbonate 1100 MG [Zegerid                     Reformulated Aug 2006]"},{"code":"1855342","display":"Omeprazole 20 MG / Sodium Bicarbonate 1680 MG [Zegerid                     Reformulated Aug 2006]"},{"code":"1855347","display":"Omeprazole 40 MG / Sodium Bicarbonate 1680 MG [Zegerid                     Reformulated Aug 2006]"},{"code":"695928","display":"Magnesium Hydroxide 700 MG / Omeprazole 20 MG / Sodium                     Bicarbonate 600 MG [Zegerid with Magnesium Hydroxide]"},{"code":"695931","display":"Magnesium Hydroxide 700 MG / Omeprazole 40 MG / Sodium                     Bicarbonate 600 MG [Zegerid with Magnesium Hydroxide]"},{"code":"967523","display":"Omeprazole 20 MG [Omesec]"},{"code":"994512","display":"Omeprazole 0.37 MG/MG [UlcerGard]"},{"code":"1811912","display":"Aspirin 325 MG / Omeprazole 40 MG [Yosprala]"},{"code":"1811917","display":"Aspirin 81 MG / Omeprazole 40 MG [Yosprala]"},{"code":"366804","display":"Omeprazole Delayed Release Oral Capsule [Prilosec]"},{"code":"608795","display":"Omeprazole Delayed Release Oral Tablet [Prilosec]"},{"code":"646343","display":"Omeprazole / Sodium Bicarbonate Oral Capsule [Zegerid                     Reformulated Aug 2006]"},{"code":"695929","display":"Magnesium Hydroxide / Omeprazole / Sodium Bicarbonate                     Chewable Tablet [Zegerid with Magnesium Hydroxide]"},{"code":"967524","display":"Omeprazole Delayed Release Oral Capsule [Omesec]"},{"code":"1855332","display":"Omeprazole Granules for Oral Suspension [Prilosec]"},{"code":"1855343","display":"Omeprazole / Sodium Bicarbonate Powder for Oral Suspension                     [Zegerid Reformulated Aug 2006]"},{"code":"1796431","display":"Omeprazole Oral Paste [UlcerGard]"},{"code":"1811913","display":"Aspirin / Omeprazole Delayed Release Oral Tablet [Yosprala]"},{"code":"198051","display":"Omeprazole 20 MG Delayed Release Oral Capsule"},{"code":"199119","display":"Omeprazole 10 MG Delayed Release Oral Capsule"},{"code":"389171","display":"Omeprazole 10 MG Oral Tablet"},{"code":"389172","display":"Omeprazole 20 MG Oral Tablet"},{"code":"402013","display":"Omeprazole 10 MG Delayed Release Oral Tablet"},{"code":"402014","display":"Omeprazole 20 MG Delayed Release Oral Tablet"},{"code":"616539","display":"Omeprazole 20 MG / Sodium Bicarbonate 1100 MG Oral Capsule"},{"code":"645295","display":"Magnesium Hydroxide 700 MG / Omeprazole 20 MG / Sodium                     Bicarbonate 600 MG Chewable Tablet"},{"code":"753562","display":"Omeprazole 20 MG / Sodium Bicarbonate 1680 MG Powder for                     Oral Suspension"},{"code":"797058","display":"Omeprazole 10 MG Granules for Oral Suspension"},{"code":"200329","display":"Omeprazole 40 MG Delayed Release Oral Capsule"},{"code":"389173","display":"Omeprazole 40 MG Oral Tablet"},{"code":"402015","display":"Omeprazole 40 MG Delayed Release Oral Tablet"},{"code":"541247","display":"Omeprazole 40 MG Extended Release Oral Capsule"},{"code":"616541","display":"Omeprazole 40 MG / Sodium Bicarbonate 1100 MG Oral Capsule"},{"code":"645296","display":"Magnesium Hydroxide 700 MG / Omeprazole 40 MG / Sodium                     Bicarbonate 600 MG Chewable Tablet"},{"code":"753557","display":"Omeprazole 40 MG / Sodium Bicarbonate 1680 MG Powder for                     Oral Suspension"},{"code":"1811631","display":"Aspirin 81 MG / Omeprazole 40 MG Delayed Release Oral Tablet"},{"code":"1811632","display":"Aspirin 325 MG / Omeprazole 40 MG Delayed Release Oral Tablet"},{"code":"199493","display":"Omeprazole 4 MG/ML Injectable Solution"},{"code":"994510","display":"Omeprazole 0.37 MG/MG Oral Paste"},{"code":"797063","display":"Omeprazole 2.5 MG Granules for Oral Suspension"},{"code":"316407","display":"Omeprazole 10 MG"},{"code":"316408","display":"Omeprazole 20 MG"},{"code":"317451","display":"Omeprazole 40 MG"},{"code":"332271","display":"Omeprazole 4 MG/ML"},{"code":"994508","display":"Omeprazole 0.37 MG/MG"},{"code":"1855326","display":"Omeprazole 2.5 MG"},{"code":"375193","display":"Omeprazole Injectable Solution"},{"code":"378236","display":"Omeprazole Delayed Release Oral Capsule"},{"code":"393435","display":"Omeprazole Oral Tablet"},{"code":"402424","display":"Omeprazole Delayed Release Oral Tablet"},{"code":"541190","display":"Omeprazole Extended Release Oral Capsule"},{"code":"616538","display":"Omeprazole / Sodium Bicarbonate Oral Capsule"},{"code":"645294","display":"Magnesium Hydroxide / Omeprazole / Sodium Bicarbonate                     Chewable Tablet"},{"code":"1796429","display":"Omeprazole Oral Paste"},{"code":"1811629","display":"Aspirin / Omeprazole Delayed Release Oral Tablet"},{"code":"1855328","display":"Omeprazole Granules for Oral Suspension"},{"code":"1855340","display":"Omeprazole / Sodium Bicarbonate Powder for Oral Suspension"},{"code":"1157482","display":"Magnesium Hydroxide / Omeprazole / Sodium Bicarbonate Oral Product"},{"code":"1157483","display":"Magnesium Hydroxide / Omeprazole / Sodium Bicarbonate Pill"},{"code":"1796427","display":"Omeprazole Oral Paste Product"},{"code":"1796428","display":"Omeprazole Paste Product"},{"code":"1811627","display":"Aspirin / Omeprazole Oral Product"},{"code":"1811628","display":"Aspirin / Omeprazole Pill"},{"code":"1855327","display":"Omeprazole Granule Product"},{"code":"1855339","display":"Omeprazole / Sodium Bicarbonate Oral Powder Product"},{"code":"1161024","display":"Omeprazole / Sodium Bicarbonate Oral Product"},{"code":"1161025","display":"Omeprazole / Sodium Bicarbonate Pill"},{"code":"1161026","display":"Omeprazole Injectable Product"},{"code":"1161028","display":"Omeprazole Oral Product"},{"code":"1161029","display":"Omeprazole Pill"},{"code":"1295655","display":"Magnesium Hydroxide / Omeprazole / Sodium Bicarbonate                     Chewable Product"},{"code":"1187230","display":"Zegerid with Magnesium Hydroxide Oral Product"},{"code":"1187231","display":"Zegerid with Magnesium Hydroxide Pill"},{"code":"1796432","display":"UlcerGard Oral Paste Product"},{"code":"1796434","display":"UlcerGard Paste Product"},{"code":"1811914","display":"Yosprala Oral Product"},{"code":"1811915","display":"Yosprala Pill"},{"code":"1855333","display":"Prilosec Granule Product"},{"code":"1855344","display":"Zegerid Reformulated Aug 2006 Oral Powder Product"},{"code":"1796433","display":"UlcerGard Oral Product"},{"code":"1178238","display":"Prilosec Oral Product"},{"code":"1178239","display":"Prilosec Pill"},{"code":"1181167","display":"Omesec Oral Product"},{"code":"1181168","display":"Omesec Pill"},{"code":"1187228","display":"Zegerid Reformulated Aug 2006 Oral Product"},{"code":"1187229","display":"Zegerid Reformulated Aug 2006 Pill"},{"code":"1296694","display":"Zegerid with Magnesium Hydroxide Chewable Product"}]}]}}