{"resourceType":"ValueSet","id":"valueset-potassium-LOINC","text":{"status":"generated","div":"<div xmlns=\"http://www.w3.org/1999/xhtml\"><ul><li>Include these codes as defined in <a href=\"http://loinc.org\"><code>http://loinc.org</code></a> version <code>2.73</code><table class=\"none\"><tr><td style=\"white-space:nowrap\"><b>Code</b></td><td><b>Display</b></td></tr><tr><td><a href=\"https://loinc.org/75940-7/\">75940-7</a></td><td>Potassium [Mass/​volume] in Blood</td></tr><tr><td><a href=\"https://loinc.org/12812-4/\">12812-4</a></td><td>Potassium [Moles/​volume] in Serum or Plasma --2nd specimen</td></tr><tr><td><a href=\"https://loinc.org/12813-2/\">12813-2</a></td><td>Potassium [Moles/​volume] in Serum or Plasma --3rd specimen</td></tr><tr><td><a href=\"https://loinc.org/22760-3/\">22760-3</a></td><td>Potassium [Mass/​volume] in Serum or Plasma</td></tr><tr><td><a href=\"https://loinc.org/2823-3/\">2823-3</a></td><td>Potassium [Moles/​volume] in Serum or Plasma</td></tr><tr><td><a href=\"https://loinc.org/2824-1/\">2824-1</a></td><td>Potassium [Moles/​volume] in Red Blood Cells</td></tr><tr><td><a href=\"https://loinc.org/29349-8/\">29349-8</a></td><td>Potassium [Moles/​volume] in Serum or Plasma --post dialysis</td></tr><tr><td><a href=\"https://loinc.org/32713-0/\">32713-0</a></td><td>Potassium [Moles/​volume] in Arterial blood</td></tr><tr><td><a href=\"https://loinc.org/39789-3/\">39789-3</a></td><td>Potassium [Moles/​volume] in Venous blood</td></tr><tr><td><a href=\"https://loinc.org/39790-1/\">39790-1</a></td><td>Potassium [Moles/​volume] in Capillary blood</td></tr><tr><td><a href=\"https://loinc.org/41656-0/\">41656-0</a></td><td>Potassium [Moles/​volume] in Mixed venous blood</td></tr><tr><td><a href=\"https://loinc.org/51618-7/\">51618-7</a></td><td>Potassium [Moles/​volume] in Serum or Plasma --pre dialysis</td></tr><tr><td><a href=\"https://loinc.org/6298-4/\">6298-4</a></td><td>Potassium [Moles/​volume] in Blood</td></tr></table></li></ul></div>"},"url":"http://hl7.org/fhir/uv/pddi/ValueSet/valueset-potassium-LOINC","version":"1.0.0-ballot","name":"Valueset_potassium_LOINC","title":"LOINC Codes for Serum Potassium","status":"draft","experimental":true,"date":"2018-08-03","publisher":"HL7 Clinical Decision Support Workgroup","contact":[{"telecom":[{"system":"url","value":"http://hl7.org/Special/committees/dss"}]}],"description":"ValueSet containing serum potassium LOINC identifiers from the HEDIS Serum Potassium Value Set.","jurisdiction":[{"coding":[{"system":"http://unstats.un.org/unsd/methods/m49/m49.htm","code":"001"}]}],"copyright":"This material contains content from LOINC (http://loinc.org). LOINC is copyright © 1995-2020, Regenstrief Institute, Inc. and the Logical Observation Identifiers Names and Codes (LOINC) Committee and is available at no cost under the license at http://loinc.org/license. LOINC® is a registered United States trademark of Regenstrief Institute, Inc","compose":{"include":[{"system":"http://loinc.org","version":"2.73","concept":[{"code":"75940-7","display":"Potassium [Mass/​volume] in Blood"},{"code":"12812-4","display":"Potassium [Moles/​volume] in Serum or Plasma --2nd specimen"},{"code":"12813-2","display":"Potassium [Moles/​volume] in Serum or Plasma --3rd specimen"},{"code":"22760-3","display":"Potassium [Mass/​volume] in Serum or Plasma"},{"code":"2823-3","display":"Potassium [Moles/​volume] in Serum or Plasma"},{"code":"2824-1","display":"Potassium [Moles/​volume] in Red Blood Cells"},{"code":"29349-8","display":"Potassium [Moles/​volume] in Serum or Plasma --post dialysis"},{"code":"32713-0","display":"Potassium [Moles/​volume] in Arterial blood"},{"code":"39789-3","display":"Potassium [Moles/​volume] in Venous blood"},{"code":"39790-1","display":"Potassium [Moles/​volume] in Capillary blood"},{"code":"41656-0","display":"Potassium [Moles/​volume] in Mixed venous blood"},{"code":"51618-7","display":"Potassium [Moles/​volume] in Serum or Plasma --pre dialysis"},{"code":"6298-4","display":"Potassium [Moles/​volume] in Blood"}]}]}}