{"resourceType":"ValueSet","id":"valueset-dexamethasone","text":{"status":"generated","div":"<div xmlns=\"http://www.w3.org/1999/xhtml\"><ul><li>Include these codes as defined in <a href=\"http://www.nlm.nih.gov/research/umls/rxnorm\"><code>http://www.nlm.nih.gov/research/umls/rxnorm</code></a><table class=\"none\"><tr><td style=\"white-space:nowrap\"><b>Code</b></td><td><b>Display</b></td></tr><tr><td>1009389</td><td>Tresaderm</td></tr><tr><td>1049383</td><td>Dexium</td></tr><tr><td>134920</td><td>Maxitrol</td></tr><tr><td>203704</td><td>Dexasone</td></tr><tr><td>203705</td><td>Maxidex</td></tr><tr><td>216384</td><td>De-Sone LA</td></tr><tr><td>219289</td><td>Poly-Dex</td></tr><tr><td>220330</td><td>Tobradex</td></tr><tr><td>227682</td><td>Decadron</td></tr><tr><td>404930</td><td>Ciprodex</td></tr><tr><td>854178</td><td>Ozurdex</td></tr><tr><td>855602</td><td>Baycadron</td></tr><tr><td>880654</td><td>DexaJect</td></tr><tr><td>847225</td><td>{21 (Dexamethasone 1.5 MG Oral Tablet) } Pack [DexPak                     TaperPak 6 Day]</td></tr><tr><td>797023</td><td>{51 (Dexamethasone 1.5 MG Oral Tablet) } Pack [DexPak                     TaperPak 13 Day]</td></tr><tr><td>797022</td><td>{35 (Dexamethasone 1.5 MG Oral Tablet) } Pack [DexPak                     TaperPak Junior 10 Day]</td></tr><tr><td>795716</td><td>{12 (Dexamethasone 0.75 MG Oral Tablet [Decadron]) } Pack                     [Decadron 5-12]</td></tr><tr><td>759481</td><td>{51 (Dexamethasone 1.5 MG Oral Tablet) } Pack</td></tr><tr><td>759697</td><td>{35 (Dexamethasone 1.5 MG Oral Tablet) } Pack</td></tr><tr><td>846192</td><td>{21 (Dexamethasone 1.5 MG Oral Tablet) } Pack</td></tr><tr><td>759696</td><td>{12 (Dexamethasone 0.75 MG Oral Tablet) } Pack</td></tr><tr><td>1869605</td><td>{41 (Dexamethasone 1.5 MG Oral Tablet) } Pack</td></tr><tr><td>1869595</td><td>{27 (Dexamethasone 1.5 MG Oral Tablet) } Pack</td></tr><tr><td>3264</td><td>Dexamethasone</td></tr><tr><td>1007105</td><td>Astemizole / Dexamethasone</td></tr><tr><td>1007256</td><td>Clioquinol / Dexamethasone</td></tr><tr><td>1007423</td><td>Dexamethasone / Oxytetracycline</td></tr><tr><td>1007483</td><td>Dexamethasone / hypromellose</td></tr><tr><td>1007628</td><td>Dexamethasone / DOBESILIC ACID / Lidocaine</td></tr><tr><td>1007854</td><td>Clotrimazole / Dexamethasone</td></tr><tr><td>1008217</td><td>Clemastine / Dexamethasone</td></tr><tr><td>1008930</td><td>Dexamethasone / Phenylephrine</td></tr><tr><td>1009150</td><td>Dexamethasone / sodium phosphate</td></tr><tr><td>1009387</td><td>Dexamethasone / Neomycin / Thiabendazole</td></tr><tr><td>214478</td><td>Dexamethasone / Lidocaine</td></tr><tr><td>216524</td><td>Dexamethasone / Neomycin</td></tr><tr><td>216525</td><td>Dexamethasone / Neomycin / Polymyxin B</td></tr><tr><td>465397</td><td>Ciprofloxacin / Dexamethasone</td></tr><tr><td>687304</td><td>Dexamethasone / tramazoline</td></tr><tr><td>813683</td><td>Dexamethasone / Theophylline</td></tr><tr><td>814504</td><td>Dexamethasone / Indomethacin</td></tr><tr><td>815833</td><td>Chloramphenicol / Dexamethasone</td></tr><tr><td>818139</td><td>Dexamethasone / Terfenadine</td></tr><tr><td>820465</td><td>Carisoprodol / Dexamethasone / Ibuprofen</td></tr><tr><td>821542</td><td>Cyproheptadine / Dexamethasone</td></tr><tr><td>822000</td><td>Carisoprodol / Dexamethasone / tenoxicam</td></tr><tr><td>883815</td><td>Dexamethasone / Tobramycin</td></tr><tr><td>22690</td><td>dexamethasone acetate</td></tr><tr><td>22694</td><td>dexamethasone trimethyl acetate</td></tr><tr><td>235486</td><td>Dexamethasone phosphate</td></tr><tr><td>3265</td><td>Dexamethasone Isonicotinate</td></tr><tr><td>48933</td><td>Dexamethasone sodium phosphate</td></tr><tr><td>1009392</td><td>Dexamethasone 1 MG/ML / Neomycin 3.2 MG/ML / Thiabendazole                     40 MG/ML Topical Solution [Tresaderm]</td></tr><tr><td>1049386</td><td>Dexamethasone 2 MG/ML Injectable Solution [Dexium]</td></tr><tr><td>1087919</td><td>Dexamethasone 3 MG/ML Injectable Solution [Dexium]</td></tr><tr><td>208591</td><td>Dexamethasone 1 MG/ML / Neomycin 3.5 MG/ML / Polymyxin B                     10000 UNT/ML Ophthalmic Suspension [Maxitrol]</td></tr><tr><td>208601</td><td>Dexamethasone 0.001 MG/MG / Neomycin 0.0035 MG/MG /                     Polymyxin B 10 UNT/MG Ophthalmic Ointment [Maxitrol]</td></tr><tr><td>1087757</td><td>Dexamethasone 2 MG/ML Injectable Solution [Dexasone]</td></tr><tr><td>205669</td><td>Dexamethasone 1 MG/ML Ophthalmic Suspension [Maxidex]</td></tr><tr><td>688245</td><td>Dexamethasone 0.0005 MG/MG Ophthalmic Ointment [Maxidex]</td></tr><tr><td>205595</td><td>dexamethasone acetate 8 MG/ML Injectable Suspension [De-Sone LA]</td></tr><tr><td>208593</td><td>Dexamethasone 1 MG/ML / Neomycin 3.5 MG/ML / Polymyxin B                     10000 UNT/ML Ophthalmic Suspension [Poly-Dex]</td></tr><tr><td>208602</td><td>Dexamethasone 0.001 MG/MG / Neomycin 0.0035 MG/MG /                     Polymyxin B 10 UNT/MG Ophthalmic Ointment [Poly-Dex]</td></tr><tr><td>1011080</td><td>Dexamethasone 0.5 MG/ML / Tobramycin 3 MG/ML Ophthalmic                     Suspension [Tobradex]</td></tr><tr><td>208813</td><td>Dexamethasone 1 MG/ML / Tobramycin 3 MG/ML Ophthalmic                     Suspension [Tobradex]</td></tr><tr><td>208821</td><td>Dexamethasone 0.001 MG/MG / Tobramycin 0.003 MG/MG                     Ophthalmic Ointment [Tobradex]</td></tr><tr><td>105392</td><td>Dexamethasone 0.5 MG Oral Tablet [Decadron]</td></tr><tr><td>205712</td><td>Dexamethasone 4 MG Oral Tablet [Decadron]</td></tr><tr><td>205717</td><td>Dexamethasone 6 MG Oral Tablet [Decadron]</td></tr><tr><td>755976</td><td>Dexamethasone 0.1 MG/ML Oral Solution [Decadron]</td></tr><tr><td>343040</td><td>Dexamethasone 0.75 MG Oral Tablet [Decadron]</td></tr><tr><td>404630</td><td>Ciprofloxacin 3 MG/ML / Dexamethasone 1 MG/ML Otic                     Suspension [Ciprodex]</td></tr><tr><td>1049549</td><td>Dexamethasone 2 MG/ML Injectable Solution [DexaJect]</td></tr><tr><td>854181</td><td>Dexamethasone 0.7 MG Drug Implant [Ozurdex]</td></tr><tr><td>880657</td><td>Dexamethasone 3 MG/ML Injectable Solution [DexaJect]</td></tr><tr><td>901649</td><td>Dexamethasone 0.1 MG/ML Oral Solution [Baycadron]</td></tr><tr><td>1009390</td><td>Dexamethasone 1 MG/ML / Neomycin 3.2 MG/ML / Thiabendazole                     40 MG/ML [Tresaderm]</td></tr><tr><td>1049384</td><td>Dexamethasone 2 MG/ML [Dexium]</td></tr><tr><td>1087918</td><td>Dexamethasone 3 MG/ML [Dexium]</td></tr><tr><td>569262</td><td>Dexamethasone 1 MG/ML / Neomycin 3.5 MG/ML / Polymyxin B                     10000 UNT/ML [Maxitrol]</td></tr><tr><td>569272</td><td>Dexamethasone 0.001 MG/MG / Neomycin 0.0035 MG/MG /                     Polymyxin B 10 UNT/MG [Maxitrol]</td></tr><tr><td>1087756</td><td>Dexamethasone 2 MG/ML [Dexasone]</td></tr><tr><td>566561</td><td>Dexamethasone 1 MG/ML [Maxidex]</td></tr><tr><td>1534398</td><td>dexamethasone acetate 8 MG/ML [De-Sone LA]</td></tr><tr><td>569264</td><td>Dexamethasone 1 MG/ML / Neomycin 3.5 MG/ML / Polymyxin B                     10000 UNT/ML [Poly-Dex]</td></tr><tr><td>569273</td><td>Dexamethasone 0.001 MG/MG / Neomycin 0.0035 MG/MG /                     Polymyxin B 10 UNT/MG [Poly-Dex]</td></tr><tr><td>1011079</td><td>Dexamethasone 0.5 MG/ML / Tobramycin 3 MG/ML [Tobradex]</td></tr><tr><td>569462</td><td>Dexamethasone 1 MG/ML / Tobramycin 3 MG/ML [Tobradex]</td></tr><tr><td>569470</td><td>Dexamethasone 0.001 MG/MG / Tobramycin 0.003 MG/MG [Tobradex]</td></tr><tr><td>564044</td><td>Dexamethasone 0.5 MG [Decadron]</td></tr><tr><td>566581</td><td>Dexamethasone 0.1 MG/ML [Decadron]</td></tr><tr><td>566603</td><td>Dexamethasone 4 MG [Decadron]</td></tr><tr><td>566608</td><td>Dexamethasone 6 MG [Decadron]</td></tr><tr><td>575233</td><td>Dexamethasone 0.75 MG [Decadron]</td></tr><tr><td>545158</td><td>Ciprofloxacin 3 MG/ML / Dexamethasone 1 MG/ML [Ciprodex]</td></tr><tr><td>1049548</td><td>Dexamethasone 2 MG/ML [DexaJect]</td></tr><tr><td>854179</td><td>Dexamethasone 0.7 MG [Ozurdex]</td></tr><tr><td>880655</td><td>Dexamethasone 3 MG/ML [DexaJect]</td></tr><tr><td>901647</td><td>Dexamethasone 0.1 MG/ML [Baycadron]</td></tr><tr><td>1009391</td><td>Dexamethasone / Neomycin / Thiabendazole Topical Solution [Tresaderm]</td></tr><tr><td>1049385</td><td>Dexamethasone Injectable Solution [Dexium]</td></tr><tr><td>757087</td><td>Dexamethasone Oral Solution [Decadron]</td></tr><tr><td>363482</td><td>Dexamethasone Injectable Solution [Dexasone]</td></tr><tr><td>365842</td><td>Dexamethasone Ophthalmic Suspension [Maxidex]</td></tr><tr><td>365692</td><td>Dexamethasone Injectable Suspension [De-Sone LA]</td></tr><tr><td>365818</td><td>Dexamethasone / Neomycin / Polymyxin B Ophthalmic Suspension [Poly-Dex]</td></tr><tr><td>367266</td><td>Dexamethasone / Neomycin / Polymyxin B Ophthalmic Ointment [Poly-Dex]</td></tr><tr><td>688244</td><td>Dexamethasone Ophthalmic Ointment [Maxidex]</td></tr><tr><td>369461</td><td>Dexamethasone Oral Tablet [Decadron]</td></tr><tr><td>405941</td><td>Ciprofloxacin / Dexamethasone Otic Suspension [Ciprodex]</td></tr><tr><td>854180</td><td>Dexamethasone Drug Implant [Ozurdex]</td></tr><tr><td>901648</td><td>Dexamethasone Oral Solution [Baycadron]</td></tr><tr><td>880656</td><td>Dexamethasone Injectable Solution [DexaJect]</td></tr><tr><td>93249</td><td>Dexamethasone / Neomycin / Polymyxin B Ophthalmic Ointment [Maxitrol]</td></tr><tr><td>93250</td><td>Dexamethasone / Neomycin / Polymyxin B Ophthalmic Suspension [Maxitrol]</td></tr><tr><td>94334</td><td>Dexamethasone / Tobramycin Ophthalmic Suspension [Tobradex]</td></tr><tr><td>94335</td><td>Dexamethasone / Tobramycin Ophthalmic Ointment [Tobradex]</td></tr><tr><td>1049400</td><td>Dexamethasone sodium phosphate 4 MG/ML Injectable Solution</td></tr><tr><td>1116927</td><td>Dexamethasone phosphate 4 MG/ML Injectable Solution</td></tr><tr><td>1812095</td><td>1 ML Dexamethasone phosphate 4 MG/ML Prefilled Syringe</td></tr><tr><td>1812194</td><td>1 ML Dexamethasone phosphate 4 MG/ML Injection</td></tr><tr><td>197576</td><td>Dexamethasone 0.25 MG Oral Tablet</td></tr><tr><td>197577</td><td>Dexamethasone 0.5 MG Oral Tablet</td></tr><tr><td>197579</td><td>Dexamethasone 1 MG Oral Tablet</td></tr><tr><td>197580</td><td>Dexamethasone 1.5 MG Oral Tablet</td></tr><tr><td>197582</td><td>Dexamethasone 4 MG Oral Tablet</td></tr><tr><td>197583</td><td>Dexamethasone 6 MG Oral Tablet</td></tr><tr><td>309686</td><td>Dexamethasone 0.1 MG/ML Oral Solution</td></tr><tr><td>197581</td><td>Dexamethasone 2 MG Oral Tablet</td></tr><tr><td>1009388</td><td>Dexamethasone 1 MG/ML / Neomycin 3.2 MG/ML / Thiabendazole                     40 MG/ML Topical Solution</td></tr><tr><td>226343</td><td>Dexamethasone 1 MG/ML Ophthalmic Solution</td></tr><tr><td>227142</td><td>Dexamethasone 1 MG/ML / hypromellose 5 MG/ML Ophthalmic Solution</td></tr><tr><td>309680</td><td>Dexamethasone 1 MG/ML / Neomycin 3.5 MG/ML / Polymyxin B                     10000 UNT/ML Ophthalmic Suspension</td></tr><tr><td>309683</td><td>Dexamethasone 1 MG/ML / Tobramycin 3 MG/ML Ophthalmic Suspension</td></tr><tr><td>309684</td><td>Dexamethasone 1 MG/ML Oral Solution</td></tr><tr><td>309690</td><td>Dexamethasone 0.0005 MG/MG Ophthalmic Ointment</td></tr><tr><td>309692</td><td>Dexamethasone 1 MG/ML Ophthalmic Suspension</td></tr><tr><td>387080</td><td>Dexamethasone 8 MG/ML Injectable Solution</td></tr><tr><td>388755</td><td>Dexamethasone 1 MG/ML Topical Solution</td></tr><tr><td>403908</td><td>Ciprofloxacin 3 MG/ML / Dexamethasone 1 MG/ML Otic Suspension</td></tr><tr><td>108882</td><td>Dexamethasone 0.4 MG/ML Oral Solution</td></tr><tr><td>1006791</td><td>Dexamethasone 4 MG/ML Injectable Suspension</td></tr><tr><td>105394</td><td>Dexamethasone 5 MG/ML Injectable Solution</td></tr><tr><td>880649</td><td>Dexamethasone 3 MG/ML Injectable Solution</td></tr><tr><td>248175</td><td>Dexamethasone 0.02 MG/ACTUAT / tramazoline 0.12 MG/ACTUAT                     Nasal Spray</td></tr><tr><td>247484</td><td>Dexamethasone 0.001 MG/MG Ophthalmic Ointment</td></tr><tr><td>309679</td><td>Dexamethasone 0.001 MG/MG / Neomycin 0.0035 MG/MG /                     Polymyxin B 10 UNT/MG Ophthalmic Ointment</td></tr><tr><td>309682</td><td>Dexamethasone 0.001 MG/MG / Tobramycin 0.003 MG/MG                     Ophthalmic Ointment</td></tr><tr><td>348336</td><td>Dexamethasone 0.001 MG/MG / Neomycin 0.0035 MG/MG Topical Ointment</td></tr><tr><td>343033</td><td>Dexamethasone 0.75 MG Oral Tablet</td></tr><tr><td>393267</td><td>Dexamethasone 16 MG/ML Injectable Solution</td></tr><tr><td>435681</td><td>Dexamethasone 2 MG/ML Injectable Solution</td></tr><tr><td>608583</td><td>Dexamethasone 0.5 MG/ML Ophthalmic Solution</td></tr><tr><td>849115</td><td>Dexamethasone 0.5 MG/ML / Tobramycin 3 MG/ML Ophthalmic Suspension</td></tr><tr><td>854177</td><td>Dexamethasone 0.7 MG Drug Implant</td></tr><tr><td>1374372</td><td>dexamethasone acetate 8 MG/ML Injectable Suspension</td></tr><tr><td>1376068</td><td>Dexamethasone sodium phosphate 24 MG/ML Injectable Solution</td></tr><tr><td>309696</td><td>Dexamethasone phosphate 10 MG/ML Injectable Solution</td></tr><tr><td>1812079</td><td>1 ML Dexamethasone phosphate 10 MG/ML Injection</td></tr><tr><td>1249712</td><td>Dexamethasone sodium phosphate 0.4 MG/ML Injectable Solution</td></tr><tr><td>1049399</td><td>Dexamethasone sodium phosphate 4 MG/ML</td></tr><tr><td>1116926</td><td>Dexamethasone phosphate 4 MG/ML</td></tr><tr><td>315773</td><td>Dexamethasone 0.1 MG/ML</td></tr><tr><td>315774</td><td>Dexamethasone 0.25 MG</td></tr><tr><td>315775</td><td>Dexamethasone 0.5 MG</td></tr><tr><td>315776</td><td>Dexamethasone 1 MG</td></tr><tr><td>315777</td><td>Dexamethasone 1.5 MG</td></tr><tr><td>315778</td><td>Dexamethasone 4 MG</td></tr><tr><td>315779</td><td>Dexamethasone 6 MG</td></tr><tr><td>317346</td><td>Dexamethasone 2 MG</td></tr><tr><td>317629</td><td>Dexamethasone 1 MG/ML</td></tr><tr><td>323884</td><td>Dexamethasone 8 MG/ML</td></tr><tr><td>328266</td><td>Dexamethasone 0.0005 MG/MG</td></tr><tr><td>328743</td><td>Dexamethasone 0.4 MG/ML</td></tr><tr><td>330437</td><td>Dexamethasone 4 MG/ML</td></tr><tr><td>331791</td><td>Dexamethasone 5 MG/ML</td></tr><tr><td>332981</td><td>Dexamethasone 3 MG/ML</td></tr><tr><td>335766</td><td>Dexamethasone 0.02 MG/ACTUAT</td></tr><tr><td>339981</td><td>Dexamethasone 0.001 MG/MG</td></tr><tr><td>343643</td><td>Dexamethasone 16 MG/ML</td></tr><tr><td>345816</td><td>Dexamethasone 0.75 MG</td></tr><tr><td>438889</td><td>Dexamethasone 0.5 MG/ML</td></tr><tr><td>451789</td><td>Dexamethasone 2 MG/ML</td></tr><tr><td>854175</td><td>Dexamethasone 0.7 MG</td></tr><tr><td>1374371</td><td>dexamethasone acetate 8 MG/ML</td></tr><tr><td>1376067</td><td>Dexamethasone sodium phosphate 24 MG/ML</td></tr><tr><td>1812078</td><td>Dexamethasone phosphate 10 MG/ML</td></tr><tr><td>1249711</td><td>Dexamethasone sodium phosphate 0.4 MG/ML</td></tr><tr><td>1009386</td><td>Dexamethasone / Neomycin / Thiabendazole Topical Solution</td></tr><tr><td>103217</td><td>Dexamethasone Ophthalmic Ointment</td></tr><tr><td>371721</td><td>Dexamethasone Injectable Suspension</td></tr><tr><td>371723</td><td>Dexamethasone Ophthalmic Suspension</td></tr><tr><td>371725</td><td>Dexamethasone Injectable Solution</td></tr><tr><td>371728</td><td>Dexamethasone Oral Solution</td></tr><tr><td>371729</td><td>Dexamethasone Oral Tablet</td></tr><tr><td>374438</td><td>Dexamethasone / Tobramycin Ophthalmic Ointment</td></tr><tr><td>374698</td><td>Dexamethasone / Neomycin / Polymyxin B Ophthalmic Suspension</td></tr><tr><td>374699</td><td>Dexamethasone / Neomycin / Polymyxin B Ophthalmic Ointment</td></tr><tr><td>377418</td><td>Dexamethasone Ophthalmic Solution</td></tr><tr><td>377456</td><td>Dexamethasone / hypromellose Ophthalmic Solution</td></tr><tr><td>378593</td><td>Dexamethasone / Neomycin Topical Ointment</td></tr><tr><td>378984</td><td>Dexamethasone / Tobramycin Ophthalmic Suspension</td></tr><tr><td>393151</td><td>Dexamethasone Topical Solution</td></tr><tr><td>393542</td><td>Dexamethasone / tramazoline Nasal Spray</td></tr><tr><td>405942</td><td>Ciprofloxacin / Dexamethasone Otic Suspension</td></tr><tr><td>854176</td><td>Dexamethasone Drug Implant</td></tr><tr><td>1812073</td><td>Dexamethasone Injection</td></tr><tr><td>1812094</td><td>Dexamethasone Prefilled Syringe</td></tr><tr><td>1152113</td><td>Ciprofloxacin / Dexamethasone Otic Product</td></tr><tr><td>1154245</td><td>Dexamethasone / Neomycin / Polymyxin B Ophthalmic Product</td></tr><tr><td>1154246</td><td>Dexamethasone / Neomycin / Thiabendazole Topical Product</td></tr><tr><td>1154249</td><td>Dexamethasone / Neomycin Topical Product</td></tr><tr><td>1154524</td><td>Dexamethasone / Tobramycin Ophthalmic Product</td></tr><tr><td>1154525</td><td>Dexamethasone / hypromellose Ophthalmic Product</td></tr><tr><td>1154527</td><td>Dexamethasone / tramazoline Inhalant Product</td></tr><tr><td>1154528</td><td>Dexamethasone / tramazoline Nasal Product</td></tr><tr><td>1154529</td><td>Dexamethasone Drug Implant Product</td></tr><tr><td>1154531</td><td>Dexamethasone Injectable Product</td></tr><tr><td>1154533</td><td>Dexamethasone Ophthalmic Product</td></tr><tr><td>1154534</td><td>Dexamethasone Oral Liquid Product</td></tr><tr><td>1154535</td><td>Dexamethasone Oral Product</td></tr><tr><td>1154537</td><td>Dexamethasone Pill</td></tr><tr><td>1154539</td><td>Dexamethasone Topical Product</td></tr><tr><td>1170903</td><td>Ciprodex Otic Product</td></tr><tr><td>1182730</td><td>Maxitrol Ophthalmic Product</td></tr><tr><td>1182982</td><td>Poly-Dex Ophthalmic Product</td></tr><tr><td>1168624</td><td>Baycadron Oral Liquid Product</td></tr><tr><td>1168625</td><td>Baycadron Oral Product</td></tr><tr><td>1169579</td><td>De-Sone LA Injectable Product</td></tr><tr><td>1170297</td><td>Decadron Oral Product</td></tr><tr><td>1170298</td><td>Decadron Pill</td></tr><tr><td>1175231</td><td>DexaJect Injectable Product</td></tr><tr><td>1175250</td><td>Dexasone Injectable Product</td></tr><tr><td>1175843</td><td>Dexium Injectable Product</td></tr><tr><td>1177629</td><td>Ozurdex Drug Implant Product</td></tr><tr><td>1179099</td><td>Tobradex Ophthalmic Product</td></tr><tr><td>1179675</td><td>Tresaderm Topical Product</td></tr><tr><td>1181604</td><td>Maxidex Ophthalmic Product</td></tr><tr><td>1170296</td><td>Decadron Oral Liquid Product</td></tr></table></li></ul></div>"},"url":"http://hl7.org/fhir/uv/pddi/ValueSet/valueset-dexamethasone","version":"1.0.0-ballot","name":"Valueset_dexamethasone","title":"Dexamethasone Medications Value Set","status":"draft","experimental":true,"date":"2018-07-02","publisher":"HL7 Clinical Decision Support Workgroup","contact":[{"telecom":[{"system":"url","value":"http://hl7.org/Special/committees/dss"}]}],"description":"ValueSet containing drug identifiers for dexamethasone.","jurisdiction":[{"coding":[{"system":"http://unstats.un.org/unsd/methods/m49/m49.htm","code":"001"}]}],"copyright":"(copyright expectations unknown)","compose":{"include":[{"system":"http://www.nlm.nih.gov/research/umls/rxnorm","concept":[{"code":"1009389","display":"Tresaderm"},{"code":"1049383","display":"Dexium"},{"code":"134920","display":"Maxitrol"},{"code":"203704","display":"Dexasone"},{"code":"203705","display":"Maxidex"},{"code":"216384","display":"De-Sone LA"},{"code":"219289","display":"Poly-Dex"},{"code":"220330","display":"Tobradex"},{"code":"227682","display":"Decadron"},{"code":"404930","display":"Ciprodex"},{"code":"854178","display":"Ozurdex"},{"code":"855602","display":"Baycadron"},{"code":"880654","display":"DexaJect"},{"code":"847225","display":"{21 (Dexamethasone 1.5 MG Oral Tablet) } Pack [DexPak                     TaperPak 6 Day]"},{"code":"797023","display":"{51 (Dexamethasone 1.5 MG Oral Tablet) } Pack [DexPak                     TaperPak 13 Day]"},{"code":"797022","display":"{35 (Dexamethasone 1.5 MG Oral Tablet) } Pack [DexPak                     TaperPak Junior 10 Day]"},{"code":"795716","display":"{12 (Dexamethasone 0.75 MG Oral Tablet [Decadron]) } Pack                     [Decadron 5-12]"},{"code":"759481","display":"{51 (Dexamethasone 1.5 MG Oral Tablet) } Pack"},{"code":"759697","display":"{35 (Dexamethasone 1.5 MG Oral Tablet) } Pack"},{"code":"846192","display":"{21 (Dexamethasone 1.5 MG Oral Tablet) } Pack"},{"code":"759696","display":"{12 (Dexamethasone 0.75 MG Oral Tablet) } Pack"},{"code":"1869605","display":"{41 (Dexamethasone 1.5 MG Oral Tablet) } Pack"},{"code":"1869595","display":"{27 (Dexamethasone 1.5 MG Oral Tablet) } Pack"},{"code":"3264","display":"Dexamethasone"},{"code":"1007105","display":"Astemizole / Dexamethasone"},{"code":"1007256","display":"Clioquinol / Dexamethasone"},{"code":"1007423","display":"Dexamethasone / Oxytetracycline"},{"code":"1007483","display":"Dexamethasone / hypromellose"},{"code":"1007628","display":"Dexamethasone / DOBESILIC ACID / Lidocaine"},{"code":"1007854","display":"Clotrimazole / Dexamethasone"},{"code":"1008217","display":"Clemastine / Dexamethasone"},{"code":"1008930","display":"Dexamethasone / Phenylephrine"},{"code":"1009150","display":"Dexamethasone / sodium phosphate"},{"code":"1009387","display":"Dexamethasone / Neomycin / Thiabendazole"},{"code":"214478","display":"Dexamethasone / Lidocaine"},{"code":"216524","display":"Dexamethasone / Neomycin"},{"code":"216525","display":"Dexamethasone / Neomycin / Polymyxin B"},{"code":"465397","display":"Ciprofloxacin / Dexamethasone"},{"code":"687304","display":"Dexamethasone / tramazoline"},{"code":"813683","display":"Dexamethasone / Theophylline"},{"code":"814504","display":"Dexamethasone / Indomethacin"},{"code":"815833","display":"Chloramphenicol / Dexamethasone"},{"code":"818139","display":"Dexamethasone / Terfenadine"},{"code":"820465","display":"Carisoprodol / Dexamethasone / Ibuprofen"},{"code":"821542","display":"Cyproheptadine / Dexamethasone"},{"code":"822000","display":"Carisoprodol / Dexamethasone / tenoxicam"},{"code":"883815","display":"Dexamethasone / Tobramycin"},{"code":"22690","display":"dexamethasone acetate"},{"code":"22694","display":"dexamethasone trimethyl acetate"},{"code":"235486","display":"Dexamethasone phosphate"},{"code":"3265","display":"Dexamethasone Isonicotinate"},{"code":"48933","display":"Dexamethasone sodium phosphate"},{"code":"1009392","display":"Dexamethasone 1 MG/ML / Neomycin 3.2 MG/ML / Thiabendazole                     40 MG/ML Topical Solution [Tresaderm]"},{"code":"1049386","display":"Dexamethasone 2 MG/ML Injectable Solution [Dexium]"},{"code":"1087919","display":"Dexamethasone 3 MG/ML Injectable Solution [Dexium]"},{"code":"208591","display":"Dexamethasone 1 MG/ML / Neomycin 3.5 MG/ML / Polymyxin B                     10000 UNT/ML Ophthalmic Suspension [Maxitrol]"},{"code":"208601","display":"Dexamethasone 0.001 MG/MG / Neomycin 0.0035 MG/MG /                     Polymyxin B 10 UNT/MG Ophthalmic Ointment [Maxitrol]"},{"code":"1087757","display":"Dexamethasone 2 MG/ML Injectable Solution [Dexasone]"},{"code":"205669","display":"Dexamethasone 1 MG/ML Ophthalmic Suspension [Maxidex]"},{"code":"688245","display":"Dexamethasone 0.0005 MG/MG Ophthalmic Ointment [Maxidex]"},{"code":"205595","display":"dexamethasone acetate 8 MG/ML Injectable Suspension [De-Sone LA]"},{"code":"208593","display":"Dexamethasone 1 MG/ML / Neomycin 3.5 MG/ML / Polymyxin B                     10000 UNT/ML Ophthalmic Suspension [Poly-Dex]"},{"code":"208602","display":"Dexamethasone 0.001 MG/MG / Neomycin 0.0035 MG/MG /                     Polymyxin B 10 UNT/MG Ophthalmic Ointment [Poly-Dex]"},{"code":"1011080","display":"Dexamethasone 0.5 MG/ML / Tobramycin 3 MG/ML Ophthalmic                     Suspension [Tobradex]"},{"code":"208813","display":"Dexamethasone 1 MG/ML / Tobramycin 3 MG/ML Ophthalmic                     Suspension [Tobradex]"},{"code":"208821","display":"Dexamethasone 0.001 MG/MG / Tobramycin 0.003 MG/MG                     Ophthalmic Ointment [Tobradex]"},{"code":"105392","display":"Dexamethasone 0.5 MG Oral Tablet [Decadron]"},{"code":"205712","display":"Dexamethasone 4 MG Oral Tablet [Decadron]"},{"code":"205717","display":"Dexamethasone 6 MG Oral Tablet [Decadron]"},{"code":"755976","display":"Dexamethasone 0.1 MG/ML Oral Solution [Decadron]"},{"code":"343040","display":"Dexamethasone 0.75 MG Oral Tablet [Decadron]"},{"code":"404630","display":"Ciprofloxacin 3 MG/ML / Dexamethasone 1 MG/ML Otic                     Suspension [Ciprodex]"},{"code":"1049549","display":"Dexamethasone 2 MG/ML Injectable Solution [DexaJect]"},{"code":"854181","display":"Dexamethasone 0.7 MG Drug Implant [Ozurdex]"},{"code":"880657","display":"Dexamethasone 3 MG/ML Injectable Solution [DexaJect]"},{"code":"901649","display":"Dexamethasone 0.1 MG/ML Oral Solution [Baycadron]"},{"code":"1009390","display":"Dexamethasone 1 MG/ML / Neomycin 3.2 MG/ML / Thiabendazole                     40 MG/ML [Tresaderm]"},{"code":"1049384","display":"Dexamethasone 2 MG/ML [Dexium]"},{"code":"1087918","display":"Dexamethasone 3 MG/ML [Dexium]"},{"code":"569262","display":"Dexamethasone 1 MG/ML / Neomycin 3.5 MG/ML / Polymyxin B                     10000 UNT/ML [Maxitrol]"},{"code":"569272","display":"Dexamethasone 0.001 MG/MG / Neomycin 0.0035 MG/MG /                     Polymyxin B 10 UNT/MG [Maxitrol]"},{"code":"1087756","display":"Dexamethasone 2 MG/ML [Dexasone]"},{"code":"566561","display":"Dexamethasone 1 MG/ML [Maxidex]"},{"code":"1534398","display":"dexamethasone acetate 8 MG/ML [De-Sone LA]"},{"code":"569264","display":"Dexamethasone 1 MG/ML / Neomycin 3.5 MG/ML / Polymyxin B                     10000 UNT/ML [Poly-Dex]"},{"code":"569273","display":"Dexamethasone 0.001 MG/MG / Neomycin 0.0035 MG/MG /                     Polymyxin B 10 UNT/MG [Poly-Dex]"},{"code":"1011079","display":"Dexamethasone 0.5 MG/ML / Tobramycin 3 MG/ML [Tobradex]"},{"code":"569462","display":"Dexamethasone 1 MG/ML / Tobramycin 3 MG/ML [Tobradex]"},{"code":"569470","display":"Dexamethasone 0.001 MG/MG / Tobramycin 0.003 MG/MG [Tobradex]"},{"code":"564044","display":"Dexamethasone 0.5 MG [Decadron]"},{"code":"566581","display":"Dexamethasone 0.1 MG/ML [Decadron]"},{"code":"566603","display":"Dexamethasone 4 MG [Decadron]"},{"code":"566608","display":"Dexamethasone 6 MG [Decadron]"},{"code":"575233","display":"Dexamethasone 0.75 MG [Decadron]"},{"code":"545158","display":"Ciprofloxacin 3 MG/ML / Dexamethasone 1 MG/ML [Ciprodex]"},{"code":"1049548","display":"Dexamethasone 2 MG/ML [DexaJect]"},{"code":"854179","display":"Dexamethasone 0.7 MG [Ozurdex]"},{"code":"880655","display":"Dexamethasone 3 MG/ML [DexaJect]"},{"code":"901647","display":"Dexamethasone 0.1 MG/ML [Baycadron]"},{"code":"1009391","display":"Dexamethasone / Neomycin / Thiabendazole Topical Solution [Tresaderm]"},{"code":"1049385","display":"Dexamethasone Injectable Solution [Dexium]"},{"code":"757087","display":"Dexamethasone Oral Solution [Decadron]"},{"code":"363482","display":"Dexamethasone Injectable Solution [Dexasone]"},{"code":"365842","display":"Dexamethasone Ophthalmic Suspension [Maxidex]"},{"code":"365692","display":"Dexamethasone Injectable Suspension [De-Sone LA]"},{"code":"365818","display":"Dexamethasone / Neomycin / Polymyxin B Ophthalmic Suspension [Poly-Dex]"},{"code":"367266","display":"Dexamethasone / Neomycin / Polymyxin B Ophthalmic Ointment [Poly-Dex]"},{"code":"688244","display":"Dexamethasone Ophthalmic Ointment [Maxidex]"},{"code":"369461","display":"Dexamethasone Oral Tablet [Decadron]"},{"code":"405941","display":"Ciprofloxacin / Dexamethasone Otic Suspension [Ciprodex]"},{"code":"854180","display":"Dexamethasone Drug Implant [Ozurdex]"},{"code":"901648","display":"Dexamethasone Oral Solution [Baycadron]"},{"code":"880656","display":"Dexamethasone Injectable Solution [DexaJect]"},{"code":"93249","display":"Dexamethasone / Neomycin / Polymyxin B Ophthalmic Ointment [Maxitrol]"},{"code":"93250","display":"Dexamethasone / Neomycin / Polymyxin B Ophthalmic Suspension [Maxitrol]"},{"code":"94334","display":"Dexamethasone / Tobramycin Ophthalmic Suspension [Tobradex]"},{"code":"94335","display":"Dexamethasone / Tobramycin Ophthalmic Ointment [Tobradex]"},{"code":"1049400","display":"Dexamethasone sodium phosphate 4 MG/ML Injectable Solution"},{"code":"1116927","display":"Dexamethasone phosphate 4 MG/ML Injectable Solution"},{"code":"1812095","display":"1 ML Dexamethasone phosphate 4 MG/ML Prefilled Syringe"},{"code":"1812194","display":"1 ML Dexamethasone phosphate 4 MG/ML Injection"},{"code":"197576","display":"Dexamethasone 0.25 MG Oral Tablet"},{"code":"197577","display":"Dexamethasone 0.5 MG Oral Tablet"},{"code":"197579","display":"Dexamethasone 1 MG Oral Tablet"},{"code":"197580","display":"Dexamethasone 1.5 MG Oral Tablet"},{"code":"197582","display":"Dexamethasone 4 MG Oral Tablet"},{"code":"197583","display":"Dexamethasone 6 MG Oral Tablet"},{"code":"309686","display":"Dexamethasone 0.1 MG/ML Oral Solution"},{"code":"197581","display":"Dexamethasone 2 MG Oral Tablet"},{"code":"1009388","display":"Dexamethasone 1 MG/ML / Neomycin 3.2 MG/ML / Thiabendazole                     40 MG/ML Topical Solution"},{"code":"226343","display":"Dexamethasone 1 MG/ML Ophthalmic Solution"},{"code":"227142","display":"Dexamethasone 1 MG/ML / hypromellose 5 MG/ML Ophthalmic Solution"},{"code":"309680","display":"Dexamethasone 1 MG/ML / Neomycin 3.5 MG/ML / Polymyxin B                     10000 UNT/ML Ophthalmic Suspension"},{"code":"309683","display":"Dexamethasone 1 MG/ML / Tobramycin 3 MG/ML Ophthalmic Suspension"},{"code":"309684","display":"Dexamethasone 1 MG/ML Oral Solution"},{"code":"309690","display":"Dexamethasone 0.0005 MG/MG Ophthalmic Ointment"},{"code":"309692","display":"Dexamethasone 1 MG/ML Ophthalmic Suspension"},{"code":"387080","display":"Dexamethasone 8 MG/ML Injectable Solution"},{"code":"388755","display":"Dexamethasone 1 MG/ML Topical Solution"},{"code":"403908","display":"Ciprofloxacin 3 MG/ML / Dexamethasone 1 MG/ML Otic Suspension"},{"code":"108882","display":"Dexamethasone 0.4 MG/ML Oral Solution"},{"code":"1006791","display":"Dexamethasone 4 MG/ML Injectable Suspension"},{"code":"105394","display":"Dexamethasone 5 MG/ML Injectable Solution"},{"code":"880649","display":"Dexamethasone 3 MG/ML Injectable Solution"},{"code":"248175","display":"Dexamethasone 0.02 MG/ACTUAT / tramazoline 0.12 MG/ACTUAT                     Nasal Spray"},{"code":"247484","display":"Dexamethasone 0.001 MG/MG Ophthalmic Ointment"},{"code":"309679","display":"Dexamethasone 0.001 MG/MG / Neomycin 0.0035 MG/MG /                     Polymyxin B 10 UNT/MG Ophthalmic Ointment"},{"code":"309682","display":"Dexamethasone 0.001 MG/MG / Tobramycin 0.003 MG/MG                     Ophthalmic Ointment"},{"code":"348336","display":"Dexamethasone 0.001 MG/MG / Neomycin 0.0035 MG/MG Topical Ointment"},{"code":"343033","display":"Dexamethasone 0.75 MG Oral Tablet"},{"code":"393267","display":"Dexamethasone 16 MG/ML Injectable Solution"},{"code":"435681","display":"Dexamethasone 2 MG/ML Injectable Solution"},{"code":"608583","display":"Dexamethasone 0.5 MG/ML Ophthalmic Solution"},{"code":"849115","display":"Dexamethasone 0.5 MG/ML / Tobramycin 3 MG/ML Ophthalmic Suspension"},{"code":"854177","display":"Dexamethasone 0.7 MG Drug Implant"},{"code":"1374372","display":"dexamethasone acetate 8 MG/ML Injectable Suspension"},{"code":"1376068","display":"Dexamethasone sodium phosphate 24 MG/ML Injectable Solution"},{"code":"309696","display":"Dexamethasone phosphate 10 MG/ML Injectable Solution"},{"code":"1812079","display":"1 ML Dexamethasone phosphate 10 MG/ML Injection"},{"code":"1249712","display":"Dexamethasone sodium phosphate 0.4 MG/ML Injectable Solution"},{"code":"1049399","display":"Dexamethasone sodium phosphate 4 MG/ML"},{"code":"1116926","display":"Dexamethasone phosphate 4 MG/ML"},{"code":"315773","display":"Dexamethasone 0.1 MG/ML"},{"code":"315774","display":"Dexamethasone 0.25 MG"},{"code":"315775","display":"Dexamethasone 0.5 MG"},{"code":"315776","display":"Dexamethasone 1 MG"},{"code":"315777","display":"Dexamethasone 1.5 MG"},{"code":"315778","display":"Dexamethasone 4 MG"},{"code":"315779","display":"Dexamethasone 6 MG"},{"code":"317346","display":"Dexamethasone 2 MG"},{"code":"317629","display":"Dexamethasone 1 MG/ML"},{"code":"323884","display":"Dexamethasone 8 MG/ML"},{"code":"328266","display":"Dexamethasone 0.0005 MG/MG"},{"code":"328743","display":"Dexamethasone 0.4 MG/ML"},{"code":"330437","display":"Dexamethasone 4 MG/ML"},{"code":"331791","display":"Dexamethasone 5 MG/ML"},{"code":"332981","display":"Dexamethasone 3 MG/ML"},{"code":"335766","display":"Dexamethasone 0.02 MG/ACTUAT"},{"code":"339981","display":"Dexamethasone 0.001 MG/MG"},{"code":"343643","display":"Dexamethasone 16 MG/ML"},{"code":"345816","display":"Dexamethasone 0.75 MG"},{"code":"438889","display":"Dexamethasone 0.5 MG/ML"},{"code":"451789","display":"Dexamethasone 2 MG/ML"},{"code":"854175","display":"Dexamethasone 0.7 MG"},{"code":"1374371","display":"dexamethasone acetate 8 MG/ML"},{"code":"1376067","display":"Dexamethasone sodium phosphate 24 MG/ML"},{"code":"1812078","display":"Dexamethasone phosphate 10 MG/ML"},{"code":"1249711","display":"Dexamethasone sodium phosphate 0.4 MG/ML"},{"code":"1009386","display":"Dexamethasone / Neomycin / Thiabendazole Topical Solution"},{"code":"103217","display":"Dexamethasone Ophthalmic Ointment"},{"code":"371721","display":"Dexamethasone Injectable Suspension"},{"code":"371723","display":"Dexamethasone Ophthalmic Suspension"},{"code":"371725","display":"Dexamethasone Injectable Solution"},{"code":"371728","display":"Dexamethasone Oral Solution"},{"code":"371729","display":"Dexamethasone Oral Tablet"},{"code":"374438","display":"Dexamethasone / Tobramycin Ophthalmic Ointment"},{"code":"374698","display":"Dexamethasone / Neomycin / Polymyxin B Ophthalmic Suspension"},{"code":"374699","display":"Dexamethasone / Neomycin / Polymyxin B Ophthalmic Ointment"},{"code":"377418","display":"Dexamethasone Ophthalmic Solution"},{"code":"377456","display":"Dexamethasone / hypromellose Ophthalmic Solution"},{"code":"378593","display":"Dexamethasone / Neomycin Topical Ointment"},{"code":"378984","display":"Dexamethasone / Tobramycin Ophthalmic Suspension"},{"code":"393151","display":"Dexamethasone Topical Solution"},{"code":"393542","display":"Dexamethasone / tramazoline Nasal Spray"},{"code":"405942","display":"Ciprofloxacin / Dexamethasone Otic Suspension"},{"code":"854176","display":"Dexamethasone Drug Implant"},{"code":"1812073","display":"Dexamethasone Injection"},{"code":"1812094","display":"Dexamethasone Prefilled Syringe"},{"code":"1152113","display":"Ciprofloxacin / Dexamethasone Otic Product"},{"code":"1154245","display":"Dexamethasone / Neomycin / Polymyxin B Ophthalmic Product"},{"code":"1154246","display":"Dexamethasone / Neomycin / Thiabendazole Topical Product"},{"code":"1154249","display":"Dexamethasone / Neomycin Topical Product"},{"code":"1154524","display":"Dexamethasone / Tobramycin Ophthalmic Product"},{"code":"1154525","display":"Dexamethasone / hypromellose Ophthalmic Product"},{"code":"1154527","display":"Dexamethasone / tramazoline Inhalant Product"},{"code":"1154528","display":"Dexamethasone / tramazoline Nasal Product"},{"code":"1154529","display":"Dexamethasone Drug Implant Product"},{"code":"1154531","display":"Dexamethasone Injectable Product"},{"code":"1154533","display":"Dexamethasone Ophthalmic Product"},{"code":"1154534","display":"Dexamethasone Oral Liquid Product"},{"code":"1154535","display":"Dexamethasone Oral Product"},{"code":"1154537","display":"Dexamethasone Pill"},{"code":"1154539","display":"Dexamethasone Topical Product"},{"code":"1170903","display":"Ciprodex Otic Product"},{"code":"1182730","display":"Maxitrol Ophthalmic Product"},{"code":"1182982","display":"Poly-Dex Ophthalmic Product"},{"code":"1168624","display":"Baycadron Oral Liquid Product"},{"code":"1168625","display":"Baycadron Oral Product"},{"code":"1169579","display":"De-Sone LA Injectable Product"},{"code":"1170297","display":"Decadron Oral Product"},{"code":"1170298","display":"Decadron Pill"},{"code":"1175231","display":"DexaJect Injectable Product"},{"code":"1175250","display":"Dexasone Injectable Product"},{"code":"1175843","display":"Dexium Injectable Product"},{"code":"1177629","display":"Ozurdex Drug Implant Product"},{"code":"1179099","display":"Tobradex Ophthalmic Product"},{"code":"1179675","display":"Tresaderm Topical Product"},{"code":"1181604","display":"Maxidex Ophthalmic Product"},{"code":"1170296","display":"Decadron Oral Liquid Product"}]}]}}