{"resourceType":"ValueSet","id":"valueset-naproxen","text":{"status":"generated","div":"<div xmlns=\"http://www.w3.org/1999/xhtml\"><ul><li>Include these codes as defined in <a href=\"http://www.nlm.nih.gov/research/umls/rxnorm\"><code>http://www.nlm.nih.gov/research/umls/rxnorm</code></a><table class=\"none\"><tr><td style=\"white-space:nowrap\"><b>Code</b></td><td><b>Display</b></td></tr><tr><td>202399</td><td>Anaprox</td></tr><tr><td>203012</td><td>Naprosyn</td></tr><tr><td>215101</td><td>Aleve</td></tr><tr><td>218599</td><td>Naprelan</td></tr><tr><td>643130</td><td>Wal-Proxen</td></tr><tr><td>794765</td><td>Treximet</td></tr><tr><td>1372705</td><td>Vimovo</td></tr><tr><td>1550958</td><td>Aleve PM</td></tr><tr><td>1593655</td><td>Menstridol</td></tr><tr><td>758486</td><td>{7 (lansoprazole 15 MG Delayed Release Oral Capsule) / 14                     (Naproxen 375 MG Oral Tablet) } Pack</td></tr><tr><td>758497</td><td>{7 (lansoprazole 15 MG Delayed Release Oral Capsule) / 14                     (Naproxen 500 MG Oral Tablet) } Pack</td></tr><tr><td>7258</td><td>Naproxen</td></tr><tr><td>1008561</td><td>Acetaminophen / Naproxen</td></tr><tr><td>1008689</td><td>Naproxen / Thiamine</td></tr><tr><td>106637</td><td>Misoprostol / Naproxen</td></tr><tr><td>284641</td><td>Naproxen / Pseudoephedrine</td></tr><tr><td>797426</td><td>Naproxen / Sumatriptan</td></tr><tr><td>818929</td><td>Carisoprodol / Naproxen</td></tr><tr><td>994202</td><td>Esomeprazole / Naproxen</td></tr><tr><td>1550956</td><td>Diphenhydramine / Naproxen</td></tr><tr><td>142442</td><td>Naproxen sodium</td></tr><tr><td>849400</td><td>Naproxen sodium 275 MG Oral Tablet [Anaprox]</td></tr><tr><td>849438</td><td>Naproxen sodium 550 MG Oral Tablet [Anaprox]</td></tr><tr><td>105898</td><td>Naproxen 250 MG Oral Tablet [Naprosyn]</td></tr><tr><td>105899</td><td>Naproxen 500 MG Oral Tablet [Naprosyn]</td></tr><tr><td>105914</td><td>Naproxen 375 MG Oral Tablet [Naprosyn]</td></tr><tr><td>207093</td><td>Naproxen 25 MG/ML Oral Suspension [Naprosyn]</td></tr><tr><td>608793</td><td>Naproxen 375 MG Delayed Release Oral Tablet [Naprosyn]</td></tr><tr><td>835560</td><td>Naproxen 500 MG Delayed Release Oral Tablet [Naprosyn]</td></tr><tr><td>1112233</td><td>Naproxen sodium 220 MG Oral Capsule [Aleve]</td></tr><tr><td>849728</td><td>Naproxen sodium 220 MG Oral Tablet [Aleve]</td></tr><tr><td>1116331</td><td>24 HR Naproxen 375 MG Extended Release Oral Tablet [Naprelan]</td></tr><tr><td>1116341</td><td>24 HR Naproxen 500 MG Extended Release Oral Tablet [Naprelan]</td></tr><tr><td>1116351</td><td>24 HR Naproxen 750 MG Extended Release Oral Tablet [Naprelan]</td></tr><tr><td>849737</td><td>Naproxen sodium 220 MG Oral Tablet [Wal-Proxen]</td></tr><tr><td>849452</td><td>Naproxen sodium 500 MG / Sumatriptan 85 MG Oral Tablet [Treximet]</td></tr><tr><td>1653767</td><td>Naproxen sodium 60 MG / Sumatriptan 10 MG Oral Tablet [Treximet]</td></tr><tr><td>994007</td><td>Esomeprazole 20 MG / Naproxen 375 MG Delayed Release Oral                     Tablet [Vimovo]</td></tr><tr><td>994010</td><td>Esomeprazole 20 MG / Naproxen 500 MG Delayed Release Oral                     Tablet [Vimovo]</td></tr><tr><td>1550963</td><td>Diphenhydramine Hydrochloride 25 MG / Naproxen sodium 220 MG                     Oral Tablet [Aleve PM]</td></tr><tr><td>1593660</td><td>Naproxen sodium 220 MG Oral Tablet [Menstridol]</td></tr><tr><td>849399</td><td>Naproxen sodium 275 MG [Anaprox]</td></tr><tr><td>849437</td><td>Naproxen sodium 550 MG [Anaprox]</td></tr><tr><td>564237</td><td>Naproxen 250 MG [Naprosyn]</td></tr><tr><td>564238</td><td>Naproxen 500 MG [Naprosyn]</td></tr><tr><td>564251</td><td>Naproxen 375 MG [Naprosyn]</td></tr><tr><td>567887</td><td>Naproxen 25 MG/ML [Naprosyn]</td></tr><tr><td>849727</td><td>Naproxen sodium 220 MG [Aleve]</td></tr><tr><td>1116330</td><td>Naproxen 375 MG [Naprelan]</td></tr><tr><td>1116340</td><td>Naproxen 500 MG [Naprelan]</td></tr><tr><td>1116350</td><td>Naproxen 750 MG [Naprelan]</td></tr><tr><td>849736</td><td>Naproxen sodium 220 MG [Wal-Proxen]</td></tr><tr><td>849451</td><td>Naproxen sodium 500 MG / Sumatriptan 85 MG [Treximet]</td></tr><tr><td>1653766</td><td>Naproxen sodium 60 MG / Sumatriptan 10 MG [Treximet]</td></tr><tr><td>994006</td><td>Esomeprazole 20 MG / Naproxen 375 MG [Vimovo]</td></tr><tr><td>994009</td><td>Esomeprazole 20 MG / Naproxen 500 MG [Vimovo]</td></tr><tr><td>1550959</td><td>Diphenhydramine Hydrochloride 25 MG / Naproxen sodium 220 MG                     [Aleve PM]</td></tr><tr><td>1593656</td><td>Naproxen sodium 220 MG [Menstridol]</td></tr><tr><td>1112232</td><td>Naproxen Oral Capsule [Aleve]</td></tr><tr><td>368447</td><td>Naproxen Oral Tablet [Aleve]</td></tr><tr><td>608792</td><td>Naproxen Delayed Release Oral Tablet [Naprosyn]</td></tr><tr><td>369974</td><td>Naproxen Extended Release Oral Tablet [Naprelan]</td></tr><tr><td>643132</td><td>Naproxen Oral Tablet [Wal-Proxen]</td></tr><tr><td>794767</td><td>Naproxen / Sumatriptan Oral Tablet [Treximet]</td></tr><tr><td>91796</td><td>Naproxen Oral Tablet [Anaprox]</td></tr><tr><td>93416</td><td>Naproxen Oral Suspension [Naprosyn]</td></tr><tr><td>93417</td><td>Naproxen Oral Tablet [Naprosyn]</td></tr><tr><td>977957</td><td>Esomeprazole / Naproxen Delayed Release Oral Tablet [Vimovo]</td></tr><tr><td>1550960</td><td>Diphenhydramine / Naproxen Oral Tablet [Aleve PM]</td></tr><tr><td>1593657</td><td>Naproxen Oral Tablet [Menstridol]</td></tr><tr><td>105918</td><td>Naproxen 250 MG Delayed Release Oral Tablet</td></tr><tr><td>1116320</td><td>24 HR Naproxen 375 MG Extended Release Oral Tablet</td></tr><tr><td>1116339</td><td>24 HR Naproxen 500 MG Extended Release Oral Tablet</td></tr><tr><td>198012</td><td>Naproxen 375 MG Oral Tablet</td></tr><tr><td>198013</td><td>Naproxen 250 MG Oral Tablet</td></tr><tr><td>198014</td><td>Naproxen 500 MG Oral Tablet</td></tr><tr><td>199490</td><td>Naproxen 500 MG Rectal Suppository</td></tr><tr><td>311915</td><td>Naproxen 500 MG Delayed Release Oral Tablet</td></tr><tr><td>603103</td><td>Naproxen 375 MG Delayed Release Oral Tablet</td></tr><tr><td>994005</td><td>Esomeprazole 20 MG / Naproxen 375 MG Delayed Release Oral Tablet</td></tr><tr><td>994008</td><td>Esomeprazole 20 MG / Naproxen 500 MG Delayed Release Oral Tablet</td></tr><tr><td>311913</td><td>Naproxen 25 MG/ML Oral Suspension</td></tr><tr><td>1116349</td><td>24 HR Naproxen 750 MG Extended Release Oral Tablet</td></tr><tr><td>433845</td><td>24 HR Naproxen 1000 MG Extended Release Oral Tablet</td></tr><tr><td>245420</td><td>Naproxen 125 MG Oral Tablet</td></tr><tr><td>1112231</td><td>Naproxen sodium 220 MG Oral Capsule</td></tr><tr><td>849398</td><td>Naproxen sodium 275 MG Oral Tablet</td></tr><tr><td>849431</td><td>Naproxen sodium 550 MG Oral Tablet</td></tr><tr><td>849450</td><td>Naproxen sodium 500 MG / Sumatriptan 85 MG Oral Tablet</td></tr><tr><td>849574</td><td>Naproxen sodium 220 MG Oral Tablet</td></tr><tr><td>1367426</td><td>12 HR Naproxen sodium 220 MG / Pseudoephedrine Hydrochloride                     120 MG Extended Release Oral Tablet</td></tr><tr><td>1550957</td><td>Diphenhydramine Hydrochloride 25 MG / Naproxen sodium 220 MG                     Oral Tablet</td></tr><tr><td>1608797</td><td>Naproxen 200 MG Oral Tablet</td></tr><tr><td>1653765</td><td>Naproxen sodium 60 MG / Sumatriptan 10 MG Oral Tablet</td></tr><tr><td>316326</td><td>Naproxen 250 MG</td></tr><tr><td>316327</td><td>Naproxen 375 MG</td></tr><tr><td>316328</td><td>Naproxen 500 MG</td></tr><tr><td>317653</td><td>Naproxen 25 MG/ML</td></tr><tr><td>332248</td><td>Naproxen 1000 MG</td></tr><tr><td>332249</td><td>Naproxen 750 MG</td></tr><tr><td>335266</td><td>Naproxen 125 MG</td></tr><tr><td>849397</td><td>Naproxen sodium 275 MG</td></tr><tr><td>849430</td><td>Naproxen sodium 550 MG</td></tr><tr><td>849449</td><td>Naproxen sodium 500 MG</td></tr><tr><td>849573</td><td>Naproxen sodium 220 MG</td></tr><tr><td>1608796</td><td>Naproxen 200 MG</td></tr><tr><td>1653763</td><td>Naproxen sodium 60 MG</td></tr><tr><td>373002</td><td>Naproxen Oral Capsule</td></tr><tr><td>373003</td><td>Naproxen Rectal Suppository</td></tr><tr><td>373004</td><td>Naproxen Oral Suspension</td></tr><tr><td>373005</td><td>Naproxen Oral Tablet</td></tr><tr><td>373006</td><td>Naproxen Extended Release Oral Tablet</td></tr><tr><td>373009</td><td>Naproxen Delayed Release Oral Tablet</td></tr><tr><td>374618</td><td>Naproxen / Pseudoephedrine Extended Release Oral Tablet</td></tr><tr><td>794763</td><td>Naproxen / Sumatriptan Oral Tablet</td></tr><tr><td>977953</td><td>Esomeprazole / Naproxen Delayed Release Oral Tablet</td></tr><tr><td>1550955</td><td>Diphenhydramine / Naproxen Oral Tablet</td></tr><tr><td>1157003</td><td>Naproxen / Pseudoephedrine Oral Product</td></tr><tr><td>1157004</td><td>Naproxen / Pseudoephedrine Pill</td></tr><tr><td>1157005</td><td>Naproxen / Sumatriptan Oral Product</td></tr><tr><td>1157512</td><td>Naproxen / Sumatriptan Pill</td></tr><tr><td>1157516</td><td>Naproxen Oral Liquid Product</td></tr><tr><td>1157517</td><td>Naproxen Oral Product</td></tr><tr><td>1157518</td><td>Naproxen Pill</td></tr><tr><td>1157519</td><td>Naproxen Rectal Product</td></tr><tr><td>1550953</td><td>Diphenhydramine / Naproxen Oral Product</td></tr><tr><td>1550954</td><td>Diphenhydramine / Naproxen Pill</td></tr><tr><td>1164523</td><td>Esomeprazole / Naproxen Oral Product</td></tr><tr><td>1164524</td><td>Esomeprazole / Naproxen Pill</td></tr><tr><td>1179685</td><td>Treximet Oral Product</td></tr><tr><td>1593658</td><td>Menstridol Oral Product</td></tr><tr><td>1593659</td><td>Menstridol Pill</td></tr><tr><td>1174929</td><td>Anaprox Oral Product</td></tr><tr><td>1174930</td><td>Anaprox Pill</td></tr><tr><td>1175502</td><td>Aleve Oral Product</td></tr><tr><td>1175503</td><td>Aleve Pill</td></tr><tr><td>1178761</td><td>Naprelan Oral Product</td></tr><tr><td>1178762</td><td>Naprelan Pill</td></tr><tr><td>1179303</td><td>Naprosyn Oral Liquid Product</td></tr><tr><td>1179304</td><td>Naprosyn Oral Product</td></tr><tr><td>1179305</td><td>Naprosyn Pill</td></tr><tr><td>1179686</td><td>Treximet Pill</td></tr><tr><td>1187796</td><td>Wal-Proxen Oral Product</td></tr><tr><td>1187797</td><td>Wal-Proxen Pill</td></tr><tr><td>1550961</td><td>Aleve PM Oral Product</td></tr><tr><td>1550962</td><td>Aleve PM Pill</td></tr><tr><td>1186604</td><td>Vimovo Oral Product</td></tr><tr><td>1186607</td><td>Vimovo Pill</td></tr></table></li></ul></div>"},"url":"http://hl7.org/fhir/uv/pddi/ValueSet/valueset-naproxen","version":"1.0.0-ballot","name":"Valueset_naproxen","title":"Naproxen Medications Value Set","status":"draft","experimental":true,"date":"2018-07-02","publisher":"HL7 Clinical Decision Support Workgroup","contact":[{"telecom":[{"system":"url","value":"http://hl7.org/Special/committees/dss"}]}],"description":"ValueSet containing drug identifiers for naproxen.","jurisdiction":[{"coding":[{"system":"http://unstats.un.org/unsd/methods/m49/m49.htm","code":"001"}]}],"copyright":"(copyright expectations unknown)","compose":{"include":[{"system":"http://www.nlm.nih.gov/research/umls/rxnorm","concept":[{"code":"202399","display":"Anaprox"},{"code":"203012","display":"Naprosyn"},{"code":"215101","display":"Aleve"},{"code":"218599","display":"Naprelan"},{"code":"643130","display":"Wal-Proxen"},{"code":"794765","display":"Treximet"},{"code":"1372705","display":"Vimovo"},{"code":"1550958","display":"Aleve PM"},{"code":"1593655","display":"Menstridol"},{"code":"758486","display":"{7 (lansoprazole 15 MG Delayed Release Oral Capsule) / 14                     (Naproxen 375 MG Oral Tablet) } Pack"},{"code":"758497","display":"{7 (lansoprazole 15 MG Delayed Release Oral Capsule) / 14                     (Naproxen 500 MG Oral Tablet) } Pack"},{"code":"7258","display":"Naproxen"},{"code":"1008561","display":"Acetaminophen / Naproxen"},{"code":"1008689","display":"Naproxen / Thiamine"},{"code":"106637","display":"Misoprostol / Naproxen"},{"code":"284641","display":"Naproxen / Pseudoephedrine"},{"code":"797426","display":"Naproxen / Sumatriptan"},{"code":"818929","display":"Carisoprodol / Naproxen"},{"code":"994202","display":"Esomeprazole / Naproxen"},{"code":"1550956","display":"Diphenhydramine / Naproxen"},{"code":"142442","display":"Naproxen sodium"},{"code":"849400","display":"Naproxen sodium 275 MG Oral Tablet [Anaprox]"},{"code":"849438","display":"Naproxen sodium 550 MG Oral Tablet [Anaprox]"},{"code":"105898","display":"Naproxen 250 MG Oral Tablet [Naprosyn]"},{"code":"105899","display":"Naproxen 500 MG Oral Tablet [Naprosyn]"},{"code":"105914","display":"Naproxen 375 MG Oral Tablet [Naprosyn]"},{"code":"207093","display":"Naproxen 25 MG/ML Oral Suspension [Naprosyn]"},{"code":"608793","display":"Naproxen 375 MG Delayed Release Oral Tablet [Naprosyn]"},{"code":"835560","display":"Naproxen 500 MG Delayed Release Oral Tablet [Naprosyn]"},{"code":"1112233","display":"Naproxen sodium 220 MG Oral Capsule [Aleve]"},{"code":"849728","display":"Naproxen sodium 220 MG Oral Tablet [Aleve]"},{"code":"1116331","display":"24 HR Naproxen 375 MG Extended Release Oral Tablet [Naprelan]"},{"code":"1116341","display":"24 HR Naproxen 500 MG Extended Release Oral Tablet [Naprelan]"},{"code":"1116351","display":"24 HR Naproxen 750 MG Extended Release Oral Tablet [Naprelan]"},{"code":"849737","display":"Naproxen sodium 220 MG Oral Tablet [Wal-Proxen]"},{"code":"849452","display":"Naproxen sodium 500 MG / Sumatriptan 85 MG Oral Tablet [Treximet]"},{"code":"1653767","display":"Naproxen sodium 60 MG / Sumatriptan 10 MG Oral Tablet [Treximet]"},{"code":"994007","display":"Esomeprazole 20 MG / Naproxen 375 MG Delayed Release Oral                     Tablet [Vimovo]"},{"code":"994010","display":"Esomeprazole 20 MG / Naproxen 500 MG Delayed Release Oral                     Tablet [Vimovo]"},{"code":"1550963","display":"Diphenhydramine Hydrochloride 25 MG / Naproxen sodium 220 MG                     Oral Tablet [Aleve PM]"},{"code":"1593660","display":"Naproxen sodium 220 MG Oral Tablet [Menstridol]"},{"code":"849399","display":"Naproxen sodium 275 MG [Anaprox]"},{"code":"849437","display":"Naproxen sodium 550 MG [Anaprox]"},{"code":"564237","display":"Naproxen 250 MG [Naprosyn]"},{"code":"564238","display":"Naproxen 500 MG [Naprosyn]"},{"code":"564251","display":"Naproxen 375 MG [Naprosyn]"},{"code":"567887","display":"Naproxen 25 MG/ML [Naprosyn]"},{"code":"849727","display":"Naproxen sodium 220 MG [Aleve]"},{"code":"1116330","display":"Naproxen 375 MG [Naprelan]"},{"code":"1116340","display":"Naproxen 500 MG [Naprelan]"},{"code":"1116350","display":"Naproxen 750 MG [Naprelan]"},{"code":"849736","display":"Naproxen sodium 220 MG [Wal-Proxen]"},{"code":"849451","display":"Naproxen sodium 500 MG / Sumatriptan 85 MG [Treximet]"},{"code":"1653766","display":"Naproxen sodium 60 MG / Sumatriptan 10 MG [Treximet]"},{"code":"994006","display":"Esomeprazole 20 MG / Naproxen 375 MG [Vimovo]"},{"code":"994009","display":"Esomeprazole 20 MG / Naproxen 500 MG [Vimovo]"},{"code":"1550959","display":"Diphenhydramine Hydrochloride 25 MG / Naproxen sodium 220 MG                     [Aleve PM]"},{"code":"1593656","display":"Naproxen sodium 220 MG [Menstridol]"},{"code":"1112232","display":"Naproxen Oral Capsule [Aleve]"},{"code":"368447","display":"Naproxen Oral Tablet [Aleve]"},{"code":"608792","display":"Naproxen Delayed Release Oral Tablet [Naprosyn]"},{"code":"369974","display":"Naproxen Extended Release Oral Tablet [Naprelan]"},{"code":"643132","display":"Naproxen Oral Tablet [Wal-Proxen]"},{"code":"794767","display":"Naproxen / Sumatriptan Oral Tablet [Treximet]"},{"code":"91796","display":"Naproxen Oral Tablet [Anaprox]"},{"code":"93416","display":"Naproxen Oral Suspension [Naprosyn]"},{"code":"93417","display":"Naproxen Oral Tablet [Naprosyn]"},{"code":"977957","display":"Esomeprazole / Naproxen Delayed Release Oral Tablet [Vimovo]"},{"code":"1550960","display":"Diphenhydramine / Naproxen Oral Tablet [Aleve PM]"},{"code":"1593657","display":"Naproxen Oral Tablet [Menstridol]"},{"code":"105918","display":"Naproxen 250 MG Delayed Release Oral Tablet"},{"code":"1116320","display":"24 HR Naproxen 375 MG Extended Release Oral Tablet"},{"code":"1116339","display":"24 HR Naproxen 500 MG Extended Release Oral Tablet"},{"code":"198012","display":"Naproxen 375 MG Oral Tablet"},{"code":"198013","display":"Naproxen 250 MG Oral Tablet"},{"code":"198014","display":"Naproxen 500 MG Oral Tablet"},{"code":"199490","display":"Naproxen 500 MG Rectal Suppository"},{"code":"311915","display":"Naproxen 500 MG Delayed Release Oral Tablet"},{"code":"603103","display":"Naproxen 375 MG Delayed Release Oral Tablet"},{"code":"994005","display":"Esomeprazole 20 MG / Naproxen 375 MG Delayed Release Oral Tablet"},{"code":"994008","display":"Esomeprazole 20 MG / Naproxen 500 MG Delayed Release Oral Tablet"},{"code":"311913","display":"Naproxen 25 MG/ML Oral Suspension"},{"code":"1116349","display":"24 HR Naproxen 750 MG Extended Release Oral Tablet"},{"code":"433845","display":"24 HR Naproxen 1000 MG Extended Release Oral Tablet"},{"code":"245420","display":"Naproxen 125 MG Oral Tablet"},{"code":"1112231","display":"Naproxen sodium 220 MG Oral Capsule"},{"code":"849398","display":"Naproxen sodium 275 MG Oral Tablet"},{"code":"849431","display":"Naproxen sodium 550 MG Oral Tablet"},{"code":"849450","display":"Naproxen sodium 500 MG / Sumatriptan 85 MG Oral Tablet"},{"code":"849574","display":"Naproxen sodium 220 MG Oral Tablet"},{"code":"1367426","display":"12 HR Naproxen sodium 220 MG / Pseudoephedrine Hydrochloride                     120 MG Extended Release Oral Tablet"},{"code":"1550957","display":"Diphenhydramine Hydrochloride 25 MG / Naproxen sodium 220 MG                     Oral Tablet"},{"code":"1608797","display":"Naproxen 200 MG Oral Tablet"},{"code":"1653765","display":"Naproxen sodium 60 MG / Sumatriptan 10 MG Oral Tablet"},{"code":"316326","display":"Naproxen 250 MG"},{"code":"316327","display":"Naproxen 375 MG"},{"code":"316328","display":"Naproxen 500 MG"},{"code":"317653","display":"Naproxen 25 MG/ML"},{"code":"332248","display":"Naproxen 1000 MG"},{"code":"332249","display":"Naproxen 750 MG"},{"code":"335266","display":"Naproxen 125 MG"},{"code":"849397","display":"Naproxen sodium 275 MG"},{"code":"849430","display":"Naproxen sodium 550 MG"},{"code":"849449","display":"Naproxen sodium 500 MG"},{"code":"849573","display":"Naproxen sodium 220 MG"},{"code":"1608796","display":"Naproxen 200 MG"},{"code":"1653763","display":"Naproxen sodium 60 MG"},{"code":"373002","display":"Naproxen Oral Capsule"},{"code":"373003","display":"Naproxen Rectal Suppository"},{"code":"373004","display":"Naproxen Oral Suspension"},{"code":"373005","display":"Naproxen Oral Tablet"},{"code":"373006","display":"Naproxen Extended Release Oral Tablet"},{"code":"373009","display":"Naproxen Delayed Release Oral Tablet"},{"code":"374618","display":"Naproxen / Pseudoephedrine Extended Release Oral Tablet"},{"code":"794763","display":"Naproxen / Sumatriptan Oral Tablet"},{"code":"977953","display":"Esomeprazole / Naproxen Delayed Release Oral Tablet"},{"code":"1550955","display":"Diphenhydramine / Naproxen Oral Tablet"},{"code":"1157003","display":"Naproxen / Pseudoephedrine Oral Product"},{"code":"1157004","display":"Naproxen / Pseudoephedrine Pill"},{"code":"1157005","display":"Naproxen / Sumatriptan Oral Product"},{"code":"1157512","display":"Naproxen / Sumatriptan Pill"},{"code":"1157516","display":"Naproxen Oral Liquid Product"},{"code":"1157517","display":"Naproxen Oral Product"},{"code":"1157518","display":"Naproxen Pill"},{"code":"1157519","display":"Naproxen Rectal Product"},{"code":"1550953","display":"Diphenhydramine / Naproxen Oral Product"},{"code":"1550954","display":"Diphenhydramine / Naproxen Pill"},{"code":"1164523","display":"Esomeprazole / Naproxen Oral Product"},{"code":"1164524","display":"Esomeprazole / Naproxen Pill"},{"code":"1179685","display":"Treximet Oral Product"},{"code":"1593658","display":"Menstridol Oral Product"},{"code":"1593659","display":"Menstridol Pill"},{"code":"1174929","display":"Anaprox Oral Product"},{"code":"1174930","display":"Anaprox Pill"},{"code":"1175502","display":"Aleve Oral Product"},{"code":"1175503","display":"Aleve Pill"},{"code":"1178761","display":"Naprelan Oral Product"},{"code":"1178762","display":"Naprelan Pill"},{"code":"1179303","display":"Naprosyn Oral Liquid Product"},{"code":"1179304","display":"Naprosyn Oral Product"},{"code":"1179305","display":"Naprosyn Pill"},{"code":"1179686","display":"Treximet Pill"},{"code":"1187796","display":"Wal-Proxen Oral Product"},{"code":"1187797","display":"Wal-Proxen Pill"},{"code":"1550961","display":"Aleve PM Oral Product"},{"code":"1550962","display":"Aleve PM Pill"},{"code":"1186604","display":"Vimovo Oral Product"},{"code":"1186607","display":"Vimovo Pill"}]}]}}