{"resourceType":"ValueSet","id":"valueset-fluocortolone","text":{"status":"generated","div":"<div xmlns=\"http://www.w3.org/1999/xhtml\"><ul><li>Include these codes as defined in <a href=\"http://www.nlm.nih.gov/research/umls/rxnorm\"><code>http://www.nlm.nih.gov/research/umls/rxnorm</code></a><table class=\"none\"><tr><td style=\"white-space:nowrap\"><b>Code</b></td><td><b>Display</b></td></tr><tr><td>4463</td><td>Fluocortolone</td></tr><tr><td>1007487</td><td>Fluocortolone / Salicylic Acid</td></tr><tr><td>1007700</td><td>Fluocortolone / Lidocaine</td></tr><tr><td>4464</td><td>Fluocortolone Caproate</td></tr><tr><td>4465</td><td>Fluocortolone Pivalate</td></tr><tr><td>103461</td><td>Fluocortolone Caproate 2.5 MG/ML / Fluocortolone Pivalate                     2.5 MG/ML Topical Cream</td></tr><tr><td>103462</td><td>Fluocortolone Caproate 0.0025 MG/MG / Fluocortolone Pivalate                     0.0025 MG/MG Topical Ointment</td></tr><tr><td>392958</td><td>Fluocortolone Caproate 2.5 MG/ML</td></tr><tr><td>392959</td><td>Fluocortolone Pivalate 2.5 MG/ML</td></tr><tr><td>392962</td><td>Fluocortolone Caproate 0.0025 MG/MG</td></tr><tr><td>439746</td><td>Fluocortolone Pivalate 0.0025 MG/MG</td></tr><tr><td>392955</td><td>Fluocortolone Topical Cream</td></tr><tr><td>392957</td><td>Fluocortolone Topical Ointment</td></tr><tr><td>1160822</td><td>Fluocortolone Topical Product</td></tr></table></li></ul></div>"},"url":"http://hl7.org/fhir/uv/pddi/ValueSet/valueset-fluocortolone","version":"1.0.0-ballot","name":"Valueset_fluocortolone","title":"Fluocortolone Medications Value Set","status":"draft","experimental":true,"date":"2018-07-02","publisher":"HL7 Clinical Decision Support Workgroup","contact":[{"telecom":[{"system":"url","value":"http://hl7.org/Special/committees/dss"}]}],"description":"ValueSet containing drug identifiers for fluocortolone.","jurisdiction":[{"coding":[{"system":"http://unstats.un.org/unsd/methods/m49/m49.htm","code":"001"}]}],"copyright":"(copyright expectations unknown)","compose":{"include":[{"system":"http://www.nlm.nih.gov/research/umls/rxnorm","concept":[{"code":"4463","display":"Fluocortolone"},{"code":"1007487","display":"Fluocortolone / Salicylic Acid"},{"code":"1007700","display":"Fluocortolone / Lidocaine"},{"code":"4464","display":"Fluocortolone Caproate"},{"code":"4465","display":"Fluocortolone Pivalate"},{"code":"103461","display":"Fluocortolone Caproate 2.5 MG/ML / Fluocortolone Pivalate                     2.5 MG/ML Topical Cream"},{"code":"103462","display":"Fluocortolone Caproate 0.0025 MG/MG / Fluocortolone Pivalate                     0.0025 MG/MG Topical Ointment"},{"code":"392958","display":"Fluocortolone Caproate 2.5 MG/ML"},{"code":"392959","display":"Fluocortolone Pivalate 2.5 MG/ML"},{"code":"392962","display":"Fluocortolone Caproate 0.0025 MG/MG"},{"code":"439746","display":"Fluocortolone Pivalate 0.0025 MG/MG"},{"code":"392955","display":"Fluocortolone Topical Cream"},{"code":"392957","display":"Fluocortolone Topical Ointment"},{"code":"1160822","display":"Fluocortolone Topical Product"}]}]}}