{"resourceType":"ValueSet","id":"valueset-ketorolac-exclude","text":{"status":"generated","div":"<div xmlns=\"http://www.w3.org/1999/xhtml\"><ul><li>Include these codes as defined in <a href=\"http://www.nlm.nih.gov/research/umls/rxnorm\"><code>http://www.nlm.nih.gov/research/umls/rxnorm</code></a><table class=\"none\"><tr><td style=\"white-space:nowrap\"><b>Code</b></td><td><b>Display</b></td></tr><tr><td>860105</td><td>Ketorolac Tromethamine 4 MG/ML Ophthalmic Solution [Acular]</td></tr><tr><td>860109</td><td>Ketorolac Tromethamine 5 MG/ML Ophthalmic Solution [Acular]</td></tr><tr><td>858366</td><td>Ketorolac Tromethamine 4.5 MG/ML Ophthalmic Solution [Acuvail]</td></tr><tr><td>1540235</td><td>Ketorolac 2.88 MG/ML / Phenylephrine 10.16 MG/ML Ophthalmic                     Irrigation Solution [Omidria]</td></tr><tr><td>363846</td><td>Ketorolac Ophthalmic Solution [Acular]</td></tr><tr><td>858361</td><td>Ketorolac Ophthalmic Solution [Acuvail]</td></tr><tr><td>1543461</td><td>Ketorolac / Phenylephrine Ophthalmic Irrigation Solution [Omidria]</td></tr><tr><td>858364</td><td>Ketorolac Tromethamine 4.5 MG/ML Ophthalmic Solution</td></tr><tr><td>860103</td><td>Ketorolac Tromethamine 4 MG/ML Ophthalmic Solution</td></tr><tr><td>860107</td><td>Ketorolac Tromethamine 5 MG/ML Ophthalmic Solution</td></tr><tr><td>1540230</td><td>Ketorolac 2.88 MG/ML / Phenylephrine 10.16 MG/ML Ophthalmic                     Irrigation Solution</td></tr><tr><td>377446</td><td>Ketorolac Ophthalmic Solution</td></tr><tr><td>1543459</td><td>Ketorolac / Phenylephrine Ophthalmic Irrigation Solution</td></tr><tr><td>1543458</td><td>Ketorolac / Phenylephrine Ophthalmic Product</td></tr><tr><td>1160968</td><td>Ketorolac Ophthalmic Product</td></tr><tr><td>1543462</td><td>Omidria Ophthalmic Product</td></tr><tr><td>1169934</td><td>Acular Ophthalmic Product</td></tr><tr><td>1169948</td><td>Acuvail Ophthalmic Product</td></tr></table></li></ul></div>"},"url":"http://hl7.org/fhir/uv/pddi/ValueSet/valueset-ketorolac-exclude","version":"1.0.0-ballot","name":"Valueset_ketorolac_exclude","title":"Exclude Ketorolac Medications Value Set","status":"draft","experimental":true,"date":"2018-07-02","publisher":"HL7 Clinical Decision Support Workgroup","contact":[{"telecom":[{"system":"url","value":"http://hl7.org/Special/committees/dss"}]}],"description":"ValueSet containing drug identifiers to exclude. Criteria is explicitly stating topical, gel, cream, ointment, otic, or ophthalmic formulations.","jurisdiction":[{"coding":[{"system":"http://unstats.un.org/unsd/methods/m49/m49.htm","code":"001"}]}],"purpose":"To refine valueset for Warfarin + NSAID PDDI-CDS","copyright":"(copyright expectations unknown)","compose":{"include":[{"system":"http://www.nlm.nih.gov/research/umls/rxnorm","concept":[{"code":"860105","display":"Ketorolac Tromethamine 4 MG/ML Ophthalmic Solution [Acular]"},{"code":"860109","display":"Ketorolac Tromethamine 5 MG/ML Ophthalmic Solution [Acular]"},{"code":"858366","display":"Ketorolac Tromethamine 4.5 MG/ML Ophthalmic Solution [Acuvail]"},{"code":"1540235","display":"Ketorolac 2.88 MG/ML / Phenylephrine 10.16 MG/ML Ophthalmic                     Irrigation Solution [Omidria]"},{"code":"363846","display":"Ketorolac Ophthalmic Solution [Acular]"},{"code":"858361","display":"Ketorolac Ophthalmic Solution [Acuvail]"},{"code":"1543461","display":"Ketorolac / Phenylephrine Ophthalmic Irrigation Solution [Omidria]"},{"code":"858364","display":"Ketorolac Tromethamine 4.5 MG/ML Ophthalmic Solution"},{"code":"860103","display":"Ketorolac Tromethamine 4 MG/ML Ophthalmic Solution"},{"code":"860107","display":"Ketorolac Tromethamine 5 MG/ML Ophthalmic Solution"},{"code":"1540230","display":"Ketorolac 2.88 MG/ML / Phenylephrine 10.16 MG/ML Ophthalmic                     Irrigation Solution"},{"code":"377446","display":"Ketorolac Ophthalmic Solution"},{"code":"1543459","display":"Ketorolac / Phenylephrine Ophthalmic Irrigation Solution"},{"code":"1543458","display":"Ketorolac / Phenylephrine Ophthalmic Product"},{"code":"1160968","display":"Ketorolac Ophthalmic Product"},{"code":"1543462","display":"Omidria Ophthalmic Product"},{"code":"1169934","display":"Acular Ophthalmic Product"},{"code":"1169948","display":"Acuvail Ophthalmic Product"}]}]}}