{"resourceType":"ValueSet","id":"valueset-diflunisal","text":{"status":"generated","div":"<div xmlns=\"http://www.w3.org/1999/xhtml\"><ul><li>Include these codes as defined in <a href=\"http://www.nlm.nih.gov/research/umls/rxnorm\"><code>http://www.nlm.nih.gov/research/umls/rxnorm</code></a><table class=\"none\"><tr><td style=\"white-space:nowrap\"><b>Code</b></td><td><b>Display</b></td></tr><tr><td>3393</td><td>Diflunisal</td></tr><tr><td>197603</td><td>Diflunisal 500 MG Oral Tablet</td></tr><tr><td>197602</td><td>Diflunisal 250 MG Oral Tablet</td></tr><tr><td>315811</td><td>Diflunisal 500 MG</td></tr><tr><td>317354</td><td>Diflunisal 250 MG</td></tr><tr><td>371828</td><td>Diflunisal Oral Tablet</td></tr><tr><td>1151511</td><td>Diflunisal Oral Product</td></tr><tr><td>1151512</td><td>Diflunisal Pill</td></tr></table></li></ul></div>"},"url":"http://hl7.org/fhir/uv/pddi/ValueSet/valueset-diflunisal","version":"1.0.0-ballot","name":"Valueset_diflunisal","title":"Diflunisal Medications Value Set","status":"draft","experimental":true,"date":"2018-07-02","publisher":"HL7 Clinical Decision Support Workgroup","contact":[{"telecom":[{"system":"url","value":"http://hl7.org/Special/committees/dss"}]}],"description":"ValueSet containing drug identifiers for diflunisal.","jurisdiction":[{"coding":[{"system":"http://unstats.un.org/unsd/methods/m49/m49.htm","code":"001"}]}],"copyright":"(copyright expectations unknown)","compose":{"include":[{"system":"http://www.nlm.nih.gov/research/umls/rxnorm","concept":[{"code":"3393","display":"Diflunisal"},{"code":"197603","display":"Diflunisal 500 MG Oral Tablet"},{"code":"197602","display":"Diflunisal 250 MG Oral Tablet"},{"code":"315811","display":"Diflunisal 500 MG"},{"code":"317354","display":"Diflunisal 250 MG"},{"code":"371828","display":"Diflunisal Oral Tablet"},{"code":"1151511","display":"Diflunisal Oral Product"},{"code":"1151512","display":"Diflunisal Pill"}]}]}}