{"resourceType":"ValueSet","id":"valueset-piroxicam","text":{"status":"generated","div":"<div xmlns=\"http://www.w3.org/1999/xhtml\"><ul><li>Include these codes as defined in <a href=\"http://www.nlm.nih.gov/research/umls/rxnorm\"><code>http://www.nlm.nih.gov/research/umls/rxnorm</code></a><table class=\"none\"><tr><td style=\"white-space:nowrap\"><b>Code</b></td><td><b>Display</b></td></tr><tr><td>197288</td><td>Feldene</td></tr><tr><td>8356</td><td>Piroxicam</td></tr><tr><td>1007384</td><td>Piroxicam / Vitamin B 12</td></tr><tr><td>1008606</td><td>Amoxicillin / Piroxicam</td></tr><tr><td>813792</td><td>Chlorzoxazone / Piroxicam</td></tr><tr><td>815628</td><td>Ascorbic Acid / Piroxicam</td></tr><tr><td>815961</td><td>Piroxicam / Prednisone</td></tr><tr><td>817105</td><td>Carisoprodol / Piroxicam</td></tr><tr><td>818190</td><td>Acetaminophen / Piroxicam</td></tr><tr><td>819919</td><td>Orphenadrine / Piroxicam</td></tr><tr><td>33787</td><td>piroxicam cinnamate</td></tr><tr><td>68115</td><td>piroxicam-beta-cyclodextrin</td></tr><tr><td>105929</td><td>Piroxicam 10 MG Oral Capsule [Feldene]</td></tr><tr><td>105930</td><td>Piroxicam 20 MG Oral Capsule [Feldene]</td></tr><tr><td>564263</td><td>Piroxicam 10 MG [Feldene]</td></tr><tr><td>564264</td><td>Piroxicam 20 MG [Feldene]</td></tr><tr><td>366276</td><td>Piroxicam Oral Capsule [Feldene]</td></tr><tr><td>198107</td><td>Piroxicam 10 MG Oral Capsule</td></tr><tr><td>199559</td><td>Piroxicam 10 MG Oral Tablet</td></tr><tr><td>247066</td><td>Piroxicam 10 MG Rectal Suppository</td></tr><tr><td>105942</td><td>Piroxicam 20 MG Rectal Suppository</td></tr><tr><td>198108</td><td>Piroxicam 20 MG Oral Capsule</td></tr><tr><td>199560</td><td>Piroxicam 20 MG Oral Tablet</td></tr><tr><td>384786</td><td>Piroxicam 20 MG Disintegrating Oral Tablet</td></tr><tr><td>106002</td><td>Piroxicam 0.005 MG/MG Topical Gel</td></tr><tr><td>246246</td><td>Piroxicam 20 MG/ML Injectable Solution</td></tr><tr><td>316524</td><td>Piroxicam 10 MG</td></tr><tr><td>317467</td><td>Piroxicam 20 MG</td></tr><tr><td>335470</td><td>Piroxicam 0.005 MG/MG</td></tr><tr><td>335471</td><td>Piroxicam 20 MG/ML</td></tr><tr><td>373485</td><td>Piroxicam Oral Tablet</td></tr><tr><td>373486</td><td>Piroxicam Oral Capsule</td></tr><tr><td>373487</td><td>Piroxicam Injectable Solution</td></tr><tr><td>373488</td><td>Piroxicam Rectal Suppository</td></tr><tr><td>377958</td><td>Piroxicam Topical Gel</td></tr><tr><td>379306</td><td>Piroxicam Disintegrating Oral Tablet</td></tr><tr><td>1159302</td><td>Piroxicam Injectable Product</td></tr><tr><td>1159304</td><td>Piroxicam Oral Product</td></tr><tr><td>1159305</td><td>Piroxicam Pill</td></tr><tr><td>1159306</td><td>Piroxicam Rectal Product</td></tr><tr><td>1159307</td><td>Piroxicam Topical Product</td></tr><tr><td>1294789</td><td>Piroxicam Disintegrating Oral Product</td></tr><tr><td>1176007</td><td>Feldene Oral Product</td></tr><tr><td>1176009</td><td>Feldene Pill</td></tr></table></li></ul></div>"},"url":"http://hl7.org/fhir/uv/pddi/ValueSet/valueset-piroxicam","version":"1.0.0-ballot","name":"Valueset_piroxicam","title":"Piroxicam Medications Value Set","status":"draft","experimental":true,"date":"2018-07-02","publisher":"HL7 Clinical Decision Support Workgroup","contact":[{"telecom":[{"system":"url","value":"http://hl7.org/Special/committees/dss"}]}],"description":"ValueSet containing drug identifiers for piroxicam.","jurisdiction":[{"coding":[{"system":"http://unstats.un.org/unsd/methods/m49/m49.htm","code":"001"}]}],"copyright":"(copyright expectations unknown)","compose":{"include":[{"system":"http://www.nlm.nih.gov/research/umls/rxnorm","concept":[{"code":"197288","display":"Feldene"},{"code":"8356","display":"Piroxicam"},{"code":"1007384","display":"Piroxicam / Vitamin B 12"},{"code":"1008606","display":"Amoxicillin / Piroxicam"},{"code":"813792","display":"Chlorzoxazone / Piroxicam"},{"code":"815628","display":"Ascorbic Acid / Piroxicam"},{"code":"815961","display":"Piroxicam / Prednisone"},{"code":"817105","display":"Carisoprodol / Piroxicam"},{"code":"818190","display":"Acetaminophen / Piroxicam"},{"code":"819919","display":"Orphenadrine / Piroxicam"},{"code":"33787","display":"piroxicam cinnamate"},{"code":"68115","display":"piroxicam-beta-cyclodextrin"},{"code":"105929","display":"Piroxicam 10 MG Oral Capsule [Feldene]"},{"code":"105930","display":"Piroxicam 20 MG Oral Capsule [Feldene]"},{"code":"564263","display":"Piroxicam 10 MG [Feldene]"},{"code":"564264","display":"Piroxicam 20 MG [Feldene]"},{"code":"366276","display":"Piroxicam Oral Capsule [Feldene]"},{"code":"198107","display":"Piroxicam 10 MG Oral Capsule"},{"code":"199559","display":"Piroxicam 10 MG Oral Tablet"},{"code":"247066","display":"Piroxicam 10 MG Rectal Suppository"},{"code":"105942","display":"Piroxicam 20 MG Rectal Suppository"},{"code":"198108","display":"Piroxicam 20 MG Oral Capsule"},{"code":"199560","display":"Piroxicam 20 MG Oral Tablet"},{"code":"384786","display":"Piroxicam 20 MG Disintegrating Oral Tablet"},{"code":"106002","display":"Piroxicam 0.005 MG/MG Topical Gel"},{"code":"246246","display":"Piroxicam 20 MG/ML Injectable Solution"},{"code":"316524","display":"Piroxicam 10 MG"},{"code":"317467","display":"Piroxicam 20 MG"},{"code":"335470","display":"Piroxicam 0.005 MG/MG"},{"code":"335471","display":"Piroxicam 20 MG/ML"},{"code":"373485","display":"Piroxicam Oral Tablet"},{"code":"373486","display":"Piroxicam Oral Capsule"},{"code":"373487","display":"Piroxicam Injectable Solution"},{"code":"373488","display":"Piroxicam Rectal Suppository"},{"code":"377958","display":"Piroxicam Topical Gel"},{"code":"379306","display":"Piroxicam Disintegrating Oral Tablet"},{"code":"1159302","display":"Piroxicam Injectable Product"},{"code":"1159304","display":"Piroxicam Oral Product"},{"code":"1159305","display":"Piroxicam Pill"},{"code":"1159306","display":"Piroxicam Rectal Product"},{"code":"1159307","display":"Piroxicam Topical Product"},{"code":"1294789","display":"Piroxicam Disintegrating Oral Product"},{"code":"1176007","display":"Feldene Oral Product"},{"code":"1176009","display":"Feldene Pill"}]}]}}