{"resourceType":"ValueSet","id":"valueset-prednisolone-exclude","text":{"status":"generated","div":"<div xmlns=\"http://www.w3.org/1999/xhtml\"><ul><li>Include these codes as defined in <a href=\"http://www.nlm.nih.gov/research/umls/rxnorm\"><code>http://www.nlm.nih.gov/research/umls/rxnorm</code></a><table class=\"none\"><tr><td style=\"white-space:nowrap\"><b>Code</b></td><td><b>Display</b></td></tr><tr><td>1548724</td><td>prednisolone acetate 10 MG/ML Ophthalmic Suspension [Pred Forte]</td></tr><tr><td>1011987</td><td>prednisolone acetate 0.002 MG/MG / Sulfacetamide Sodium 0.1                     MG/MG Ophthalmic Ointment [Blephamide]</td></tr><tr><td>1012017</td><td>prednisolone acetate 2 MG/ML / Sulfacetamide Sodium 100                     MG/ML Ophthalmic Suspension [Blephamide]</td></tr><tr><td>1548705</td><td>prednisolone acetate 10 MG/ML Ophthalmic Suspension                     [Econopred Plus]</td></tr><tr><td>1549317</td><td>prednisolone acetate 1.25 MG/ML Ophthalmic Suspension [Econopred]</td></tr><tr><td>205826</td><td>Gentamicin 3 MG/ML / prednisolone acetate 10 MG/ML                     Ophthalmic Suspension [Pred-G]</td></tr><tr><td>211755</td><td>prednisolone 10 MG/ML Ophthalmic Solution [Prednisol]</td></tr><tr><td>260285</td><td>Gentamicin 0.003 MG/MG / prednisolone acetate 0.006 MG/MG                     Ophthalmic Ointment [Pred-G]</td></tr><tr><td>1548714</td><td>prednisolone acetate 10 MG/ML Ophthalmic Suspension [Omnipred]</td></tr><tr><td>891153</td><td>Miconazole Nitrate 23 MG/ML / Polymyxin B Sulfate 0.5293                     MG/ML / prednisolone acetate 5 MG/ML Otic Suspension [Surolan]</td></tr><tr><td>365822</td><td>prednisolone Ophthalmic Suspension [Pred Forte]</td></tr><tr><td>365832</td><td>prednisolone Ophthalmic Suspension [Pred Mild]</td></tr><tr><td>365841</td><td>prednisolone / Sulfacetamide Ophthalmic Suspension [Blephamide]</td></tr><tr><td>365821</td><td>prednisolone Ophthalmic Suspension [Econopred]</td></tr><tr><td>365831</td><td>prednisolone Ophthalmic Suspension [Econopred Plus]</td></tr><tr><td>363766</td><td>prednisolone Ophthalmic Solution [Prednisol]</td></tr><tr><td>856820</td><td>prednisolone / Sulfacetamide Ophthalmic Ointment [Blephamide]</td></tr><tr><td>731219</td><td>prednisolone Ophthalmic Suspension [Omnipred]</td></tr><tr><td>891152</td><td>Miconazole / Polymyxin B / prednisolone Otic Suspension [Surolan]</td></tr><tr><td>1870660</td><td>Gentamicin / prednisolone Ophthalmic Ointment [Pred-G]</td></tr><tr><td>1870669</td><td>Gentamicin / prednisolone Ophthalmic Suspension [Pred-G]</td></tr><tr><td>1011979</td><td>prednisolone acetate 0.0025 MG/MG / Sulfacetamide Sodium 0.1                     MG/MG Ophthalmic Ointment</td></tr><tr><td>1011985</td><td>prednisolone acetate 0.002 MG/MG / Sulfacetamide Sodium 0.1                     MG/MG Ophthalmic Ointment</td></tr><tr><td>1012015</td><td>prednisolone acetate 2 MG/ML / Sulfacetamide Sodium 100                     MG/ML Ophthalmic Suspension</td></tr><tr><td>1012021</td><td>Prednisolone sodium phosphate 2.5 MG/ML / Sulfacetamide                     Sodium 100 MG/ML Ophthalmic Solution</td></tr><tr><td>1012080</td><td>prednisolone acetate 2.5 MG/ML / Sulfacetamide Sodium 100                     MG/ML Ophthalmic Suspension</td></tr><tr><td>1012150</td><td>Prednisolone sodium phosphate 5 MG/ML / Sulfacetamide Sodium                     100 MG/ML Ophthalmic Solution</td></tr><tr><td>1547974</td><td>Prednisolone sodium phosphate 5 MG/ML Ophthalmic Solution</td></tr><tr><td>106997</td><td>prednisolone 3 MG/ML Ophthalmic Solution</td></tr><tr><td>314165</td><td>prednisolone 10 MG/ML Ophthalmic Solution</td></tr><tr><td>106996</td><td>prednisolone 1 MG/ML Ophthalmic Solution</td></tr><tr><td>311888</td><td>Neomycin 3.5 MG/ML / Polymyxin B 10000 UNT/ML / prednisolone                     5 MG/ML Ophthalmic Suspension</td></tr><tr><td>345131</td><td>prednisolone 1.25 MG/ML Ophthalmic Solution</td></tr><tr><td>562379</td><td>prednisolone 1.2 MG/ML Ophthalmic Suspension</td></tr><tr><td>199968</td><td>prednisolone 5 MG/ML Ophthalmic Suspension</td></tr><tr><td>106995</td><td>prednisolone 0.3 MG/ML Ophthalmic Solution</td></tr><tr><td>392181</td><td>prednisolone 25 MG/ML Ophthalmic Suspension</td></tr><tr><td>106992</td><td>prednisolone 0.01 MG/ML Ophthalmic Solution</td></tr><tr><td>106993</td><td>prednisolone 0.03 MG/ML Ophthalmic Solution</td></tr><tr><td>106994</td><td>prednisolone 0.1 MG/ML Ophthalmic Solution</td></tr><tr><td>891149</td><td>Miconazole Nitrate 23 MG/ML / Polymyxin B Sulfate 0.5293                     MG/ML / prednisolone acetate 5 MG/ML Otic Suspension</td></tr><tr><td>310469</td><td>Gentamicin 3 MG/ML / prednisolone acetate 10 MG/ML                     Ophthalmic Suspension</td></tr><tr><td>1376336</td><td>prednisolone acetate 10 MG/ML Ophthalmic Suspension</td></tr><tr><td>1549315</td><td>prednisolone acetate 1.25 MG/ML Ophthalmic Suspension</td></tr><tr><td>310468</td><td>Gentamicin 0.003 MG/MG / prednisolone acetate 0.006 MG/MG                     Ophthalmic Ointment</td></tr><tr><td>1012000</td><td>prednisolone acetate 0.005 MG/MG / Sulfacetamide Sodium 0.1                     MG/MG Ophthalmic Ointment</td></tr><tr><td>373571</td><td>prednisolone Ophthalmic Suspension</td></tr><tr><td>373576</td><td>prednisolone Ophthalmic Solution</td></tr><tr><td>373972</td><td>prednisolone / Sulfacetamide Ophthalmic Ointment</td></tr><tr><td>373973</td><td>prednisolone / Sulfacetamide Ophthalmic Solution</td></tr><tr><td>373974</td><td>prednisolone / Sulfacetamide Ophthalmic Suspension</td></tr><tr><td>374690</td><td>Neomycin / Polymyxin B / prednisolone Ophthalmic Suspension</td></tr><tr><td>891148</td><td>Miconazole / Polymyxin B / prednisolone Otic Suspension</td></tr><tr><td>1870656</td><td>Gentamicin / prednisolone Ophthalmic Ointment</td></tr><tr><td>1870666</td><td>Gentamicin / prednisolone Ophthalmic Suspension</td></tr><tr><td>1156760</td><td>prednisolone Topical Product</td></tr><tr><td>1157539</td><td>Neomycin / Polymyxin B / prednisolone Ophthalmic Product</td></tr><tr><td>1164102</td><td>Miconazole / Polymyxin B / prednisolone Otic Product</td></tr><tr><td>1165752</td><td>prednisolone / Sulfacetamide Ophthalmic Product</td></tr><tr><td>1165757</td><td>prednisolone Ophthalmic Product</td></tr><tr><td>1870655</td><td>Gentamicin / prednisolone Ophthalmic Product</td></tr><tr><td>1184898</td><td>Surolan Otic Product</td></tr><tr><td>1171795</td><td>Econopred Ophthalmic Product</td></tr><tr><td>1171796</td><td>Econopred Plus Ophthalmic Product</td></tr><tr><td>1175059</td><td>Blephamide Ophthalmic Product</td></tr><tr><td>1181709</td><td>Omnipred Ophthalmic Product</td></tr><tr><td>1185239</td><td>Pred Forte Ophthalmic Product</td></tr><tr><td>1185240</td><td>Pred Mild Ophthalmic Product</td></tr><tr><td>1185260</td><td>Prednisol Ophthalmic Product</td></tr><tr><td>1185241</td><td>Pred-G Ophthalmic Product</td></tr></table></li></ul></div>"},"url":"http://hl7.org/fhir/uv/pddi/ValueSet/valueset-prednisolone-exclude","version":"1.0.0-ballot","name":"Valueset_prednisolone_exclude","title":"Exclude Prednisolone Medications Value Set","status":"draft","experimental":true,"date":"2018-07-02","publisher":"HL7 Clinical Decision Support Workgroup","contact":[{"telecom":[{"system":"url","value":"http://hl7.org/Special/committees/dss"}]}],"description":"ValueSet containing drug identifiers to exclude. Criteria is explicitly stating topical, gel, cream, ointment, otic, or ophthalmic formulations.","jurisdiction":[{"coding":[{"system":"http://unstats.un.org/unsd/methods/m49/m49.htm","code":"001"}]}],"purpose":"To refine valueset for Warfarin + NSAID PDDI-CDS","copyright":"(copyright expectations unknown)","compose":{"include":[{"system":"http://www.nlm.nih.gov/research/umls/rxnorm","concept":[{"code":"1548724","display":"prednisolone acetate 10 MG/ML Ophthalmic Suspension [Pred Forte]"},{"code":"1011987","display":"prednisolone acetate 0.002 MG/MG / Sulfacetamide Sodium 0.1                     MG/MG Ophthalmic Ointment [Blephamide]"},{"code":"1012017","display":"prednisolone acetate 2 MG/ML / Sulfacetamide Sodium 100                     MG/ML Ophthalmic Suspension [Blephamide]"},{"code":"1548705","display":"prednisolone acetate 10 MG/ML Ophthalmic Suspension                     [Econopred Plus]"},{"code":"1549317","display":"prednisolone acetate 1.25 MG/ML Ophthalmic Suspension [Econopred]"},{"code":"205826","display":"Gentamicin 3 MG/ML / prednisolone acetate 10 MG/ML                     Ophthalmic Suspension [Pred-G]"},{"code":"211755","display":"prednisolone 10 MG/ML Ophthalmic Solution [Prednisol]"},{"code":"260285","display":"Gentamicin 0.003 MG/MG / prednisolone acetate 0.006 MG/MG                     Ophthalmic Ointment [Pred-G]"},{"code":"1548714","display":"prednisolone acetate 10 MG/ML Ophthalmic Suspension [Omnipred]"},{"code":"891153","display":"Miconazole Nitrate 23 MG/ML / Polymyxin B Sulfate 0.5293                     MG/ML / prednisolone acetate 5 MG/ML Otic Suspension [Surolan]"},{"code":"365822","display":"prednisolone Ophthalmic Suspension [Pred Forte]"},{"code":"365832","display":"prednisolone Ophthalmic Suspension [Pred Mild]"},{"code":"365841","display":"prednisolone / Sulfacetamide Ophthalmic Suspension [Blephamide]"},{"code":"365821","display":"prednisolone Ophthalmic Suspension [Econopred]"},{"code":"365831","display":"prednisolone Ophthalmic Suspension [Econopred Plus]"},{"code":"363766","display":"prednisolone Ophthalmic Solution [Prednisol]"},{"code":"856820","display":"prednisolone / Sulfacetamide Ophthalmic Ointment [Blephamide]"},{"code":"731219","display":"prednisolone Ophthalmic Suspension [Omnipred]"},{"code":"891152","display":"Miconazole / Polymyxin B / prednisolone Otic Suspension [Surolan]"},{"code":"1870660","display":"Gentamicin / prednisolone Ophthalmic Ointment [Pred-G]"},{"code":"1870669","display":"Gentamicin / prednisolone Ophthalmic Suspension [Pred-G]"},{"code":"1011979","display":"prednisolone acetate 0.0025 MG/MG / Sulfacetamide Sodium 0.1                     MG/MG Ophthalmic Ointment"},{"code":"1011985","display":"prednisolone acetate 0.002 MG/MG / Sulfacetamide Sodium 0.1                     MG/MG Ophthalmic Ointment"},{"code":"1012015","display":"prednisolone acetate 2 MG/ML / Sulfacetamide Sodium 100                     MG/ML Ophthalmic Suspension"},{"code":"1012021","display":"Prednisolone sodium phosphate 2.5 MG/ML / Sulfacetamide                     Sodium 100 MG/ML Ophthalmic Solution"},{"code":"1012080","display":"prednisolone acetate 2.5 MG/ML / Sulfacetamide Sodium 100                     MG/ML Ophthalmic Suspension"},{"code":"1012150","display":"Prednisolone sodium phosphate 5 MG/ML / Sulfacetamide Sodium                     100 MG/ML Ophthalmic Solution"},{"code":"1547974","display":"Prednisolone sodium phosphate 5 MG/ML Ophthalmic Solution"},{"code":"106997","display":"prednisolone 3 MG/ML Ophthalmic Solution"},{"code":"314165","display":"prednisolone 10 MG/ML Ophthalmic Solution"},{"code":"106996","display":"prednisolone 1 MG/ML Ophthalmic Solution"},{"code":"311888","display":"Neomycin 3.5 MG/ML / Polymyxin B 10000 UNT/ML / prednisolone                     5 MG/ML Ophthalmic Suspension"},{"code":"345131","display":"prednisolone 1.25 MG/ML Ophthalmic Solution"},{"code":"562379","display":"prednisolone 1.2 MG/ML Ophthalmic Suspension"},{"code":"199968","display":"prednisolone 5 MG/ML Ophthalmic Suspension"},{"code":"106995","display":"prednisolone 0.3 MG/ML Ophthalmic Solution"},{"code":"392181","display":"prednisolone 25 MG/ML Ophthalmic Suspension"},{"code":"106992","display":"prednisolone 0.01 MG/ML Ophthalmic Solution"},{"code":"106993","display":"prednisolone 0.03 MG/ML Ophthalmic Solution"},{"code":"106994","display":"prednisolone 0.1 MG/ML Ophthalmic Solution"},{"code":"891149","display":"Miconazole Nitrate 23 MG/ML / Polymyxin B Sulfate 0.5293                     MG/ML / prednisolone acetate 5 MG/ML Otic Suspension"},{"code":"310469","display":"Gentamicin 3 MG/ML / prednisolone acetate 10 MG/ML                     Ophthalmic Suspension"},{"code":"1376336","display":"prednisolone acetate 10 MG/ML Ophthalmic Suspension"},{"code":"1549315","display":"prednisolone acetate 1.25 MG/ML Ophthalmic Suspension"},{"code":"310468","display":"Gentamicin 0.003 MG/MG / prednisolone acetate 0.006 MG/MG                     Ophthalmic Ointment"},{"code":"1012000","display":"prednisolone acetate 0.005 MG/MG / Sulfacetamide Sodium 0.1                     MG/MG Ophthalmic Ointment"},{"code":"373571","display":"prednisolone Ophthalmic Suspension"},{"code":"373576","display":"prednisolone Ophthalmic Solution"},{"code":"373972","display":"prednisolone / Sulfacetamide Ophthalmic Ointment"},{"code":"373973","display":"prednisolone / Sulfacetamide Ophthalmic Solution"},{"code":"373974","display":"prednisolone / Sulfacetamide Ophthalmic Suspension"},{"code":"374690","display":"Neomycin / Polymyxin B / prednisolone Ophthalmic Suspension"},{"code":"891148","display":"Miconazole / Polymyxin B / prednisolone Otic Suspension"},{"code":"1870656","display":"Gentamicin / prednisolone Ophthalmic Ointment"},{"code":"1870666","display":"Gentamicin / prednisolone Ophthalmic Suspension"},{"code":"1156760","display":"prednisolone Topical Product"},{"code":"1157539","display":"Neomycin / Polymyxin B / prednisolone Ophthalmic Product"},{"code":"1164102","display":"Miconazole / Polymyxin B / prednisolone Otic Product"},{"code":"1165752","display":"prednisolone / Sulfacetamide Ophthalmic Product"},{"code":"1165757","display":"prednisolone Ophthalmic Product"},{"code":"1870655","display":"Gentamicin / prednisolone Ophthalmic Product"},{"code":"1184898","display":"Surolan Otic Product"},{"code":"1171795","display":"Econopred Ophthalmic Product"},{"code":"1171796","display":"Econopred Plus Ophthalmic Product"},{"code":"1175059","display":"Blephamide Ophthalmic Product"},{"code":"1181709","display":"Omnipred Ophthalmic Product"},{"code":"1185239","display":"Pred Forte Ophthalmic Product"},{"code":"1185240","display":"Pred Mild Ophthalmic Product"},{"code":"1185260","display":"Prednisol Ophthalmic Product"},{"code":"1185241","display":"Pred-G Ophthalmic Product"}]}]}}