{"resourceType":"ValueSet","id":"valueset-desoxycorticosterone","text":{"status":"generated","div":"<div xmlns=\"http://www.w3.org/1999/xhtml\"><ul><li>Include these codes as defined in <a href=\"http://www.nlm.nih.gov/research/umls/rxnorm\"><code>http://www.nlm.nih.gov/research/umls/rxnorm</code></a><table class=\"none\"><tr><td style=\"white-space:nowrap\"><b>Code</b></td><td><b>Display</b></td></tr><tr><td>584593</td><td>Percorten V</td></tr><tr><td>1789685</td><td>Zycortal</td></tr><tr><td>3256</td><td>desoxycorticosterone</td></tr><tr><td>22537</td><td>desoxycorticosterone pivalate</td></tr><tr><td>258333</td><td>Desoxycorticosterone acetate</td></tr><tr><td>584596</td><td>desoxycorticosterone 25 MG/ML Injectable Suspension                     [Percorten V]</td></tr><tr><td>1789689</td><td>desoxycorticosterone pivalate 25 MG/ML Injectable Suspension [Zycortal]</td></tr><tr><td>584594</td><td>desoxycorticosterone 25 MG/ML [Percorten V]</td></tr><tr><td>1789686</td><td>desoxycorticosterone pivalate 25 MG/ML [Zycortal]</td></tr><tr><td>584595</td><td>desoxycorticosterone Injectable Suspension [Percorten V]</td></tr><tr><td>1789687</td><td>desoxycorticosterone Injectable Suspension [Zycortal]</td></tr><tr><td>309675</td><td>desoxycorticosterone 25 MG/ML Injectable Suspension</td></tr><tr><td>1789684</td><td>desoxycorticosterone pivalate 25 MG/ML Injectable Suspension</td></tr><tr><td>329676</td><td>desoxycorticosterone 25 MG/ML</td></tr><tr><td>1789683</td><td>desoxycorticosterone pivalate 25 MG/ML</td></tr><tr><td>371719</td><td>desoxycorticosterone Injectable Suspension</td></tr><tr><td>1152180</td><td>desoxycorticosterone Injectable Product</td></tr><tr><td>1789688</td><td>Zycortal Injectable Product</td></tr><tr><td>1185801</td><td>Percorten V Injectable Product</td></tr></table></li></ul></div>"},"url":"http://hl7.org/fhir/uv/pddi/ValueSet/valueset-desoxycorticosterone","version":"1.0.0-ballot","name":"Valueset_desoxycorticosterone","title":"Desoxycorticosterone Medications Value Set","status":"draft","experimental":true,"date":"2018-07-02","publisher":"HL7 Clinical Decision Support Workgroup","contact":[{"telecom":[{"system":"url","value":"http://hl7.org/Special/committees/dss"}]}],"description":"ValueSet containing drug identifiers for desoxycorticosterone.","jurisdiction":[{"coding":[{"system":"http://unstats.un.org/unsd/methods/m49/m49.htm","code":"001"}]}],"copyright":"(copyright expectations unknown)","compose":{"include":[{"system":"http://www.nlm.nih.gov/research/umls/rxnorm","concept":[{"code":"584593","display":"Percorten V"},{"code":"1789685","display":"Zycortal"},{"code":"3256","display":"desoxycorticosterone"},{"code":"22537","display":"desoxycorticosterone pivalate"},{"code":"258333","display":"Desoxycorticosterone acetate"},{"code":"584596","display":"desoxycorticosterone 25 MG/ML Injectable Suspension                     [Percorten V]"},{"code":"1789689","display":"desoxycorticosterone pivalate 25 MG/ML Injectable Suspension [Zycortal]"},{"code":"584594","display":"desoxycorticosterone 25 MG/ML [Percorten V]"},{"code":"1789686","display":"desoxycorticosterone pivalate 25 MG/ML [Zycortal]"},{"code":"584595","display":"desoxycorticosterone Injectable Suspension [Percorten V]"},{"code":"1789687","display":"desoxycorticosterone Injectable Suspension [Zycortal]"},{"code":"309675","display":"desoxycorticosterone 25 MG/ML Injectable Suspension"},{"code":"1789684","display":"desoxycorticosterone pivalate 25 MG/ML Injectable Suspension"},{"code":"329676","display":"desoxycorticosterone 25 MG/ML"},{"code":"1789683","display":"desoxycorticosterone pivalate 25 MG/ML"},{"code":"371719","display":"desoxycorticosterone Injectable Suspension"},{"code":"1152180","display":"desoxycorticosterone Injectable Product"},{"code":"1789688","display":"Zycortal Injectable Product"},{"code":"1185801","display":"Percorten V Injectable Product"}]}]}}