{"resourceType":"ValueSet","id":"valueset-ethacrynate","text":{"status":"generated","div":"<div xmlns=\"http://www.w3.org/1999/xhtml\"><ul><li>Include these codes as defined in <a href=\"http://www.nlm.nih.gov/research/umls/rxnorm\"><code>http://www.nlm.nih.gov/research/umls/rxnorm</code></a><table class=\"none\"><tr><td style=\"white-space:nowrap\"><b>Code</b></td><td><b>Display</b></td></tr><tr><td>151689</td><td>Edecrin</td></tr><tr><td>62349</td><td>Ethacrynate</td></tr><tr><td>4108</td><td>Ethacrynate Sodium</td></tr><tr><td>4109</td><td>Ethacrynic Acid</td></tr><tr><td>211509</td><td>Ethacrynate Sodium 50 MG Injection [Edecrin]</td></tr><tr><td>1251905</td><td>Ethacrynic Acid 25 MG Oral Tablet [Edecrin]</td></tr><tr><td>1729080</td><td>Ethacrynate Sodium 50 MG [Edecrin]</td></tr><tr><td>1251904</td><td>Ethacrynic Acid 25 MG [Edecrin]</td></tr><tr><td>619260</td><td>Ethacrynate Oral Tablet [Edecrin]</td></tr><tr><td>1729081</td><td>Ethacrynate Injection [Edecrin]</td></tr><tr><td>617325</td><td>Ethacrynate Sodium 50 MG Injection</td></tr><tr><td>1251903</td><td>Ethacrynic Acid 25 MG Oral Tablet</td></tr><tr><td>1251907</td><td>Ethacrynic Acid 50 MG Oral Tablet</td></tr><tr><td>1729077</td><td>Ethacrynate Sodium 50 MG</td></tr><tr><td>1251902</td><td>Ethacrynic Acid 25 MG</td></tr><tr><td>1251906</td><td>Ethacrynic Acid 50 MG</td></tr><tr><td>617327</td><td>Ethacrynate Oral Tablet</td></tr><tr><td>1729078</td><td>Ethacrynate Injection</td></tr><tr><td>1156815</td><td>Ethacrynate Injectable Product</td></tr><tr><td>1156816</td><td>Ethacrynate Oral Product</td></tr><tr><td>1156817</td><td>Ethacrynate Pill</td></tr><tr><td>1729082</td><td>Edecrin Injectable Product</td></tr><tr><td>1173193</td><td>Edecrin Oral Product</td></tr><tr><td>1173194</td><td>Edecrin Pill</td></tr></table></li></ul></div>"},"url":"http://hl7.org/fhir/uv/pddi/ValueSet/valueset-ethacrynate","version":"1.0.0-ballot","name":"Valueset_ethacrynate","title":"Ethacrynate Medications Value Set","status":"draft","experimental":true,"date":"2022-11-29","publisher":"HL7 Clinical Decision Support Workgroup","contact":[{"telecom":[{"system":"url","value":"http://hl7.org/Special/committees/dss"}]}],"description":"ValueSet containing drug identifiers for ethacrynate.","jurisdiction":[{"coding":[{"system":"http://unstats.un.org/unsd/methods/m49/m49.htm","code":"001"}]}],"copyright":"(copyright expectations unknown)","compose":{"include":[{"system":"http://www.nlm.nih.gov/research/umls/rxnorm","concept":[{"code":"151689","display":"Edecrin"},{"code":"62349","display":"Ethacrynate"},{"code":"4108","display":"Ethacrynate Sodium"},{"code":"4109","display":"Ethacrynic Acid"},{"code":"211509","display":"Ethacrynate Sodium 50 MG Injection [Edecrin]"},{"code":"1251905","display":"Ethacrynic Acid 25 MG Oral Tablet [Edecrin]"},{"code":"1729080","display":"Ethacrynate Sodium 50 MG [Edecrin]"},{"code":"1251904","display":"Ethacrynic Acid 25 MG [Edecrin]"},{"code":"619260","display":"Ethacrynate Oral Tablet [Edecrin]"},{"code":"1729081","display":"Ethacrynate Injection [Edecrin]"},{"code":"617325","display":"Ethacrynate Sodium 50 MG Injection"},{"code":"1251903","display":"Ethacrynic Acid 25 MG Oral Tablet"},{"code":"1251907","display":"Ethacrynic Acid 50 MG Oral Tablet"},{"code":"1729077","display":"Ethacrynate Sodium 50 MG"},{"code":"1251902","display":"Ethacrynic Acid 25 MG"},{"code":"1251906","display":"Ethacrynic Acid 50 MG"},{"code":"617327","display":"Ethacrynate Oral Tablet"},{"code":"1729078","display":"Ethacrynate Injection"},{"code":"1156815","display":"Ethacrynate Injectable Product"},{"code":"1156816","display":"Ethacrynate Oral Product"},{"code":"1156817","display":"Ethacrynate Pill"},{"code":"1729082","display":"Edecrin Injectable Product"},{"code":"1173193","display":"Edecrin Oral Product"},{"code":"1173194","display":"Edecrin Pill"}]}]}}