{"resourceType":"ValueSet","id":"valueset-meloxicam","text":{"status":"generated","div":"<div xmlns=\"http://www.w3.org/1999/xhtml\"><ul><li>Include these codes as defined in <a href=\"http://www.nlm.nih.gov/research/umls/rxnorm\"><code>http://www.nlm.nih.gov/research/umls/rxnorm</code></a><table class=\"none\"><tr><td style=\"white-space:nowrap\"><b>Code</b></td><td><b>Display</b></td></tr><tr><td>1086708</td><td>Metacam</td></tr><tr><td>152699</td><td>Mobic</td></tr><tr><td>1364057</td><td>Loxicom</td></tr><tr><td>1439977</td><td>Meloxidyl</td></tr><tr><td>1482670</td><td>Ostilox</td></tr><tr><td>1495051</td><td>Eloxiject</td></tr><tr><td>1722350</td><td>Vivlodex</td></tr><tr><td>1788847</td><td>EloxiOral</td></tr><tr><td>41493</td><td>meloxicam</td></tr><tr><td>1086711</td><td>meloxicam 5 MG/ML Injectable Solution [Metacam]</td></tr><tr><td>1091879</td><td>meloxicam 0.5 MG/ML Oral Suspension [Metacam]</td></tr><tr><td>1092195</td><td>meloxicam 1.5 MG/ML Oral Suspension [Metacam]</td></tr><tr><td>152697</td><td>meloxicam 7.5 MG Oral Tablet [Mobic]</td></tr><tr><td>152698</td><td>meloxicam 15 MG Oral Tablet [Mobic]</td></tr><tr><td>603844</td><td>meloxicam 1.5 MG/ML Oral Suspension [Mobic]</td></tr><tr><td>1364061</td><td>meloxicam 5 MG/ML Injectable Solution [Loxicom]</td></tr><tr><td>1648919</td><td>meloxicam 1.5 MG/ML Oral Suspension [Loxicom]</td></tr><tr><td>1439982</td><td>meloxicam 1.5 MG/ML Oral Suspension [Meloxidyl]</td></tr><tr><td>1482674</td><td>meloxicam 5 MG/ML Injectable Solution [Ostilox]</td></tr><tr><td>1649014</td><td>meloxicam 1.5 MG/ML Oral Suspension [Ostilox]</td></tr><tr><td>1495055</td><td>meloxicam 5 MG/ML Injectable Solution [Eloxiject]</td></tr><tr><td>1722355</td><td>meloxicam 5 MG Oral Capsule [Vivlodex]</td></tr><tr><td>1722359</td><td>meloxicam 10 MG Oral Capsule [Vivlodex]</td></tr><tr><td>1788852</td><td>meloxicam 1.5 MG/ML Oral Suspension [EloxiOral]</td></tr><tr><td>1086709</td><td>meloxicam 5 MG/ML [Metacam]</td></tr><tr><td>1091877</td><td>meloxicam 0.5 MG/ML [Metacam]</td></tr><tr><td>1092194</td><td>meloxicam 1.5 MG/ML [Metacam]</td></tr><tr><td>565024</td><td>meloxicam 15 MG [Mobic]</td></tr><tr><td>565025</td><td>meloxicam 7.5 MG [Mobic]</td></tr><tr><td>603842</td><td>meloxicam 1.5 MG/ML [Mobic]</td></tr><tr><td>1364058</td><td>meloxicam 5 MG/ML [Loxicom]</td></tr><tr><td>1648915</td><td>meloxicam 1.5 MG/ML [Loxicom]</td></tr><tr><td>1439978</td><td>meloxicam 1.5 MG/ML [Meloxidyl]</td></tr><tr><td>1482671</td><td>meloxicam 5 MG/ML [Ostilox]</td></tr><tr><td>1649010</td><td>meloxicam 1.5 MG/ML [Ostilox]</td></tr><tr><td>1495052</td><td>meloxicam 5 MG/ML [Eloxiject]</td></tr><tr><td>1722351</td><td>meloxicam 5 MG [Vivlodex]</td></tr><tr><td>1722358</td><td>meloxicam 10 MG [Vivlodex]</td></tr><tr><td>1788848</td><td>meloxicam 1.5 MG/ML [EloxiOral]</td></tr><tr><td>1091878</td><td>meloxicam Oral Suspension [Metacam]</td></tr><tr><td>1086710</td><td>meloxicam Injectable Solution [Metacam]</td></tr><tr><td>368154</td><td>meloxicam Oral Tablet [Mobic]</td></tr><tr><td>603843</td><td>meloxicam Oral Suspension [Mobic]</td></tr><tr><td>1364059</td><td>meloxicam Injectable Solution [Loxicom]</td></tr><tr><td>1439979</td><td>meloxicam Oral Suspension [Meloxidyl]</td></tr><tr><td>1482672</td><td>meloxicam Injectable Solution [Ostilox]</td></tr><tr><td>1495053</td><td>meloxicam Injectable Solution [Eloxiject]</td></tr><tr><td>1648916</td><td>meloxicam Oral Suspension [Loxicom]</td></tr><tr><td>1649011</td><td>meloxicam Oral Suspension [Ostilox]</td></tr><tr><td>1722352</td><td>meloxicam Oral Capsule [Vivlodex]</td></tr><tr><td>1788849</td><td>meloxicam Oral Suspension [EloxiOral]</td></tr><tr><td>1086707</td><td>meloxicam 5 MG/ML Injectable Solution</td></tr><tr><td>1091876</td><td>meloxicam 0.5 MG/ML Oral Suspension</td></tr><tr><td>226923</td><td>meloxicam 7.5 MG Rectal Suppository</td></tr><tr><td>311486</td><td>meloxicam 7.5 MG Oral Tablet</td></tr><tr><td>152694</td><td>meloxicam 15 MG Rectal Suppository</td></tr><tr><td>152695</td><td>meloxicam 15 MG Oral Tablet</td></tr><tr><td>597406</td><td>meloxicam 1.5 MG/ML Oral Suspension</td></tr><tr><td>1722349</td><td>meloxicam 5 MG Oral Capsule</td></tr><tr><td>1722357</td><td>meloxicam 10 MG Oral Capsule</td></tr><tr><td>1086706</td><td>meloxicam 5 MG/ML</td></tr><tr><td>1091875</td><td>meloxicam 0.5 MG/ML</td></tr><tr><td>323968</td><td>meloxicam 7.5 MG</td></tr><tr><td>332451</td><td>meloxicam 15 MG</td></tr><tr><td>597404</td><td>meloxicam 1.5 MG/ML</td></tr><tr><td>1722348</td><td>meloxicam 5 MG</td></tr><tr><td>1722356</td><td>meloxicam 10 MG</td></tr><tr><td>372752</td><td>meloxicam Injectable Solution</td></tr><tr><td>372753</td><td>meloxicam Rectal Suppository</td></tr><tr><td>372754</td><td>meloxicam Oral Tablet</td></tr><tr><td>446251</td><td>meloxicam Oral Capsule</td></tr><tr><td>597405</td><td>meloxicam Oral Suspension</td></tr><tr><td>1165106</td><td>meloxicam Injectable Product</td></tr><tr><td>1165107</td><td>meloxicam Oral Liquid Product</td></tr><tr><td>1165678</td><td>meloxicam Oral Product</td></tr><tr><td>1165679</td><td>meloxicam Pill</td></tr><tr><td>1165680</td><td>meloxicam Rectal Product</td></tr><tr><td>1364060</td><td>Loxicom Injectable Product</td></tr><tr><td>1439980</td><td>Meloxidyl Oral Liquid Product</td></tr><tr><td>1482673</td><td>Ostilox Injectable Product</td></tr><tr><td>1495054</td><td>Eloxiject Injectable Product</td></tr><tr><td>1648917</td><td>Loxicom Oral Liquid Product</td></tr><tr><td>1649012</td><td>Ostilox Oral Liquid Product</td></tr><tr><td>1788850</td><td>EloxiOral Oral Liquid Product</td></tr><tr><td>1181061</td><td>Mobic Oral Liquid Product</td></tr><tr><td>1185044</td><td>Metacam Injectable Product</td></tr><tr><td>1185045</td><td>Metacam Oral Liquid Product</td></tr><tr><td>1439981</td><td>Meloxidyl Oral Product</td></tr><tr><td>1648918</td><td>Loxicom Oral Product</td></tr><tr><td>1649013</td><td>Ostilox Oral Product</td></tr><tr><td>1722353</td><td>Vivlodex Oral Product</td></tr><tr><td>1722354</td><td>Vivlodex Pill</td></tr><tr><td>1788851</td><td>EloxiOral Oral Product</td></tr><tr><td>1181062</td><td>Mobic Oral Product</td></tr><tr><td>1181063</td><td>Mobic Pill</td></tr><tr><td>1185046</td><td>Metacam Oral Product</td></tr></table></li></ul></div>"},"url":"http://hl7.org/fhir/uv/pddi/ValueSet/valueset-meloxicam","version":"1.0.0-ballot","name":"Valueset_meloxicam","title":"Meloxicam Medications Value Set","status":"draft","experimental":true,"date":"2018-07-02","publisher":"HL7 Clinical Decision Support Workgroup","contact":[{"telecom":[{"system":"url","value":"http://hl7.org/Special/committees/dss"}]}],"description":"ValueSet containing drug identifiers for meloxicam.","jurisdiction":[{"coding":[{"system":"http://unstats.un.org/unsd/methods/m49/m49.htm","code":"001"}]}],"copyright":"(copyright expectations unknown)","compose":{"include":[{"system":"http://www.nlm.nih.gov/research/umls/rxnorm","concept":[{"code":"1086708","display":"Metacam"},{"code":"152699","display":"Mobic"},{"code":"1364057","display":"Loxicom"},{"code":"1439977","display":"Meloxidyl"},{"code":"1482670","display":"Ostilox"},{"code":"1495051","display":"Eloxiject"},{"code":"1722350","display":"Vivlodex"},{"code":"1788847","display":"EloxiOral"},{"code":"41493","display":"meloxicam"},{"code":"1086711","display":"meloxicam 5 MG/ML Injectable Solution [Metacam]"},{"code":"1091879","display":"meloxicam 0.5 MG/ML Oral Suspension [Metacam]"},{"code":"1092195","display":"meloxicam 1.5 MG/ML Oral Suspension [Metacam]"},{"code":"152697","display":"meloxicam 7.5 MG Oral Tablet [Mobic]"},{"code":"152698","display":"meloxicam 15 MG Oral Tablet [Mobic]"},{"code":"603844","display":"meloxicam 1.5 MG/ML Oral Suspension [Mobic]"},{"code":"1364061","display":"meloxicam 5 MG/ML Injectable Solution [Loxicom]"},{"code":"1648919","display":"meloxicam 1.5 MG/ML Oral Suspension [Loxicom]"},{"code":"1439982","display":"meloxicam 1.5 MG/ML Oral Suspension [Meloxidyl]"},{"code":"1482674","display":"meloxicam 5 MG/ML Injectable Solution [Ostilox]"},{"code":"1649014","display":"meloxicam 1.5 MG/ML Oral Suspension [Ostilox]"},{"code":"1495055","display":"meloxicam 5 MG/ML Injectable Solution [Eloxiject]"},{"code":"1722355","display":"meloxicam 5 MG Oral Capsule [Vivlodex]"},{"code":"1722359","display":"meloxicam 10 MG Oral Capsule [Vivlodex]"},{"code":"1788852","display":"meloxicam 1.5 MG/ML Oral Suspension [EloxiOral]"},{"code":"1086709","display":"meloxicam 5 MG/ML [Metacam]"},{"code":"1091877","display":"meloxicam 0.5 MG/ML [Metacam]"},{"code":"1092194","display":"meloxicam 1.5 MG/ML [Metacam]"},{"code":"565024","display":"meloxicam 15 MG [Mobic]"},{"code":"565025","display":"meloxicam 7.5 MG [Mobic]"},{"code":"603842","display":"meloxicam 1.5 MG/ML [Mobic]"},{"code":"1364058","display":"meloxicam 5 MG/ML [Loxicom]"},{"code":"1648915","display":"meloxicam 1.5 MG/ML [Loxicom]"},{"code":"1439978","display":"meloxicam 1.5 MG/ML [Meloxidyl]"},{"code":"1482671","display":"meloxicam 5 MG/ML [Ostilox]"},{"code":"1649010","display":"meloxicam 1.5 MG/ML [Ostilox]"},{"code":"1495052","display":"meloxicam 5 MG/ML [Eloxiject]"},{"code":"1722351","display":"meloxicam 5 MG [Vivlodex]"},{"code":"1722358","display":"meloxicam 10 MG [Vivlodex]"},{"code":"1788848","display":"meloxicam 1.5 MG/ML [EloxiOral]"},{"code":"1091878","display":"meloxicam Oral Suspension [Metacam]"},{"code":"1086710","display":"meloxicam Injectable Solution [Metacam]"},{"code":"368154","display":"meloxicam Oral Tablet [Mobic]"},{"code":"603843","display":"meloxicam Oral Suspension [Mobic]"},{"code":"1364059","display":"meloxicam Injectable Solution [Loxicom]"},{"code":"1439979","display":"meloxicam Oral Suspension [Meloxidyl]"},{"code":"1482672","display":"meloxicam Injectable Solution [Ostilox]"},{"code":"1495053","display":"meloxicam Injectable Solution [Eloxiject]"},{"code":"1648916","display":"meloxicam Oral Suspension [Loxicom]"},{"code":"1649011","display":"meloxicam Oral Suspension [Ostilox]"},{"code":"1722352","display":"meloxicam Oral Capsule [Vivlodex]"},{"code":"1788849","display":"meloxicam Oral Suspension [EloxiOral]"},{"code":"1086707","display":"meloxicam 5 MG/ML Injectable Solution"},{"code":"1091876","display":"meloxicam 0.5 MG/ML Oral Suspension"},{"code":"226923","display":"meloxicam 7.5 MG Rectal Suppository"},{"code":"311486","display":"meloxicam 7.5 MG Oral Tablet"},{"code":"152694","display":"meloxicam 15 MG Rectal Suppository"},{"code":"152695","display":"meloxicam 15 MG Oral Tablet"},{"code":"597406","display":"meloxicam 1.5 MG/ML Oral Suspension"},{"code":"1722349","display":"meloxicam 5 MG Oral Capsule"},{"code":"1722357","display":"meloxicam 10 MG Oral Capsule"},{"code":"1086706","display":"meloxicam 5 MG/ML"},{"code":"1091875","display":"meloxicam 0.5 MG/ML"},{"code":"323968","display":"meloxicam 7.5 MG"},{"code":"332451","display":"meloxicam 15 MG"},{"code":"597404","display":"meloxicam 1.5 MG/ML"},{"code":"1722348","display":"meloxicam 5 MG"},{"code":"1722356","display":"meloxicam 10 MG"},{"code":"372752","display":"meloxicam Injectable Solution"},{"code":"372753","display":"meloxicam Rectal Suppository"},{"code":"372754","display":"meloxicam Oral Tablet"},{"code":"446251","display":"meloxicam Oral Capsule"},{"code":"597405","display":"meloxicam Oral Suspension"},{"code":"1165106","display":"meloxicam Injectable Product"},{"code":"1165107","display":"meloxicam Oral Liquid Product"},{"code":"1165678","display":"meloxicam Oral Product"},{"code":"1165679","display":"meloxicam Pill"},{"code":"1165680","display":"meloxicam Rectal Product"},{"code":"1364060","display":"Loxicom Injectable Product"},{"code":"1439980","display":"Meloxidyl Oral Liquid Product"},{"code":"1482673","display":"Ostilox Injectable Product"},{"code":"1495054","display":"Eloxiject Injectable Product"},{"code":"1648917","display":"Loxicom Oral Liquid Product"},{"code":"1649012","display":"Ostilox Oral Liquid Product"},{"code":"1788850","display":"EloxiOral Oral Liquid Product"},{"code":"1181061","display":"Mobic Oral Liquid Product"},{"code":"1185044","display":"Metacam Injectable Product"},{"code":"1185045","display":"Metacam Oral Liquid Product"},{"code":"1439981","display":"Meloxidyl Oral Product"},{"code":"1648918","display":"Loxicom Oral Product"},{"code":"1649013","display":"Ostilox Oral Product"},{"code":"1722353","display":"Vivlodex Oral Product"},{"code":"1722354","display":"Vivlodex Pill"},{"code":"1788851","display":"EloxiOral Oral Product"},{"code":"1181062","display":"Mobic Oral Product"},{"code":"1181063","display":"Mobic Pill"},{"code":"1185046","display":"Metacam Oral Product"}]}]}}