{"resourceType":"ValueSet","id":"valueset-nepafenac","text":{"status":"generated","div":"<div xmlns=\"http://www.w3.org/1999/xhtml\"><ul><li>Include these codes as defined in <a href=\"http://www.nlm.nih.gov/research/umls/rxnorm\"><code>http://www.nlm.nih.gov/research/umls/rxnorm</code></a><table class=\"none\"><tr><td style=\"white-space:nowrap\"><b>Code</b></td><td><b>Display</b></td></tr><tr><td>613876</td><td>Nevanac</td></tr><tr><td>1365862</td><td>Ilevro</td></tr><tr><td>298665</td><td>nepafenac</td></tr><tr><td>603978</td><td>nepafenac 1 MG/ML Ophthalmic Suspension [Nevanac]</td></tr><tr><td>1365866</td><td>nepafenac 3 MG/ML Ophthalmic Suspension [Ilevro]</td></tr><tr><td>603976</td><td>nepafenac 1 MG/ML [Nevanac]</td></tr><tr><td>1365863</td><td>nepafenac 3 MG/ML [Ilevro]</td></tr><tr><td>603977</td><td>nepafenac Ophthalmic Suspension [Nevanac]</td></tr><tr><td>1365864</td><td>nepafenac Ophthalmic Suspension [Ilevro]</td></tr><tr><td>578044</td><td>nepafenac 1 MG/ML Ophthalmic Suspension</td></tr><tr><td>1362132</td><td>nepafenac 3 MG/ML Ophthalmic Suspension</td></tr><tr><td>578042</td><td>nepafenac 1 MG/ML</td></tr><tr><td>1362131</td><td>nepafenac 3 MG/ML</td></tr><tr><td>578043</td><td>nepafenac Ophthalmic Suspension</td></tr><tr><td>1158407</td><td>nepafenac Ophthalmic Product</td></tr><tr><td>1365865</td><td>Ilevro Ophthalmic Product</td></tr><tr><td>1182860</td><td>Nevanac Ophthalmic Product</td></tr></table></li></ul></div>"},"url":"http://hl7.org/fhir/uv/pddi/ValueSet/valueset-nepafenac","version":"1.0.0-ballot","name":"Valueset_nepafenac","title":"Nepafenac Medications Value Set","status":"draft","experimental":true,"date":"2018-07-02","publisher":"HL7 Clinical Decision Support Workgroup","contact":[{"telecom":[{"system":"url","value":"http://hl7.org/Special/committees/dss"}]}],"description":"ValueSet containing drug identifiers for nepafenac.","jurisdiction":[{"coding":[{"system":"http://unstats.un.org/unsd/methods/m49/m49.htm","code":"001"}]}],"copyright":"(copyright expectations unknown)","compose":{"include":[{"system":"http://www.nlm.nih.gov/research/umls/rxnorm","concept":[{"code":"613876","display":"Nevanac"},{"code":"1365862","display":"Ilevro"},{"code":"298665","display":"nepafenac"},{"code":"603978","display":"nepafenac 1 MG/ML Ophthalmic Suspension [Nevanac]"},{"code":"1365866","display":"nepafenac 3 MG/ML Ophthalmic Suspension [Ilevro]"},{"code":"603976","display":"nepafenac 1 MG/ML [Nevanac]"},{"code":"1365863","display":"nepafenac 3 MG/ML [Ilevro]"},{"code":"603977","display":"nepafenac Ophthalmic Suspension [Nevanac]"},{"code":"1365864","display":"nepafenac Ophthalmic Suspension [Ilevro]"},{"code":"578044","display":"nepafenac 1 MG/ML Ophthalmic Suspension"},{"code":"1362132","display":"nepafenac 3 MG/ML Ophthalmic Suspension"},{"code":"578042","display":"nepafenac 1 MG/ML"},{"code":"1362131","display":"nepafenac 3 MG/ML"},{"code":"578043","display":"nepafenac Ophthalmic Suspension"},{"code":"1158407","display":"nepafenac Ophthalmic Product"},{"code":"1365865","display":"Ilevro Ophthalmic Product"},{"code":"1182860","display":"Nevanac Ophthalmic Product"}]}]}}