{"resourceType":"ValueSet","id":"valueset-mefenamate","text":{"status":"generated","div":"<div xmlns=\"http://www.w3.org/1999/xhtml\"><ul><li>Include these codes as defined in <a href=\"http://www.nlm.nih.gov/research/umls/rxnorm\"><code>http://www.nlm.nih.gov/research/umls/rxnorm</code></a><table class=\"none\"><tr><td style=\"white-space:nowrap\"><b>Code</b></td><td><b>Display</b></td></tr><tr><td>202494</td><td>Ponstel</td></tr><tr><td>257844</td><td>Mefenamate</td></tr><tr><td>6693</td><td>Mefenamic Acid</td></tr><tr><td>829502</td><td>Mefenamic Acid 250 MG Oral Capsule [Ponstel]</td></tr><tr><td>829501</td><td>Mefenamic Acid 250 MG [Ponstel]</td></tr><tr><td>632274</td><td>Mefenamate Oral Capsule [Ponstel]</td></tr><tr><td>829500</td><td>Mefenamic Acid 250 MG Oral Capsule</td></tr><tr><td>829613</td><td>Mefenamic Acid 500 MG Oral Tablet</td></tr><tr><td>829499</td><td>Mefenamic Acid 250 MG</td></tr><tr><td>829612</td><td>Mefenamic Acid 500 MG</td></tr><tr><td>618249</td><td>Mefenamate Oral Tablet</td></tr><tr><td>618388</td><td>Mefenamate Oral Capsule</td></tr><tr><td>1159197</td><td>Mefenamate Oral Product</td></tr><tr><td>1159198</td><td>Mefenamate Pill</td></tr><tr><td>1184067</td><td>Ponstel Oral Product</td></tr><tr><td>1184068</td><td>Ponstel Pill</td></tr></table></li></ul></div>"},"url":"http://hl7.org/fhir/uv/pddi/ValueSet/valueset-mefenamate","version":"1.0.0-ballot","name":"Valueset_mefenamate","title":"Mefenamate Medications Value Set","status":"draft","experimental":true,"date":"2018-07-02","publisher":"HL7 Clinical Decision Support Workgroup","contact":[{"telecom":[{"system":"url","value":"http://hl7.org/Special/committees/dss"}]}],"description":"ValueSet containing drug identifiers for mefenamate.","jurisdiction":[{"coding":[{"system":"http://unstats.un.org/unsd/methods/m49/m49.htm","code":"001"}]}],"copyright":"(copyright expectations unknown)","compose":{"include":[{"system":"http://www.nlm.nih.gov/research/umls/rxnorm","concept":[{"code":"202494","display":"Ponstel"},{"code":"257844","display":"Mefenamate"},{"code":"6693","display":"Mefenamic Acid"},{"code":"829502","display":"Mefenamic Acid 250 MG Oral Capsule [Ponstel]"},{"code":"829501","display":"Mefenamic Acid 250 MG [Ponstel]"},{"code":"632274","display":"Mefenamate Oral Capsule [Ponstel]"},{"code":"829500","display":"Mefenamic Acid 250 MG Oral Capsule"},{"code":"829613","display":"Mefenamic Acid 500 MG Oral Tablet"},{"code":"829499","display":"Mefenamic Acid 250 MG"},{"code":"829612","display":"Mefenamic Acid 500 MG"},{"code":"618249","display":"Mefenamate Oral Tablet"},{"code":"618388","display":"Mefenamate Oral Capsule"},{"code":"1159197","display":"Mefenamate Oral Product"},{"code":"1159198","display":"Mefenamate Pill"},{"code":"1184067","display":"Ponstel Oral Product"},{"code":"1184068","display":"Ponstel Pill"}]}]}}