{"resourceType":"ValueSet","id":"valueset-furosemide","text":{"status":"generated","div":"<div xmlns=\"http://www.w3.org/1999/xhtml\"><ul><li>Include these codes as defined in <a href=\"http://www.nlm.nih.gov/research/umls/rxnorm\"><code>http://www.nlm.nih.gov/research/umls/rxnorm</code></a><table class=\"none\"><tr><td style=\"white-space:nowrap\"><b>Code</b></td><td><b>Display</b></td></tr><tr><td>1112198</td><td>Disal</td></tr><tr><td>202991</td><td>Lasix</td></tr><tr><td>545038</td><td>Salix - substance</td></tr><tr><td>1488532</td><td>Furoquid</td></tr><tr><td>4603</td><td>Furosemide</td></tr><tr><td>1008347</td><td>Furosemide / Penbutolol</td></tr><tr><td>1009094</td><td>Amiloride / Furosemide / Indapamide</td></tr><tr><td>392462</td><td>Furosemide / Spironolactone</td></tr><tr><td>392464</td><td>Furosemide / Potassium</td></tr><tr><td>392570</td><td>Furosemide / Triamterene</td></tr><tr><td>608054</td><td>Furosemide / Potassium Chloride</td></tr><tr><td>818351</td><td>Amiloride / Furosemide</td></tr><tr><td>1112201</td><td>Furosemide 50 MG/ML Injectable Solution [Disal]</td></tr><tr><td>1546054</td><td>Furosemide 12.5 MG Oral Tablet [Disal]</td></tr><tr><td>1546056</td><td>Furosemide 50 MG Oral Tablet [Disal]</td></tr><tr><td>200801</td><td>Furosemide 20 MG Oral Tablet [Lasix]</td></tr><tr><td>200809</td><td>Furosemide 40 MG Oral Tablet [Lasix]</td></tr><tr><td>205732</td><td>Furosemide 80 MG Oral Tablet [Lasix]</td></tr><tr><td>545041</td><td>Furosemide 50 MG/ML Injectable Solution [Salix - substance]</td></tr><tr><td>630035</td><td>Furosemide 12.5 MG Oral Tablet [Salix - substance]</td></tr><tr><td>645036</td><td>Furosemide 50 MG Oral Tablet [Salix - substance]</td></tr><tr><td>1488537</td><td>Furosemide 10 MG/ML Oral Solution [Furoquid]</td></tr><tr><td>1112199</td><td>Furosemide 50 MG/ML [Disal]</td></tr><tr><td>1546050</td><td>Furosemide 12.5 MG [Disal]</td></tr><tr><td>1546055</td><td>Furosemide 50 MG [Disal]</td></tr><tr><td>565450</td><td>Furosemide 20 MG [Lasix]</td></tr><tr><td>565458</td><td>Furosemide 40 MG [Lasix]</td></tr><tr><td>566621</td><td>Furosemide 80 MG [Lasix]</td></tr><tr><td>545039</td><td>Furosemide 50 MG/ML [Salix - substance]</td></tr><tr><td>630033</td><td>Furosemide 12.5 MG [Salix - substance]</td></tr><tr><td>645035</td><td>Furosemide 50 MG [Salix - substance]</td></tr><tr><td>1488533</td><td>Furosemide 10 MG/ML [Furoquid]</td></tr><tr><td>1112200</td><td>Furosemide Injectable Solution [Disal]</td></tr><tr><td>368487</td><td>Furosemide Oral Tablet [Lasix]</td></tr><tr><td>630034</td><td>Furosemide Oral Tablet [Salix - substance]</td></tr><tr><td>545040</td><td>Furosemide Injectable Solution [Salix - substance]</td></tr><tr><td>1488534</td><td>Furosemide Oral Solution [Furoquid]</td></tr><tr><td>1546051</td><td>Furosemide Oral Tablet [Disal]</td></tr><tr><td>104265</td><td>Furosemide 40 MG / Potassium 8 MMOL Extended Release Oral Tablet</td></tr><tr><td>104266</td><td>Furosemide 20 MG / Potassium 10 MMOL Extended Release Oral Tablet</td></tr><tr><td>197731</td><td>Furosemide 8 MG/ML Oral Solution</td></tr><tr><td>246399</td><td>Furosemide 20 MG / Spironolactone 50 MG Oral Capsule</td></tr><tr><td>250708</td><td>Furosemide 40 MG / Triamterene 50 MG Oral Tablet</td></tr><tr><td>310429</td><td>Furosemide 20 MG Oral Tablet</td></tr><tr><td>313988</td><td>Furosemide 40 MG Oral Tablet</td></tr><tr><td>977945</td><td>Amiloride Hydrochloride 2.5 MG / Furosemide 20 MG Oral Tablet</td></tr><tr><td>977959</td><td>Amiloride Hydrochloride 5 MG / Furosemide 40 MG Oral Tablet</td></tr><tr><td>197730</td><td>Furosemide 10 MG/ML Oral Solution</td></tr><tr><td>197732</td><td>Furosemide 80 MG Oral Tablet</td></tr><tr><td>727574</td><td>10 ML Furosemide 10 MG/ML Prefilled Syringe</td></tr><tr><td>727575</td><td>4 ML Furosemide 10 MG/ML Prefilled Syringe</td></tr><tr><td>727845</td><td>8 ML Furosemide 10 MG/ML Prefilled Syringe</td></tr><tr><td>977890</td><td>Amiloride Hydrochloride 10 MG / Furosemide 80 MG Oral Tablet</td></tr><tr><td>1719286</td><td>10 ML Furosemide 10 MG/ML Injection</td></tr><tr><td>1719290</td><td>2 ML Furosemide 10 MG/ML Injection</td></tr><tr><td>1719291</td><td>4 ML Furosemide 10 MG/ML Injection</td></tr><tr><td>199610</td><td>Furosemide 500 MG Oral Tablet</td></tr><tr><td>248657</td><td>Furosemide 50 MG Oral Tablet</td></tr><tr><td>251308</td><td>Furosemide 1 MG/ML Oral Solution</td></tr><tr><td>104220</td><td>Furosemide 4 MG/ML Oral Solution</td></tr><tr><td>204154</td><td>Furosemide 50 MG/ML Injectable Solution</td></tr><tr><td>630032</td><td>Furosemide 12.5 MG Oral Tablet</td></tr><tr><td>252484</td><td>Furosemide 20 MG/ML Injectable Solution</td></tr><tr><td>315970</td><td>Furosemide 20 MG</td></tr><tr><td>315971</td><td>Furosemide 40 MG</td></tr><tr><td>315972</td><td>Furosemide 8 MG/ML</td></tr><tr><td>317376</td><td>Furosemide 10 MG/ML</td></tr><tr><td>317377</td><td>Furosemide 80 MG</td></tr><tr><td>331965</td><td>Furosemide 500 MG</td></tr><tr><td>334835</td><td>Furosemide 50 MG</td></tr><tr><td>336694</td><td>Furosemide 1 MG/ML</td></tr><tr><td>360516</td><td>Furosemide 4 MG/ML</td></tr><tr><td>361776</td><td>Furosemide 50 MG/ML</td></tr><tr><td>630031</td><td>Furosemide 12.5 MG</td></tr><tr><td>331966</td><td>Furosemide 20 MG/ML</td></tr><tr><td>370847</td><td>Amiloride / Furosemide Oral Tablet</td></tr><tr><td>372280</td><td>Furosemide Oral Solution</td></tr><tr><td>372281</td><td>Furosemide Oral Tablet</td></tr><tr><td>373944</td><td>Furosemide / Spironolactone Oral Capsule</td></tr><tr><td>374196</td><td>Furosemide / Triamterene Oral Tablet</td></tr><tr><td>385504</td><td>Furosemide / Potassium Extended Release Oral Tablet</td></tr><tr><td>727573</td><td>Furosemide Prefilled Syringe</td></tr><tr><td>95600</td><td>Furosemide Injectable Solution</td></tr><tr><td>1719285</td><td>Furosemide Injection</td></tr><tr><td>1151600</td><td>Amiloride / Furosemide Oral Product</td></tr><tr><td>1151601</td><td>Amiloride / Furosemide Pill</td></tr><tr><td>1162706</td><td>Furosemide / Potassium Oral Product</td></tr><tr><td>1162707</td><td>Furosemide / Potassium Pill</td></tr><tr><td>1162708</td><td>Furosemide / Spironolactone Oral Product</td></tr><tr><td>1162709</td><td>Furosemide / Spironolactone Pill</td></tr><tr><td>1162710</td><td>Furosemide / Triamterene Oral Product</td></tr><tr><td>1162711</td><td>Furosemide / Triamterene Pill</td></tr><tr><td>1162712</td><td>Furosemide Injectable Product</td></tr><tr><td>1162713</td><td>Furosemide Oral Liquid Product</td></tr><tr><td>1162714</td><td>Furosemide Oral Product</td></tr><tr><td>1162715</td><td>Furosemide Pill</td></tr><tr><td>1488535</td><td>Furoquid Oral Liquid Product</td></tr><tr><td>1488536</td><td>Furoquid Oral Product</td></tr><tr><td>1546052</td><td>Disal Oral Product</td></tr><tr><td>1546053</td><td>Disal Pill</td></tr><tr><td>1172485</td><td>Disal Injectable Product</td></tr><tr><td>1175647</td><td>Lasix Oral Product</td></tr><tr><td>1175648</td><td>Lasix Pill</td></tr><tr><td>1185373</td><td>Salix - substance Injectable Product</td></tr><tr><td>1185374</td><td>Salix - substance Oral Product</td></tr><tr><td>1185375</td><td>Salix - substance Pill</td></tr></table></li></ul></div>"},"url":"http://hl7.org/fhir/uv/pddi/ValueSet/valueset-furosemide","version":"1.0.0-ballot","name":"Valueset_furosemide","title":"Furosemide Medications Value Set","status":"draft","experimental":true,"date":"2022-11-29","publisher":"HL7 Clinical Decision Support Workgroup","contact":[{"telecom":[{"system":"url","value":"http://hl7.org/Special/committees/dss"}]}],"description":"ValueSet containing drug identifiers for furosemide.","jurisdiction":[{"coding":[{"system":"http://unstats.un.org/unsd/methods/m49/m49.htm","code":"001"}]}],"copyright":"(copyright expectations unknown)","compose":{"include":[{"system":"http://www.nlm.nih.gov/research/umls/rxnorm","concept":[{"code":"1112198","display":"Disal"},{"code":"202991","display":"Lasix"},{"code":"545038","display":"Salix - substance"},{"code":"1488532","display":"Furoquid"},{"code":"4603","display":"Furosemide"},{"code":"1008347","display":"Furosemide / Penbutolol"},{"code":"1009094","display":"Amiloride / Furosemide / Indapamide"},{"code":"392462","display":"Furosemide / Spironolactone"},{"code":"392464","display":"Furosemide / Potassium"},{"code":"392570","display":"Furosemide / Triamterene"},{"code":"608054","display":"Furosemide / Potassium Chloride"},{"code":"818351","display":"Amiloride / Furosemide"},{"code":"1112201","display":"Furosemide 50 MG/ML Injectable Solution [Disal]"},{"code":"1546054","display":"Furosemide 12.5 MG Oral Tablet [Disal]"},{"code":"1546056","display":"Furosemide 50 MG Oral Tablet [Disal]"},{"code":"200801","display":"Furosemide 20 MG Oral Tablet [Lasix]"},{"code":"200809","display":"Furosemide 40 MG Oral Tablet [Lasix]"},{"code":"205732","display":"Furosemide 80 MG Oral Tablet [Lasix]"},{"code":"545041","display":"Furosemide 50 MG/ML Injectable Solution [Salix - substance]"},{"code":"630035","display":"Furosemide 12.5 MG Oral Tablet [Salix - substance]"},{"code":"645036","display":"Furosemide 50 MG Oral Tablet [Salix - substance]"},{"code":"1488537","display":"Furosemide 10 MG/ML Oral Solution [Furoquid]"},{"code":"1112199","display":"Furosemide 50 MG/ML [Disal]"},{"code":"1546050","display":"Furosemide 12.5 MG [Disal]"},{"code":"1546055","display":"Furosemide 50 MG [Disal]"},{"code":"565450","display":"Furosemide 20 MG [Lasix]"},{"code":"565458","display":"Furosemide 40 MG [Lasix]"},{"code":"566621","display":"Furosemide 80 MG [Lasix]"},{"code":"545039","display":"Furosemide 50 MG/ML [Salix - substance]"},{"code":"630033","display":"Furosemide 12.5 MG [Salix - substance]"},{"code":"645035","display":"Furosemide 50 MG [Salix - substance]"},{"code":"1488533","display":"Furosemide 10 MG/ML [Furoquid]"},{"code":"1112200","display":"Furosemide Injectable Solution [Disal]"},{"code":"368487","display":"Furosemide Oral Tablet [Lasix]"},{"code":"630034","display":"Furosemide Oral Tablet [Salix - substance]"},{"code":"545040","display":"Furosemide Injectable Solution [Salix - substance]"},{"code":"1488534","display":"Furosemide Oral Solution [Furoquid]"},{"code":"1546051","display":"Furosemide Oral Tablet [Disal]"},{"code":"104265","display":"Furosemide 40 MG / Potassium 8 MMOL Extended Release Oral Tablet"},{"code":"104266","display":"Furosemide 20 MG / Potassium 10 MMOL Extended Release Oral Tablet"},{"code":"197731","display":"Furosemide 8 MG/ML Oral Solution"},{"code":"246399","display":"Furosemide 20 MG / Spironolactone 50 MG Oral Capsule"},{"code":"250708","display":"Furosemide 40 MG / Triamterene 50 MG Oral Tablet"},{"code":"310429","display":"Furosemide 20 MG Oral Tablet"},{"code":"313988","display":"Furosemide 40 MG Oral Tablet"},{"code":"977945","display":"Amiloride Hydrochloride 2.5 MG / Furosemide 20 MG Oral Tablet"},{"code":"977959","display":"Amiloride Hydrochloride 5 MG / Furosemide 40 MG Oral Tablet"},{"code":"197730","display":"Furosemide 10 MG/ML Oral Solution"},{"code":"197732","display":"Furosemide 80 MG Oral Tablet"},{"code":"727574","display":"10 ML Furosemide 10 MG/ML Prefilled Syringe"},{"code":"727575","display":"4 ML Furosemide 10 MG/ML Prefilled Syringe"},{"code":"727845","display":"8 ML Furosemide 10 MG/ML Prefilled Syringe"},{"code":"977890","display":"Amiloride Hydrochloride 10 MG / Furosemide 80 MG Oral Tablet"},{"code":"1719286","display":"10 ML Furosemide 10 MG/ML Injection"},{"code":"1719290","display":"2 ML Furosemide 10 MG/ML Injection"},{"code":"1719291","display":"4 ML Furosemide 10 MG/ML Injection"},{"code":"199610","display":"Furosemide 500 MG Oral Tablet"},{"code":"248657","display":"Furosemide 50 MG Oral Tablet"},{"code":"251308","display":"Furosemide 1 MG/ML Oral Solution"},{"code":"104220","display":"Furosemide 4 MG/ML Oral Solution"},{"code":"204154","display":"Furosemide 50 MG/ML Injectable Solution"},{"code":"630032","display":"Furosemide 12.5 MG Oral Tablet"},{"code":"252484","display":"Furosemide 20 MG/ML Injectable Solution"},{"code":"315970","display":"Furosemide 20 MG"},{"code":"315971","display":"Furosemide 40 MG"},{"code":"315972","display":"Furosemide 8 MG/ML"},{"code":"317376","display":"Furosemide 10 MG/ML"},{"code":"317377","display":"Furosemide 80 MG"},{"code":"331965","display":"Furosemide 500 MG"},{"code":"334835","display":"Furosemide 50 MG"},{"code":"336694","display":"Furosemide 1 MG/ML"},{"code":"360516","display":"Furosemide 4 MG/ML"},{"code":"361776","display":"Furosemide 50 MG/ML"},{"code":"630031","display":"Furosemide 12.5 MG"},{"code":"331966","display":"Furosemide 20 MG/ML"},{"code":"370847","display":"Amiloride / Furosemide Oral Tablet"},{"code":"372280","display":"Furosemide Oral Solution"},{"code":"372281","display":"Furosemide Oral Tablet"},{"code":"373944","display":"Furosemide / Spironolactone Oral Capsule"},{"code":"374196","display":"Furosemide / Triamterene Oral Tablet"},{"code":"385504","display":"Furosemide / Potassium Extended Release Oral Tablet"},{"code":"727573","display":"Furosemide Prefilled Syringe"},{"code":"95600","display":"Furosemide Injectable Solution"},{"code":"1719285","display":"Furosemide Injection"},{"code":"1151600","display":"Amiloride / Furosemide Oral Product"},{"code":"1151601","display":"Amiloride / Furosemide Pill"},{"code":"1162706","display":"Furosemide / Potassium Oral Product"},{"code":"1162707","display":"Furosemide / Potassium Pill"},{"code":"1162708","display":"Furosemide / Spironolactone Oral Product"},{"code":"1162709","display":"Furosemide / Spironolactone Pill"},{"code":"1162710","display":"Furosemide / Triamterene Oral Product"},{"code":"1162711","display":"Furosemide / Triamterene Pill"},{"code":"1162712","display":"Furosemide Injectable Product"},{"code":"1162713","display":"Furosemide Oral Liquid Product"},{"code":"1162714","display":"Furosemide Oral Product"},{"code":"1162715","display":"Furosemide Pill"},{"code":"1488535","display":"Furoquid Oral Liquid Product"},{"code":"1488536","display":"Furoquid Oral Product"},{"code":"1546052","display":"Disal Oral Product"},{"code":"1546053","display":"Disal Pill"},{"code":"1172485","display":"Disal Injectable Product"},{"code":"1175647","display":"Lasix Oral Product"},{"code":"1175648","display":"Lasix Pill"},{"code":"1185373","display":"Salix - substance Injectable Product"},{"code":"1185374","display":"Salix - substance Oral Product"},{"code":"1185375","display":"Salix - substance Pill"}]}]}}