{
  "resourceType": "ValueSet",
  "id": "valueset-PPIS",
  "text": {
    "status": "generated",
    "div": "<div xmlns=\"http://www.w3.org/1999/xhtml\"><p>This value set includes codes based on the following rules:</p><ul><li>Import all the codes that are contained in <a href=\"ValueSet-valueset-dexlansoprazole.html\">http://hl7.org/fhir/uv/pddi/ValueSet/valueset-dexlansoprazole</a></li><li>Import all the codes that are contained in <a href=\"ValueSet-valueset-esomeprazole.html\">http://hl7.org/fhir/uv/pddi/ValueSet/valueset-esomeprazole</a></li><li>Import all the codes that are contained in <a href=\"ValueSet-valueset-lansoprazole.html\">http://hl7.org/fhir/uv/pddi/ValueSet/valueset-lansoprazole</a></li><li>Import all the codes that are contained in <a href=\"ValueSet-valueset-omeprazole.html\">http://hl7.org/fhir/uv/pddi/ValueSet/valueset-omeprazole</a></li><li>Import all the codes that are contained in <a href=\"ValueSet-valueset-pantoprazole.html\">http://hl7.org/fhir/uv/pddi/ValueSet/valueset-pantoprazole</a></li><li>Import all the codes that are contained in <a href=\"ValueSet-valueset-rabeprazole.html\">http://hl7.org/fhir/uv/pddi/ValueSet/valueset-rabeprazole</a></li></ul></div>"
  },
  "url": "http://hl7.org/fhir/uv/pddi/ValueSet/valueset-PPIS",
  "version": "1.0.0-ballot",
  "name": "Valueset_PPIS",
  "title": "Proton Pump Inhibitor Drug Value Set",
  "status": "draft",
  "experimental": true,
  "date": "2018-06-27",
  "publisher": "HL7 Clinical Decision Support Workgroup",
  "contact": [
    {
      "telecom": [
        {
          "system": "url",
          "value": "http://hl7.org/Special/committees/dss"
        }
      ]
    }
  ],
  "description": "ValueSet of ValueSets containing drug identifiers for each member in the     Established Pharmacologic Class (EPC) Proton Pump Inhibitor drug class (id: N0000175525).     Member by RxNorm: getRelatedByType (BN,BPCK,GPCK,IN,MIN,PIN,SBD,SBDC,SBDF,SBDG,SCD,SCDC,SCDF,SCDG)",
  "jurisdiction": [
    {
      "coding": [
        {
          "system": "http://unstats.un.org/unsd/methods/m49/m49.htm",
          "code": "001"
        }
      ]
    }
  ],
  "purpose": "Proton Pump Inhibitor drug class terminology for PDDI CDS FHIR resources",
  "copyright": "(copyright expectations unknown)",
  "compose": {
    "include": [
      {
        "valueSet": [
          "http://hl7.org/fhir/uv/pddi/ValueSet/valueset-dexlansoprazole"
        ]
      },
      {
        "valueSet": [
          "http://hl7.org/fhir/uv/pddi/ValueSet/valueset-esomeprazole"
        ]
      },
      {
        "valueSet": [
          "http://hl7.org/fhir/uv/pddi/ValueSet/valueset-lansoprazole"
        ]
      },
      {
        "valueSet": [
          "http://hl7.org/fhir/uv/pddi/ValueSet/valueset-omeprazole"
        ]
      },
      {
        "valueSet": [
          "http://hl7.org/fhir/uv/pddi/ValueSet/valueset-pantoprazole"
        ]
      },
      {
        "valueSet": [
          "http://hl7.org/fhir/uv/pddi/ValueSet/valueset-rabeprazole"
        ]
      }
    ]
  }
}