{"resourceType":"ValueSet","id":"valueset-bumetanide","text":{"status":"generated","div":"<div xmlns=\"http://www.w3.org/1999/xhtml\"><ul><li>Include these codes as defined in <a href=\"http://www.nlm.nih.gov/research/umls/rxnorm\"><code>http://www.nlm.nih.gov/research/umls/rxnorm</code></a><table class=\"none\"><tr><td style=\"white-space:nowrap\"><b>Code</b></td><td><b>Display</b></td></tr><tr><td>203538</td><td>Bumex</td></tr><tr><td>1808</td><td>Bumetanide</td></tr><tr><td>392534</td><td>Bumetanide / Potassium</td></tr><tr><td>645371</td><td>Amiloride / Bumetanide</td></tr><tr><td>816562</td><td>Bumetanide / Potassium Chloride</td></tr><tr><td>205488</td><td>Bumetanide 0.5 MG Oral Tablet [Bumex]</td></tr><tr><td>205489</td><td>Bumetanide 1 MG Oral Tablet [Bumex]</td></tr><tr><td>205490</td><td>Bumetanide 2 MG Oral Tablet [Bumex]</td></tr><tr><td>566394</td><td>Bumetanide 0.5 MG [Bumex]</td></tr><tr><td>566395</td><td>Bumetanide 1 MG [Bumex]</td></tr><tr><td>566396</td><td>Bumetanide 2 MG [Bumex]</td></tr><tr><td>369375</td><td>Bumetanide Oral Tablet [Bumex]</td></tr><tr><td>104263</td><td>Bumetanide 0.5 MG / Potassium 7.7 MMOL Extended Release Oral Tablet</td></tr><tr><td>197417</td><td>Bumetanide 0.5 MG Oral Tablet</td></tr><tr><td>197418</td><td>Bumetanide 1 MG Oral Tablet</td></tr><tr><td>197419</td><td>Bumetanide 2 MG Oral Tablet</td></tr><tr><td>282486</td><td>Bumetanide 0.25 MG/ML Injectable Solution</td></tr><tr><td>977951</td><td>Amiloride Hydrochloride 5 MG / Bumetanide 1 MG Oral Tablet</td></tr><tr><td>1727569</td><td>4 ML Bumetanide 0.25 MG/ML Injection</td></tr><tr><td>1727572</td><td>2 ML Bumetanide 0.25 MG/ML Injection</td></tr><tr><td>104222</td><td>Bumetanide 5 MG Oral Tablet</td></tr><tr><td>250660</td><td>Bumetanide 0.2 MG/ML Oral Solution</td></tr><tr><td>104223</td><td>Bumetanide 0.5 MG/ML Injectable Solution</td></tr><tr><td>315499</td><td>Bumetanide 0.25 MG/ML</td></tr><tr><td>315500</td><td>Bumetanide 0.5 MG</td></tr><tr><td>315501</td><td>Bumetanide 1 MG</td></tr><tr><td>315502</td><td>Bumetanide 2 MG</td></tr><tr><td>332695</td><td>Bumetanide 0.2 MG/ML</td></tr><tr><td>332696</td><td>Bumetanide 5 MG</td></tr><tr><td>360517</td><td>Bumetanide 0.5 MG/ML</td></tr><tr><td>370850</td><td>Amiloride / Bumetanide Oral Tablet</td></tr><tr><td>371157</td><td>Bumetanide Oral Solution</td></tr><tr><td>371158</td><td>Bumetanide Oral Tablet</td></tr><tr><td>374368</td><td>Bumetanide Injectable Solution</td></tr><tr><td>385501</td><td>Bumetanide / Potassium Extended Release Oral Tablet</td></tr><tr><td>1727568</td><td>Bumetanide Injection</td></tr><tr><td>1151345</td><td>Bumetanide / Potassium Oral Product</td></tr><tr><td>1151346</td><td>Bumetanide / Potassium Pill</td></tr><tr><td>1151347</td><td>Bumetanide Injectable Product</td></tr><tr><td>1151348</td><td>Bumetanide Oral Liquid Product</td></tr><tr><td>1151349</td><td>Bumetanide Oral Product</td></tr><tr><td>1151350</td><td>Bumetanide Pill</td></tr><tr><td>1151594</td><td>Amiloride / Bumetanide Oral Product</td></tr><tr><td>1151595</td><td>Amiloride / Bumetanide Pill</td></tr><tr><td>1168680</td><td>Bumex Oral Product</td></tr><tr><td>1168681</td><td>Bumex Pill</td></tr></table></li></ul></div>"},"url":"http://hl7.org/fhir/uv/pddi/ValueSet/valueset-bumetanide","version":"1.0.0-ballot","name":"Valueset_bumetanide","title":"Bumetanide Medications Value Set","status":"draft","experimental":true,"date":"2022-11-29","publisher":"HL7 Clinical Decision Support Workgroup","contact":[{"telecom":[{"system":"url","value":"http://hl7.org/Special/committees/dss"}]}],"description":"ValueSet containing drug identifiers for bumetanide.","jurisdiction":[{"coding":[{"system":"http://unstats.un.org/unsd/methods/m49/m49.htm","code":"001"}]}],"copyright":"(copyright expectations unknown)","compose":{"include":[{"system":"http://www.nlm.nih.gov/research/umls/rxnorm","concept":[{"code":"203538","display":"Bumex"},{"code":"1808","display":"Bumetanide"},{"code":"392534","display":"Bumetanide / Potassium"},{"code":"645371","display":"Amiloride / Bumetanide"},{"code":"816562","display":"Bumetanide / Potassium Chloride"},{"code":"205488","display":"Bumetanide 0.5 MG Oral Tablet [Bumex]"},{"code":"205489","display":"Bumetanide 1 MG Oral Tablet [Bumex]"},{"code":"205490","display":"Bumetanide 2 MG Oral Tablet [Bumex]"},{"code":"566394","display":"Bumetanide 0.5 MG [Bumex]"},{"code":"566395","display":"Bumetanide 1 MG [Bumex]"},{"code":"566396","display":"Bumetanide 2 MG [Bumex]"},{"code":"369375","display":"Bumetanide Oral Tablet [Bumex]"},{"code":"104263","display":"Bumetanide 0.5 MG / Potassium 7.7 MMOL Extended Release Oral Tablet"},{"code":"197417","display":"Bumetanide 0.5 MG Oral Tablet"},{"code":"197418","display":"Bumetanide 1 MG Oral Tablet"},{"code":"197419","display":"Bumetanide 2 MG Oral Tablet"},{"code":"282486","display":"Bumetanide 0.25 MG/ML Injectable Solution"},{"code":"977951","display":"Amiloride Hydrochloride 5 MG / Bumetanide 1 MG Oral Tablet"},{"code":"1727569","display":"4 ML Bumetanide 0.25 MG/ML Injection"},{"code":"1727572","display":"2 ML Bumetanide 0.25 MG/ML Injection"},{"code":"104222","display":"Bumetanide 5 MG Oral Tablet"},{"code":"250660","display":"Bumetanide 0.2 MG/ML Oral Solution"},{"code":"104223","display":"Bumetanide 0.5 MG/ML Injectable Solution"},{"code":"315499","display":"Bumetanide 0.25 MG/ML"},{"code":"315500","display":"Bumetanide 0.5 MG"},{"code":"315501","display":"Bumetanide 1 MG"},{"code":"315502","display":"Bumetanide 2 MG"},{"code":"332695","display":"Bumetanide 0.2 MG/ML"},{"code":"332696","display":"Bumetanide 5 MG"},{"code":"360517","display":"Bumetanide 0.5 MG/ML"},{"code":"370850","display":"Amiloride / Bumetanide Oral Tablet"},{"code":"371157","display":"Bumetanide Oral Solution"},{"code":"371158","display":"Bumetanide Oral Tablet"},{"code":"374368","display":"Bumetanide Injectable Solution"},{"code":"385501","display":"Bumetanide / Potassium Extended Release Oral Tablet"},{"code":"1727568","display":"Bumetanide Injection"},{"code":"1151345","display":"Bumetanide / Potassium Oral Product"},{"code":"1151346","display":"Bumetanide / Potassium Pill"},{"code":"1151347","display":"Bumetanide Injectable Product"},{"code":"1151348","display":"Bumetanide Oral Liquid Product"},{"code":"1151349","display":"Bumetanide Oral Product"},{"code":"1151350","display":"Bumetanide Pill"},{"code":"1151594","display":"Amiloride / Bumetanide Oral Product"},{"code":"1151595","display":"Amiloride / Bumetanide Pill"},{"code":"1168680","display":"Bumex Oral Product"},{"code":"1168681","display":"Bumex Pill"}]}]}}