{
	"resourceType": "Bundle",
	"id": "c8c74c49-9a0a-4354-9b32-340e060a2317",
	"type": "collection",
	"entry": [
    {
      "resource":{
        "resourceType" : "Patient",
        "id" : "f101",
        "name" : [{
          "use" : "official",
          "family" : "Matsunoodera",
          "given" : ["Aonogo"]
        }],
        "gender" : "male",
        "birthDate" : "1974-12-25"
      }
    },
		{
			"resource": {
				"resourceType": "MedicationRequest",
				"extension":[
        			{
          				"url": "urn:uuid:38021f4e-a4a5-6ff8-24e6-f0ce1fb9c075",
          				"valueString": "contextPrescriptions"
       				}
				],
				"authoredOn": "2023-10-05",
				"status": "draft",
				"intent": "order",
				"subject": {
					"reference": "Patient/f101"
				},
				"dosageInstruction": [
					{
						"doseAndRate": [
						  {
						    "doseQuantity": {
							  "value": 1,
							  "system": "http://unitsofmeasure.org",
							  "code": "{pill}"
						    }
						  }
						],
						"timing": {
							"repeat": {
								"frequency": 1,
								"period": 1,
								"periodUnit": "d"
							}
						}
					}
				],
				"medicationCodeableConcept": {
					"text": "Ketorolac Tromethamine 10 MG Oral Tablet",
					"coding": [
						{
							"display": "Ketorolac Tromethamine 10 MG Oral Tablet",
							"system": "http://www.nlm.nih.gov/research/umls/rxnorm",
							"code": "834022"
						}
					]
				}
			}
		},
		{
			"resource": {
				"resourceType": "Condition",
				"id": "c101",
				"meta": {
					"versionId": "1",
					"lastUpdated": "2023-10-01T09:04:41.038+00:00"
				},
				"clinicalStatus": {
					"coding":[
					  {
						"system" : "http://terminology.hl7.org/CodeSystem/condition-clinical",
						"code":"active"
					  }
					]
				},
				"verificationStatus": {
					"coding":[
					  {
						"system" : "http://terminology.hl7.org/CodeSystem/condition-ver-status",
						"code":"differential"
					  }
					]
				},
				"code": {
					"coding": [
						{
							"system": "http://snomed.info/sct",
							"code": "12847006",
							"display": "Acute duodenal ulcer with hemorrhage"
						}
					]
				},
				"subject": {
					"reference": "Patient/f101"
				},
				"recordedDate": "2023-11-01"
			}
		},
		{
			"resource": {
				"resourceType": "MedicationRequest",
				"id": "r101",
				"meta": {
					"versionId": "2",
					"lastUpdated": "2023-09-01T09:04:41.715+00:00"
				},
				"status": "active",
				"intent": "order",
				"category": [ {
					"coding": [
						{
							"system": "http://terminology.hl7.org/CodeSystem/medicationrequest-category",
							"code": "outpatient"
						}
					]
				} ],
				"medicationCodeableConcept": {
					"coding": [
						{
							"system": "http://www.nlm.nih.gov/research/umls/rxnorm",
							"code": "855350",
							"display": "Warfarin Sodium 0.5 MG Oral Tablet"
						}
					]
				},
				"subject": {
					"reference": "Patient/f101"
				},
				"encounter": {
					"reference": "Encounter/e101"
				},
				"authoredOn": "2023-10-01",
				"dosageInstruction": [
					{
						"timing": {
							"repeat": {
								"frequency": 1,
								"period": 3,
								"periodUnit": "d"
							}
						},
						"asNeededBoolean": false,
						"doseAndRate": [
						  {
						    "doseQuantity": {
							  "value": 1,
							  "unit": "patch"
						    }
						  }
						]
					}
				],
				"dispenseRequest": {
					"validityPeriod": {
						"extension": [
							{
								"url": "http://hl7.org/fhir/StructureDefinition/cqif-cqlExpression",
								"valueString": "FHIR.Period { start: FHIR.dateTime { value: Today() - 4 months }, end: FHIR.dateTime { value: Today() + 3 months } }"
							}
						]
					},
					"numberOfRepeatsAllowed": 3,
					"expectedSupplyDuration": {
						"value": 30,
						"unit": "d"
					}
				}
			}
		}
	]
}
