{
  "resourceType": "ActivityDefinition",
  "id": "ad206",
  "status": "draft",
  "intent": "order",
  "kind": "ServiceRequest",
  "code": {
    "coding": [
      {
        "system": "http://snomed.info/sct",
        "code": "271236005",
        "display": "Serum potassium level"
      },
      {
        "system": "http://snomed.info/sct",
        "code": "312475002",
        "display": "Plasma magnesium level"
      },
      {
        "system": "http://snomed.info/sct",
        "code": "390963002",
        "display": "Plasma calcium level"
      }
    ],
    "text": "Electrolyte Panel"
  },
  "participant": [
    {
      "type": "practitioner"
    }
  ]
}