{
  "resourceType": "Library",
  "id": "warfarin-nsaids-cds-sign",
  "version": "1.0",
  "status": "draft",
  "url": "http://hl7.org/fhir/ig/PDDI-CDS/Library/warfarin-nsaids-cds-sign",
  "type": {
    "coding": [
      {
        "system": "http://terminology.hl7.org/CodeSystem/library-type",
        "code": "logic-library"
      }
    ]
  },
  "content": [
    {
      "contentType": "text/cql",
      "url": "warfarin-nsaids-cds-logic-r4.cql"
    },
    {
      "contentType": "application/elm+json",
      "url": "warfarin-nsaids-cds-logic-r4.json"
    }
  ]
}