{"resourceType":"ValueSet","id":"valueset-celecoxib","text":{"status":"generated","div":"<div xmlns=\"http://www.w3.org/1999/xhtml\"><ul><li>Include these codes as defined in <a href=\"http://www.nlm.nih.gov/research/umls/rxnorm\"><code>http://www.nlm.nih.gov/research/umls/rxnorm</code></a><table class=\"none\"><tr><td style=\"white-space:nowrap\"><b>Code</b></td><td><b>Display</b></td></tr><tr><td>215927</td><td>Celebrex</td></tr><tr><td>140587</td><td>celecoxib</td></tr><tr><td>213468</td><td>celecoxib 100 MG Oral Capsule [Celebrex]</td></tr><tr><td>213469</td><td>celecoxib 200 MG Oral Capsule [Celebrex]</td></tr><tr><td>352314</td><td>celecoxib 400 MG Oral Capsule [Celebrex]</td></tr><tr><td>686381</td><td>celecoxib 50 MG Oral Capsule [Celebrex]</td></tr><tr><td>573356</td><td>celecoxib 100 MG [Celebrex]</td></tr><tr><td>573357</td><td>celecoxib 200 MG [Celebrex]</td></tr><tr><td>576008</td><td>celecoxib 400 MG [Celebrex]</td></tr><tr><td>686380</td><td>celecoxib 50 MG [Celebrex]</td></tr><tr><td>366443</td><td>celecoxib Oral Capsule [Celebrex]</td></tr><tr><td>205322</td><td>celecoxib 100 MG Oral Capsule</td></tr><tr><td>205323</td><td>celecoxib 200 MG Oral Capsule</td></tr><tr><td>349514</td><td>celecoxib 400 MG Oral Capsule</td></tr><tr><td>686379</td><td>celecoxib 50 MG Oral Capsule</td></tr><tr><td>315603</td><td>celecoxib 100 MG</td></tr><tr><td>315604</td><td>celecoxib 200 MG</td></tr><tr><td>350656</td><td>celecoxib 400 MG</td></tr><tr><td>686378</td><td>celecoxib 50 MG</td></tr><tr><td>371343</td><td>celecoxib Oral Capsule</td></tr><tr><td>1161223</td><td>celecoxib Oral Product</td></tr><tr><td>1161224</td><td>celecoxib Pill</td></tr><tr><td>1166198</td><td>Celebrex Oral Product</td></tr><tr><td>1166199</td><td>Celebrex Pill</td></tr></table></li></ul></div>"},"url":"http://hl7.org/fhir/uv/pddi/ValueSet/valueset-celecoxib","version":"1.0.0-ballot","name":"Valueset_celecoxib","title":"Celecoxib Medications Value Set","status":"draft","experimental":true,"date":"2018-07-02","publisher":"HL7 Clinical Decision Support Workgroup","contact":[{"telecom":[{"system":"url","value":"http://hl7.org/Special/committees/dss"}]}],"description":"ValueSet containing drug identifiers for celecoxib.","jurisdiction":[{"coding":[{"system":"http://unstats.un.org/unsd/methods/m49/m49.htm","code":"001"}]}],"copyright":"(copyright expectations unknown)","compose":{"include":[{"system":"http://www.nlm.nih.gov/research/umls/rxnorm","concept":[{"code":"215927","display":"Celebrex"},{"code":"140587","display":"celecoxib"},{"code":"213468","display":"celecoxib 100 MG Oral Capsule [Celebrex]"},{"code":"213469","display":"celecoxib 200 MG Oral Capsule [Celebrex]"},{"code":"352314","display":"celecoxib 400 MG Oral Capsule [Celebrex]"},{"code":"686381","display":"celecoxib 50 MG Oral Capsule [Celebrex]"},{"code":"573356","display":"celecoxib 100 MG [Celebrex]"},{"code":"573357","display":"celecoxib 200 MG [Celebrex]"},{"code":"576008","display":"celecoxib 400 MG [Celebrex]"},{"code":"686380","display":"celecoxib 50 MG [Celebrex]"},{"code":"366443","display":"celecoxib Oral Capsule [Celebrex]"},{"code":"205322","display":"celecoxib 100 MG Oral Capsule"},{"code":"205323","display":"celecoxib 200 MG Oral Capsule"},{"code":"349514","display":"celecoxib 400 MG Oral Capsule"},{"code":"686379","display":"celecoxib 50 MG Oral Capsule"},{"code":"315603","display":"celecoxib 100 MG"},{"code":"315604","display":"celecoxib 200 MG"},{"code":"350656","display":"celecoxib 400 MG"},{"code":"686378","display":"celecoxib 50 MG"},{"code":"371343","display":"celecoxib Oral Capsule"},{"code":"1161223","display":"celecoxib Oral Product"},{"code":"1161224","display":"celecoxib Pill"},{"code":"1166198","display":"Celebrex Oral Product"},{"code":"1166199","display":"Celebrex Pill"}]}]}}