{"resourceType":"ValueSet","id":"valueset-AAS","text":{"status":"generated","div":"<div xmlns=\"http://www.w3.org/1999/xhtml\"><p>This value set includes codes based on the following rules:</p><ul><li>Import all the codes that are contained in <a href=\"ValueSet-valueset-eplerenone.html\">http://hl7.org/fhir/uv/pddi/ValueSet/valueset-eplerenone</a></li><li>Import all the codes that are contained in <a href=\"ValueSet-valueset-spironolactone.html\">http://hl7.org/fhir/uv/pddi/ValueSet/valueset-spironolactone</a></li></ul></div>"},"url":"http://hl7.org/fhir/uv/pddi/ValueSet/valueset-AAS","version":"1.0.0-ballot","name":"Valueset_AAS","title":"Aldosterone Antagonists Drug Value Set","status":"draft","experimental":true,"date":"2018-07-02","publisher":"HL7 Clinical Decision Support Workgroup","contact":[{"telecom":[{"system":"url","value":"http://hl7.org/Special/committees/dss"}]}],"description":"ValueSet of ValueSets containing drug identifiers for each member in the     Established Pharmacologic Class (EPC) Aldosterone Antagonist drug class (id: N0000175557).     Member by RxNorm: getRelatedByType (BN,BPCK,GPCK,IN,MIN,PIN,SBD,SBDC,SBDF,SBDG,SCD,SCDC,SCDF,SCDG)","jurisdiction":[{"coding":[{"system":"http://unstats.un.org/unsd/methods/m49/m49.htm","code":"001"}]}],"purpose":"Provide Aldosterone Antagonist drug class terminology for PDDI CDS FHIR resources","copyright":"(copyright expectations unknown)","compose":{"include":[{"valueSet":["http://hl7.org/fhir/uv/pddi/ValueSet/valueset-eplerenone"]},{"valueSet":["http://hl7.org/fhir/uv/pddi/ValueSet/valueset-spironolactone"]}]}}