{"resourceType":"ValueSet","id":"valueset-SCS","text":{"status":"generated","div":"<div xmlns=\"http://www.w3.org/1999/xhtml\"><p>This value set includes codes based on the following rules:</p><ul><li>Import all the codes that are contained in <a href=\"ValueSet-valueset-aldosterone.html\">http://hl7.org/fhir/uv/pddi/ValueSet/valueset-aldosterone</a></li><li>Import all the codes that are contained in <a href=\"ValueSet-valueset-betamethasone.html\">http://hl7.org/fhir/uv/pddi/ValueSet/valueset-betamethasone</a></li><li>Import all the codes that are contained in <a href=\"ValueSet-valueset-cloprednol.html\">http://hl7.org/fhir/uv/pddi/ValueSet/valueset-cloprednol</a></li><li>Import all the codes that are contained in <a href=\"ValueSet-valueset-cortisone.html\">http://hl7.org/fhir/uv/pddi/ValueSet/valueset-cortisone</a></li><li>Import all the codes that are contained in <a href=\"ValueSet-valueset-cortivazol.html\">http://hl7.org/fhir/uv/pddi/ValueSet/valueset-cortivazol</a></li><li>Import all the codes that are contained in <a href=\"ValueSet-valueset-deflazacort.html\">http://hl7.org/fhir/uv/pddi/ValueSet/valueset-deflazacort</a></li><li>Import all the codes that are contained in <a href=\"ValueSet-valueset-desoxycorticosterone.html\">http://hl7.org/fhir/uv/pddi/ValueSet/valueset-desoxycorticosterone</a></li><li>Import all the codes that are contained in <a href=\"ValueSet-valueset-dexamethasone.html\">http://hl7.org/fhir/uv/pddi/ValueSet/valueset-dexamethasone</a></li><li>Import all the codes that are contained in <a href=\"ValueSet-valueset-fludrocortisone.html\">http://hl7.org/fhir/uv/pddi/ValueSet/valueset-fludrocortisone</a></li><li>Import all the codes that are contained in <a href=\"ValueSet-valueset-fluocortolone.html\">http://hl7.org/fhir/uv/pddi/ValueSet/valueset-fluocortolone</a></li><li>Import all the codes that are contained in <a href=\"ValueSet-valueset-hydrocortisone.html\">http://hl7.org/fhir/uv/pddi/ValueSet/valueset-hydrocortisone</a></li><li>Import all the codes that are contained in <a href=\"ValueSet-valueset-meprednisone.html\">http://hl7.org/fhir/uv/pddi/ValueSet/valueset-meprednisone</a></li><li>Import all the codes that are contained in <a href=\"ValueSet-valueset-methylprednisolone.html\">http://hl7.org/fhir/uv/pddi/ValueSet/valueset-methylprednisolone</a></li><li>Import all the codes that are contained in <a href=\"ValueSet-valueset-paramethasone.html\">http://hl7.org/fhir/uv/pddi/ValueSet/valueset-paramethasone</a></li><li>Import all the codes that are contained in <a href=\"ValueSet-valueset-prednisolone.html\">http://hl7.org/fhir/uv/pddi/ValueSet/valueset-prednisolone</a></li><li>Import all the codes that are contained in <a href=\"ValueSet-valueset-prednisone.html\">http://hl7.org/fhir/uv/pddi/ValueSet/valueset-prednisone</a></li><li>Import all the codes that are contained in <a href=\"ValueSet-valueset-prednylidene.html\">http://hl7.org/fhir/uv/pddi/ValueSet/valueset-prednylidene</a></li><li>Import all the codes that are contained in <a href=\"ValueSet-valueset-rimexolone.html\">http://hl7.org/fhir/uv/pddi/ValueSet/valueset-rimexolone</a></li><li>Import all the codes that are contained in <a href=\"ValueSet-valueset-triamcinolone.html\">http://hl7.org/fhir/uv/pddi/ValueSet/valueset-triamcinolone</a></li><li>Import all the codes that are contained in <a href=\"ValueSet-valueset-trilostane.html\">http://hl7.org/fhir/uv/pddi/ValueSet/valueset-trilostane</a></li></ul></div>"},"url":"http://hl7.org/fhir/uv/pddi/ValueSet/valueset-SCS","version":"1.0.0-ballot","name":"Valueset_SCS","title":"Systemic Corticosteroid Drug Value Set","status":"draft","experimental":true,"date":"2018-07-02","publisher":"HL7 Clinical Decision Support Workgroup","contact":[{"telecom":[{"system":"url","value":"http://hl7.org/Special/committees/dss"}]}],"description":"ValueSet of ValueSets containing drug identifiers for each member in the     Anatomical Therapeutic Chemical (ATC1-4) Corticosteroids For Systemic Use drug class (id: H02).     Member by RxNorm: getRelatedByType (BN,BPCK,GPCK,IN,MIN,PIN,SBD,SBDC,SBDF,SBDG,SCD,SCDC,SCDF,SCDG)","jurisdiction":[{"coding":[{"system":"http://unstats.un.org/unsd/methods/m49/m49.htm","code":"001"}]}],"purpose":"Provide Systemic Corticosteroids drug class terminology for PDDI CDS FHIR resources","copyright":"(copyright expectations unknown)","compose":{"include":[{"valueSet":["http://hl7.org/fhir/uv/pddi/ValueSet/valueset-aldosterone"]},{"valueSet":["http://hl7.org/fhir/uv/pddi/ValueSet/valueset-betamethasone"]},{"valueSet":["http://hl7.org/fhir/uv/pddi/ValueSet/valueset-cloprednol"]},{"valueSet":["http://hl7.org/fhir/uv/pddi/ValueSet/valueset-cortisone"]},{"valueSet":["http://hl7.org/fhir/uv/pddi/ValueSet/valueset-cortivazol"]},{"valueSet":["http://hl7.org/fhir/uv/pddi/ValueSet/valueset-deflazacort"]},{"valueSet":["http://hl7.org/fhir/uv/pddi/ValueSet/valueset-desoxycorticosterone"]},{"valueSet":["http://hl7.org/fhir/uv/pddi/ValueSet/valueset-dexamethasone"]},{"valueSet":["http://hl7.org/fhir/uv/pddi/ValueSet/valueset-fludrocortisone"]},{"valueSet":["http://hl7.org/fhir/uv/pddi/ValueSet/valueset-fluocortolone"]},{"valueSet":["http://hl7.org/fhir/uv/pddi/ValueSet/valueset-hydrocortisone"]},{"valueSet":["http://hl7.org/fhir/uv/pddi/ValueSet/valueset-meprednisone"]},{"valueSet":["http://hl7.org/fhir/uv/pddi/ValueSet/valueset-methylprednisolone"]},{"valueSet":["http://hl7.org/fhir/uv/pddi/ValueSet/valueset-paramethasone"]},{"valueSet":["http://hl7.org/fhir/uv/pddi/ValueSet/valueset-prednisolone"]},{"valueSet":["http://hl7.org/fhir/uv/pddi/ValueSet/valueset-prednisone"]},{"valueSet":["http://hl7.org/fhir/uv/pddi/ValueSet/valueset-prednylidene"]},{"valueSet":["http://hl7.org/fhir/uv/pddi/ValueSet/valueset-rimexolone"]},{"valueSet":["http://hl7.org/fhir/uv/pddi/ValueSet/valueset-triamcinolone"]},{"valueSet":["http://hl7.org/fhir/uv/pddi/ValueSet/valueset-trilostane"]}]}}