{"resourceType":"ValueSet","id":"valueset-CYCS","text":{"status":"generated","div":"<div xmlns=\"http://www.w3.org/1999/xhtml\"><ul><li>Import all the codes that are contained in <a href=\"ValueSet-valueset-cyclosporine.html\">http://hl7.org/fhir/uv/pddi/ValueSet/valueset-cyclosporine</a></li></ul></div>"},"url":"http://hl7.org/fhir/uv/pddi/ValueSet/valueset-CYCS","version":"1.0.0-ballot","name":"Valueset_CYCS","title":"Composite Cyclosporine Drug Value Set","status":"draft","experimental":true,"date":"2018-07-28","publisher":"HL7 Clinical Decision Support Workgroup","contact":[{"telecom":[{"system":"url","value":"http://hl7.org/Special/committees/dss"}]}],"description":"ValueSet of ValueSets containing drug identifiers for cyclosporine","jurisdiction":[{"coding":[{"system":"http://unstats.un.org/unsd/methods/m49/m49.htm","code":"001"}]}],"purpose":"Provide a refined value set of FHIR resources for cyclosporine to PDDI CDS","copyright":"(copyright expectations unknown)","compose":{"include":[{"valueSet":["http://hl7.org/fhir/uv/pddi/ValueSet/valueset-cyclosporine"]}]}}