{"resourceType":"ValueSet","id":"valueset-cyclosporine","text":{"status":"generated","div":"<div xmlns=\"http://www.w3.org/1999/xhtml\"><ul><li>Include these codes as defined in <a href=\"http://www.nlm.nih.gov/research/umls/rxnorm\"><code>http://www.nlm.nih.gov/research/umls/rxnorm</code></a><table class=\"none\"><tr><td style=\"white-space:nowrap\"><b>Code</b></td><td><b>Display</b></td></tr><tr><td>1093175</td><td>Optimmune</td></tr><tr><td>202816</td><td>Sandimmune</td></tr><tr><td>202817</td><td>Neoral</td></tr><tr><td>261530</td><td>Gengraf</td></tr><tr><td>352951</td><td>Restasis</td></tr><tr><td>539497</td><td>Atopica</td></tr><tr><td>3008</td><td>Cyclosporine</td></tr><tr><td>236077</td><td>cyclosporine, modified</td></tr><tr><td>484788</td><td>cyclosporine microemulsion</td></tr><tr><td>1093178</td><td>Cyclosporine 0.002 MG/MG Ophthalmic Ointment [Optimmune]</td></tr><tr><td>197552</td><td>Cyclosporine 100 MG Oral Capsule [Sandimmune]</td></tr><tr><td>212810</td><td>Cyclosporine 25 MG Oral Capsule [Sandimmune]</td></tr><tr><td>212844</td><td>5 ML Cyclosporine 50 MG/ML Injection [Sandimmune]</td></tr><tr><td>212957</td><td>Cyclosporine 100 MG/ML Oral Solution [Sandimmune]</td></tr><tr><td>835899</td><td>cyclosporine, modified 100 MG/ML Oral Solution [Neoral]</td></tr><tr><td>835909</td><td>cyclosporine, modified 25 MG Oral Capsule [Neoral]</td></tr><tr><td>835911</td><td>cyclosporine, modified 100 MG Oral Capsule [Neoral]</td></tr><tr><td>835835</td><td>cyclosporine, modified 100 MG Oral Capsule [Gengraf]</td></tr><tr><td>835892</td><td>cyclosporine, modified 100 MG/ML Oral Solution [Gengraf]</td></tr><tr><td>835896</td><td>cyclosporine, modified 25 MG Oral Capsule [Gengraf]</td></tr><tr><td>1797521</td><td>cyclosporine, modified 50 MG Oral Capsule [Gengraf]</td></tr><tr><td>402092</td><td>Cyclosporine 0.5 MG/ML Ophthalmic Suspension [Restasis]</td></tr><tr><td>835917</td><td>cyclosporine, modified 100 MG Oral Capsule [Atopica]</td></tr><tr><td>835921</td><td>cyclosporine, modified 10 MG Oral Capsule [Atopica]</td></tr><tr><td>835923</td><td>cyclosporine, modified 25 MG Oral Capsule [Atopica]</td></tr><tr><td>835927</td><td>cyclosporine, modified 50 MG Oral Capsule [Atopica]</td></tr><tr><td>1233908</td><td>cyclosporine, modified 100 MG/ML Oral Solution [Atopica]</td></tr><tr><td>1093176</td><td>Cyclosporine 0.002 MG/MG [Optimmune]</td></tr><tr><td>486331</td><td>Cyclosporine 100 MG/ML [Sandimmune]</td></tr><tr><td>565430</td><td>Cyclosporine 100 MG [Sandimmune]</td></tr><tr><td>572889</td><td>Cyclosporine 25 MG [Sandimmune]</td></tr><tr><td>572915</td><td>Cyclosporine 50 MG/ML [Sandimmune]</td></tr><tr><td>835897</td><td>cyclosporine, modified 100 MG/ML [Neoral]</td></tr><tr><td>835900</td><td>cyclosporine, modified 100 MG [Neoral]</td></tr><tr><td>835901</td><td>cyclosporine, modified 25 MG [Neoral]</td></tr><tr><td>835787</td><td>cyclosporine, modified 100 MG [Gengraf]</td></tr><tr><td>835887</td><td>cyclosporine, modified 100 MG/ML [Gengraf]</td></tr><tr><td>835895</td><td>cyclosporine, modified 25 MG [Gengraf]</td></tr><tr><td>1797520</td><td>cyclosporine, modified 50 MG [Gengraf]</td></tr><tr><td>576100</td><td>Cyclosporine 0.5 MG/ML [Restasis]</td></tr><tr><td>835916</td><td>cyclosporine, modified 100 MG [Atopica]</td></tr><tr><td>835920</td><td>cyclosporine, modified 10 MG [Atopica]</td></tr><tr><td>835922</td><td>cyclosporine, modified 25 MG [Atopica]</td></tr><tr><td>835926</td><td>cyclosporine, modified 50 MG [Atopica]</td></tr><tr><td>1233905</td><td>cyclosporine, modified 100 MG/ML [Atopica]</td></tr><tr><td>1093177</td><td>Cyclosporine Ophthalmic Ointment [Optimmune]</td></tr><tr><td>366488</td><td>Cyclosporine Oral Capsule [Sandimmune]</td></tr><tr><td>363942</td><td>Cyclosporine Oral Solution [Neoral]</td></tr><tr><td>366479</td><td>Cyclosporine Oral Capsule [Neoral]</td></tr><tr><td>366173</td><td>Cyclosporine Oral Capsule [Gengraf]</td></tr><tr><td>363914</td><td>Cyclosporine Oral Solution [Gengraf]</td></tr><tr><td>402330</td><td>Cyclosporine Ophthalmic Suspension [Restasis]</td></tr><tr><td>539499</td><td>Cyclosporine Oral Capsule [Atopica]</td></tr><tr><td>94035</td><td>Cyclosporine Oral Solution [Sandimmune]</td></tr><tr><td>1732366</td><td>Cyclosporine Injection [Sandimmune]</td></tr><tr><td>1233906</td><td>Cyclosporine Oral Solution [Atopica]</td></tr><tr><td>1093174</td><td>Cyclosporine 0.002 MG/MG Ophthalmic Ointment</td></tr><tr><td>197553</td><td>Cyclosporine 25 MG Oral Capsule</td></tr><tr><td>205168</td><td>Cyclosporine 50 MG Oral Capsule</td></tr><tr><td>205175</td><td>5 ML Cyclosporine 50 MG/ML Injection</td></tr><tr><td>309632</td><td>Cyclosporine 100 MG/ML Oral Solution</td></tr><tr><td>328160</td><td>Cyclosporine 100 MG Oral Capsule</td></tr><tr><td>241834</td><td>cyclosporine, modified 100 MG Oral Capsule</td></tr><tr><td>351291</td><td>Cyclosporine 0.5 MG/ML Ophthalmic Suspension</td></tr><tr><td>835886</td><td>cyclosporine, modified 100 MG/ML Oral Solution</td></tr><tr><td>835894</td><td>cyclosporine, modified 25 MG Oral Capsule</td></tr><tr><td>835919</td><td>cyclosporine, modified 10 MG Oral Capsule</td></tr><tr><td>835925</td><td>cyclosporine, modified 50 MG Oral Capsule</td></tr><tr><td>1093172</td><td>Cyclosporine 0.002 MG/MG</td></tr><tr><td>315749</td><td>Cyclosporine 100 MG</td></tr><tr><td>315750</td><td>Cyclosporine 100 MG/ML</td></tr><tr><td>315751</td><td>Cyclosporine 25 MG</td></tr><tr><td>315752</td><td>Cyclosporine 50 MG</td></tr><tr><td>315753</td><td>Cyclosporine 50 MG/ML</td></tr><tr><td>334294</td><td>cyclosporine, modified 100 MG</td></tr><tr><td>353400</td><td>Cyclosporine 0.5 MG/ML</td></tr><tr><td>835885</td><td>cyclosporine, modified 100 MG/ML</td></tr><tr><td>835893</td><td>cyclosporine, modified 25 MG</td></tr><tr><td>835918</td><td>cyclosporine, modified 10 MG</td></tr><tr><td>835924</td><td>cyclosporine, modified 50 MG</td></tr><tr><td>1093173</td><td>Cyclosporine Ophthalmic Ointment</td></tr><tr><td>371666</td><td>Cyclosporine Oral Capsule</td></tr><tr><td>371667</td><td>Cyclosporine Oral Solution</td></tr><tr><td>378766</td><td>Cyclosporine Ophthalmic Suspension</td></tr><tr><td>1732364</td><td>Cyclosporine Injection</td></tr><tr><td>1156186</td><td>Cyclosporine Injectable Product</td></tr><tr><td>1156187</td><td>Cyclosporine Ophthalmic Product</td></tr><tr><td>1156188</td><td>Cyclosporine Oral Liquid Product</td></tr><tr><td>1156189</td><td>Cyclosporine Oral Product</td></tr><tr><td>1156190</td><td>Cyclosporine Pill</td></tr><tr><td>1169824</td><td>Gengraf Oral Liquid Product</td></tr><tr><td>1169825</td><td>Gengraf Oral Product</td></tr><tr><td>1169826</td><td>Gengraf Pill</td></tr><tr><td>1172882</td><td>Atopica Oral Product</td></tr><tr><td>1172883</td><td>Atopica Pill</td></tr><tr><td>1181672</td><td>Neoral Oral Liquid Product</td></tr><tr><td>1181673</td><td>Neoral Oral Product</td></tr><tr><td>1181674</td><td>Neoral Pill</td></tr><tr><td>1182342</td><td>Optimmune Ophthalmic Product</td></tr><tr><td>1182527</td><td>Restasis Ophthalmic Product</td></tr><tr><td>1185408</td><td>Sandimmune Injectable Product</td></tr><tr><td>1185409</td><td>Sandimmune Oral Liquid Product</td></tr><tr><td>1185410</td><td>Sandimmune Oral Product</td></tr><tr><td>1185411</td><td>Sandimmune Pill</td></tr><tr><td>1233907</td><td>Atopica Oral Liquid Product</td></tr></table></li></ul></div>"},"url":"http://hl7.org/fhir/uv/pddi/ValueSet/valueset-cyclosporine","version":"1.0.0-ballot","name":"Valueset_cyclosporine","title":"Cyclosporine Medications Value Set","status":"draft","experimental":true,"date":"2018-07-02","publisher":"HL7 Clinical Decision Support Workgroup","contact":[{"telecom":[{"system":"url","value":"http://hl7.org/Special/committees/dss"}]}],"description":"ValueSet containing drug identifiers for cyclosporine.","jurisdiction":[{"coding":[{"system":"http://unstats.un.org/unsd/methods/m49/m49.htm","code":"001"}]}],"copyright":"(copyright expectations unknown)","compose":{"include":[{"system":"http://www.nlm.nih.gov/research/umls/rxnorm","concept":[{"code":"1093175","display":"Optimmune"},{"code":"202816","display":"Sandimmune"},{"code":"202817","display":"Neoral"},{"code":"261530","display":"Gengraf"},{"code":"352951","display":"Restasis"},{"code":"539497","display":"Atopica"},{"code":"3008","display":"Cyclosporine"},{"code":"236077","display":"cyclosporine, modified"},{"code":"484788","display":"cyclosporine microemulsion"},{"code":"1093178","display":"Cyclosporine 0.002 MG/MG Ophthalmic Ointment [Optimmune]"},{"code":"197552","display":"Cyclosporine 100 MG Oral Capsule [Sandimmune]"},{"code":"212810","display":"Cyclosporine 25 MG Oral Capsule [Sandimmune]"},{"code":"212844","display":"5 ML Cyclosporine 50 MG/ML Injection [Sandimmune]"},{"code":"212957","display":"Cyclosporine 100 MG/ML Oral Solution [Sandimmune]"},{"code":"835899","display":"cyclosporine, modified 100 MG/ML Oral Solution [Neoral]"},{"code":"835909","display":"cyclosporine, modified 25 MG Oral Capsule [Neoral]"},{"code":"835911","display":"cyclosporine, modified 100 MG Oral Capsule [Neoral]"},{"code":"835835","display":"cyclosporine, modified 100 MG Oral Capsule [Gengraf]"},{"code":"835892","display":"cyclosporine, modified 100 MG/ML Oral Solution [Gengraf]"},{"code":"835896","display":"cyclosporine, modified 25 MG Oral Capsule [Gengraf]"},{"code":"1797521","display":"cyclosporine, modified 50 MG Oral Capsule [Gengraf]"},{"code":"402092","display":"Cyclosporine 0.5 MG/ML Ophthalmic Suspension [Restasis]"},{"code":"835917","display":"cyclosporine, modified 100 MG Oral Capsule [Atopica]"},{"code":"835921","display":"cyclosporine, modified 10 MG Oral Capsule [Atopica]"},{"code":"835923","display":"cyclosporine, modified 25 MG Oral Capsule [Atopica]"},{"code":"835927","display":"cyclosporine, modified 50 MG Oral Capsule [Atopica]"},{"code":"1233908","display":"cyclosporine, modified 100 MG/ML Oral Solution [Atopica]"},{"code":"1093176","display":"Cyclosporine 0.002 MG/MG [Optimmune]"},{"code":"486331","display":"Cyclosporine 100 MG/ML [Sandimmune]"},{"code":"565430","display":"Cyclosporine 100 MG [Sandimmune]"},{"code":"572889","display":"Cyclosporine 25 MG [Sandimmune]"},{"code":"572915","display":"Cyclosporine 50 MG/ML [Sandimmune]"},{"code":"835897","display":"cyclosporine, modified 100 MG/ML [Neoral]"},{"code":"835900","display":"cyclosporine, modified 100 MG [Neoral]"},{"code":"835901","display":"cyclosporine, modified 25 MG [Neoral]"},{"code":"835787","display":"cyclosporine, modified 100 MG [Gengraf]"},{"code":"835887","display":"cyclosporine, modified 100 MG/ML [Gengraf]"},{"code":"835895","display":"cyclosporine, modified 25 MG [Gengraf]"},{"code":"1797520","display":"cyclosporine, modified 50 MG [Gengraf]"},{"code":"576100","display":"Cyclosporine 0.5 MG/ML [Restasis]"},{"code":"835916","display":"cyclosporine, modified 100 MG [Atopica]"},{"code":"835920","display":"cyclosporine, modified 10 MG [Atopica]"},{"code":"835922","display":"cyclosporine, modified 25 MG [Atopica]"},{"code":"835926","display":"cyclosporine, modified 50 MG [Atopica]"},{"code":"1233905","display":"cyclosporine, modified 100 MG/ML [Atopica]"},{"code":"1093177","display":"Cyclosporine Ophthalmic Ointment [Optimmune]"},{"code":"366488","display":"Cyclosporine Oral Capsule [Sandimmune]"},{"code":"363942","display":"Cyclosporine Oral Solution [Neoral]"},{"code":"366479","display":"Cyclosporine Oral Capsule [Neoral]"},{"code":"366173","display":"Cyclosporine Oral Capsule [Gengraf]"},{"code":"363914","display":"Cyclosporine Oral Solution [Gengraf]"},{"code":"402330","display":"Cyclosporine Ophthalmic Suspension [Restasis]"},{"code":"539499","display":"Cyclosporine Oral Capsule [Atopica]"},{"code":"94035","display":"Cyclosporine Oral Solution [Sandimmune]"},{"code":"1732366","display":"Cyclosporine Injection [Sandimmune]"},{"code":"1233906","display":"Cyclosporine Oral Solution [Atopica]"},{"code":"1093174","display":"Cyclosporine 0.002 MG/MG Ophthalmic Ointment"},{"code":"197553","display":"Cyclosporine 25 MG Oral Capsule"},{"code":"205168","display":"Cyclosporine 50 MG Oral Capsule"},{"code":"205175","display":"5 ML Cyclosporine 50 MG/ML Injection"},{"code":"309632","display":"Cyclosporine 100 MG/ML Oral Solution"},{"code":"328160","display":"Cyclosporine 100 MG Oral Capsule"},{"code":"241834","display":"cyclosporine, modified 100 MG Oral Capsule"},{"code":"351291","display":"Cyclosporine 0.5 MG/ML Ophthalmic Suspension"},{"code":"835886","display":"cyclosporine, modified 100 MG/ML Oral Solution"},{"code":"835894","display":"cyclosporine, modified 25 MG Oral Capsule"},{"code":"835919","display":"cyclosporine, modified 10 MG Oral Capsule"},{"code":"835925","display":"cyclosporine, modified 50 MG Oral Capsule"},{"code":"1093172","display":"Cyclosporine 0.002 MG/MG"},{"code":"315749","display":"Cyclosporine 100 MG"},{"code":"315750","display":"Cyclosporine 100 MG/ML"},{"code":"315751","display":"Cyclosporine 25 MG"},{"code":"315752","display":"Cyclosporine 50 MG"},{"code":"315753","display":"Cyclosporine 50 MG/ML"},{"code":"334294","display":"cyclosporine, modified 100 MG"},{"code":"353400","display":"Cyclosporine 0.5 MG/ML"},{"code":"835885","display":"cyclosporine, modified 100 MG/ML"},{"code":"835893","display":"cyclosporine, modified 25 MG"},{"code":"835918","display":"cyclosporine, modified 10 MG"},{"code":"835924","display":"cyclosporine, modified 50 MG"},{"code":"1093173","display":"Cyclosporine Ophthalmic Ointment"},{"code":"371666","display":"Cyclosporine Oral Capsule"},{"code":"371667","display":"Cyclosporine Oral Solution"},{"code":"378766","display":"Cyclosporine Ophthalmic Suspension"},{"code":"1732364","display":"Cyclosporine Injection"},{"code":"1156186","display":"Cyclosporine Injectable Product"},{"code":"1156187","display":"Cyclosporine Ophthalmic Product"},{"code":"1156188","display":"Cyclosporine Oral Liquid Product"},{"code":"1156189","display":"Cyclosporine Oral Product"},{"code":"1156190","display":"Cyclosporine Pill"},{"code":"1169824","display":"Gengraf Oral Liquid Product"},{"code":"1169825","display":"Gengraf Oral Product"},{"code":"1169826","display":"Gengraf Pill"},{"code":"1172882","display":"Atopica Oral Product"},{"code":"1172883","display":"Atopica Pill"},{"code":"1181672","display":"Neoral Oral Liquid Product"},{"code":"1181673","display":"Neoral Oral Product"},{"code":"1181674","display":"Neoral Pill"},{"code":"1182342","display":"Optimmune Ophthalmic Product"},{"code":"1182527","display":"Restasis Ophthalmic Product"},{"code":"1185408","display":"Sandimmune Injectable Product"},{"code":"1185409","display":"Sandimmune Oral Liquid Product"},{"code":"1185410","display":"Sandimmune Oral Product"},{"code":"1185411","display":"Sandimmune Pill"},{"code":"1233907","display":"Atopica Oral Liquid Product"}]}]}}