{"resourceType":"ValueSet","id":"valueset-NSAIDS","text":{"status":"generated","div":"<div xmlns=\"http://www.w3.org/1999/xhtml\"><p>This value set includes codes based on the following rules:</p><ul><li>Import all the codes that are contained in <a href=\"ValueSet-valueset-aspirin.html\">http://hl7.org/fhir/uv/pddi/ValueSet/valueset-aspirin</a></li><li>Import all the codes that are contained in <a href=\"ValueSet-valueset-bromfenac.html\">http://hl7.org/fhir/uv/pddi/ValueSet/valueset-bromfenac</a></li><li>Import all the codes that are contained in <a href=\"ValueSet-valueset-celecoxib.html\">http://hl7.org/fhir/uv/pddi/ValueSet/valueset-celecoxib</a></li><li>Import all the codes that are contained in <a href=\"ValueSet-valueset-diclofenac.html\">http://hl7.org/fhir/uv/pddi/ValueSet/valueset-diclofenac</a></li><li>Import all the codes that are contained in <a href=\"ValueSet-valueset-diflunisal.html\">http://hl7.org/fhir/uv/pddi/ValueSet/valueset-diflunisal</a></li><li>Import all the codes that are contained in <a href=\"ValueSet-valueset-etodolac.html\">http://hl7.org/fhir/uv/pddi/ValueSet/valueset-etodolac</a></li><li>Import all the codes that are contained in <a href=\"ValueSet-valueset-fenoprofen.html\">http://hl7.org/fhir/uv/pddi/ValueSet/valueset-fenoprofen</a></li><li>Import all the codes that are contained in <a href=\"ValueSet-valueset-flurbiprofen.html\">http://hl7.org/fhir/uv/pddi/ValueSet/valueset-flurbiprofen</a></li><li>Import all the codes that are contained in <a href=\"ValueSet-valueset-ibuprofen.html\">http://hl7.org/fhir/uv/pddi/ValueSet/valueset-ibuprofen</a></li><li>Import all the codes that are contained in <a href=\"ValueSet-valueset-indomethacin.html\">http://hl7.org/fhir/uv/pddi/ValueSet/valueset-indomethacin</a></li><li>Import all the codes that are contained in <a href=\"ValueSet-valueset-ketoprofen.html\">http://hl7.org/fhir/uv/pddi/ValueSet/valueset-ketoprofen</a></li><li>Import all the codes that are contained in <a href=\"ValueSet-valueset-ketorolac.html\">http://hl7.org/fhir/uv/pddi/ValueSet/valueset-ketorolac</a></li><li>Import all the codes that are contained in <a href=\"ValueSet-valueset-mefenamate.html\">http://hl7.org/fhir/uv/pddi/ValueSet/valueset-mefenamate</a></li><li>Import all the codes that are contained in <a href=\"ValueSet-valueset-meloxicam.html\">http://hl7.org/fhir/uv/pddi/ValueSet/valueset-meloxicam</a></li><li>Import all the codes that are contained in <a href=\"ValueSet-valueset-nabumetone.html\">http://hl7.org/fhir/uv/pddi/ValueSet/valueset-nabumetone</a></li><li>Import all the codes that are contained in <a href=\"ValueSet-valueset-naproxen.html\">http://hl7.org/fhir/uv/pddi/ValueSet/valueset-naproxen</a></li><li>Import all the codes that are contained in <a href=\"ValueSet-valueset-nepafenac.html\">http://hl7.org/fhir/uv/pddi/ValueSet/valueset-nepafenac</a></li><li>Import all the codes that are contained in <a href=\"ValueSet-valueset-oxaprozin.html\">http://hl7.org/fhir/uv/pddi/ValueSet/valueset-oxaprozin</a></li><li>Import all the codes that are contained in <a href=\"ValueSet-valueset-piroxicam.html\">http://hl7.org/fhir/uv/pddi/ValueSet/valueset-piroxicam</a></li><li>Import all the codes that are contained in <a href=\"ValueSet-valueset-sulindac.html\">http://hl7.org/fhir/uv/pddi/ValueSet/valueset-sulindac</a></li><li>Import all the codes that are contained in <a href=\"ValueSet-valueset-tolmetin.html\">http://hl7.org/fhir/uv/pddi/ValueSet/valueset-tolmetin</a></li></ul></div>"},"url":"http://hl7.org/fhir/uv/pddi/ValueSet/valueset-NSAIDS","version":"1.0.0-ballot","name":"Valueset_NSAIDS","title":"Nonsteroidal Anti-inflammatory Drugs Value Set","status":"draft","experimental":true,"date":"2018-07-02","publisher":"HL7 Clinical Decision Support Workgroup","contact":[{"telecom":[{"system":"url","value":"http://hl7.org/Special/committees/dss"}]}],"description":"ValueSet of ValueSets containing drug identifiers for each member in the     Established Pharmacologic Class (EPC) Nonsteroidal Anti-inflammatory Drug class (id: N0000175722).     Member by RxNorm: getRelatedByType (BN,BPCK,GPCK,IN,MIN,PIN,SBD,SBDC,SBDF,SBDG,SCD,SCDC,SCDF,SCDG)","jurisdiction":[{"coding":[{"system":"http://unstats.un.org/unsd/methods/m49/m49.htm","code":"001"}]}],"purpose":"Provide NSAID class terminology for PDDI CDS FHIR resources","copyright":"(copyright expectations unknown)","compose":{"include":[{"valueSet":["http://hl7.org/fhir/uv/pddi/ValueSet/valueset-aspirin"]},{"valueSet":["http://hl7.org/fhir/uv/pddi/ValueSet/valueset-bromfenac"]},{"valueSet":["http://hl7.org/fhir/uv/pddi/ValueSet/valueset-celecoxib"]},{"valueSet":["http://hl7.org/fhir/uv/pddi/ValueSet/valueset-diclofenac"]},{"valueSet":["http://hl7.org/fhir/uv/pddi/ValueSet/valueset-diflunisal"]},{"valueSet":["http://hl7.org/fhir/uv/pddi/ValueSet/valueset-etodolac"]},{"valueSet":["http://hl7.org/fhir/uv/pddi/ValueSet/valueset-fenoprofen"]},{"valueSet":["http://hl7.org/fhir/uv/pddi/ValueSet/valueset-flurbiprofen"]},{"valueSet":["http://hl7.org/fhir/uv/pddi/ValueSet/valueset-ibuprofen"]},{"valueSet":["http://hl7.org/fhir/uv/pddi/ValueSet/valueset-indomethacin"]},{"valueSet":["http://hl7.org/fhir/uv/pddi/ValueSet/valueset-ketoprofen"]},{"valueSet":["http://hl7.org/fhir/uv/pddi/ValueSet/valueset-ketorolac"]},{"valueSet":["http://hl7.org/fhir/uv/pddi/ValueSet/valueset-mefenamate"]},{"valueSet":["http://hl7.org/fhir/uv/pddi/ValueSet/valueset-meloxicam"]},{"valueSet":["http://hl7.org/fhir/uv/pddi/ValueSet/valueset-nabumetone"]},{"valueSet":["http://hl7.org/fhir/uv/pddi/ValueSet/valueset-naproxen"]},{"valueSet":["http://hl7.org/fhir/uv/pddi/ValueSet/valueset-nepafenac"]},{"valueSet":["http://hl7.org/fhir/uv/pddi/ValueSet/valueset-oxaprozin"]},{"valueSet":["http://hl7.org/fhir/uv/pddi/ValueSet/valueset-piroxicam"]},{"valueSet":["http://hl7.org/fhir/uv/pddi/ValueSet/valueset-sulindac"]},{"valueSet":["http://hl7.org/fhir/uv/pddi/ValueSet/valueset-tolmetin"]}]}}