{"resourceType":"ValueSet","id":"valueset-pantoprazole","text":{"status":"generated","div":"<div xmlns=\"http://www.w3.org/1999/xhtml\"><ul><li>Include these codes as defined in <a href=\"http://www.nlm.nih.gov/research/umls/rxnorm\"><code>http://www.nlm.nih.gov/research/umls/rxnorm</code></a><table class=\"none\"><tr><td style=\"white-space:nowrap\"><b>Code</b></td><td><b>Display</b></td></tr><tr><td>261624</td><td>Protonix</td></tr><tr><td>40790</td><td>pantoprazole</td></tr><tr><td>236632</td><td>pantoprazole (as pantoprazole sodium sesquihydrate)</td></tr><tr><td>253191</td><td>Pantoprazole sodium</td></tr><tr><td>284400</td><td>pantoprazole 40 MG Delayed Release Oral Tablet [Protonix]</td></tr><tr><td>352125</td><td>pantoprazole 20 MG Delayed Release Oral Tablet [Protonix]</td></tr><tr><td>763308</td><td>pantoprazole 40 MG Oral Granules [Protonix]</td></tr><tr><td>885257</td><td>pantoprazole 40 MG Injection [Protonix]</td></tr><tr><td>542443</td><td>pantoprazole 20 MG [Protonix]</td></tr><tr><td>542447</td><td>pantoprazole 40 MG [Protonix]</td></tr><tr><td>369821</td><td>pantoprazole Delayed Release Oral Tablet [Protonix]</td></tr><tr><td>763307</td><td>pantoprazole Oral Granules [Protonix]</td></tr><tr><td>1737589</td><td>pantoprazole Injection [Protonix]</td></tr><tr><td>283669</td><td>pantoprazole 40 MG Injection</td></tr><tr><td>314200</td><td>pantoprazole 40 MG Delayed Release Oral Tablet</td></tr><tr><td>763306</td><td>pantoprazole 40 MG Oral Granules</td></tr><tr><td>251872</td><td>pantoprazole 20 MG Delayed Release Oral Tablet</td></tr><tr><td>330396</td><td>pantoprazole 40 MG</td></tr><tr><td>336764</td><td>pantoprazole 20 MG</td></tr><tr><td>373222</td><td>pantoprazole Delayed Release Oral Tablet</td></tr><tr><td>763305</td><td>pantoprazole Oral Granules</td></tr><tr><td>1737587</td><td>pantoprazole Injection</td></tr><tr><td>1160733</td><td>pantoprazole Injectable Product</td></tr><tr><td>1160735</td><td>pantoprazole Oral Product</td></tr><tr><td>1160736</td><td>pantoprazole Pill</td></tr><tr><td>1295163</td><td>pantoprazole Granule Product</td></tr><tr><td>1182454</td><td>Protonix Injectable Product</td></tr><tr><td>1182455</td><td>Protonix Oral Product</td></tr><tr><td>1182456</td><td>Protonix Pill</td></tr><tr><td>1296856</td><td>Protonix Granule Product</td></tr></table></li></ul></div>"},"url":"http://hl7.org/fhir/uv/pddi/ValueSet/valueset-pantoprazole","version":"1.0.0-ballot","name":"Valueset_pantoprazole","title":"Pantoprazole Medications Value Set","status":"draft","experimental":true,"date":"2018-07-02","publisher":"HL7 Clinical Decision Support Workgroup","contact":[{"telecom":[{"system":"url","value":"http://hl7.org/Special/committees/dss"}]}],"description":"ValueSet containing drug identifiers for pantoprazole.","jurisdiction":[{"coding":[{"system":"http://unstats.un.org/unsd/methods/m49/m49.htm","code":"001"}]}],"copyright":"(copyright expectations unknown)","compose":{"include":[{"system":"http://www.nlm.nih.gov/research/umls/rxnorm","concept":[{"code":"261624","display":"Protonix"},{"code":"40790","display":"pantoprazole"},{"code":"236632","display":"pantoprazole (as pantoprazole sodium sesquihydrate)"},{"code":"253191","display":"Pantoprazole sodium"},{"code":"284400","display":"pantoprazole 40 MG Delayed Release Oral Tablet [Protonix]"},{"code":"352125","display":"pantoprazole 20 MG Delayed Release Oral Tablet [Protonix]"},{"code":"763308","display":"pantoprazole 40 MG Oral Granules [Protonix]"},{"code":"885257","display":"pantoprazole 40 MG Injection [Protonix]"},{"code":"542443","display":"pantoprazole 20 MG [Protonix]"},{"code":"542447","display":"pantoprazole 40 MG [Protonix]"},{"code":"369821","display":"pantoprazole Delayed Release Oral Tablet [Protonix]"},{"code":"763307","display":"pantoprazole Oral Granules [Protonix]"},{"code":"1737589","display":"pantoprazole Injection [Protonix]"},{"code":"283669","display":"pantoprazole 40 MG Injection"},{"code":"314200","display":"pantoprazole 40 MG Delayed Release Oral Tablet"},{"code":"763306","display":"pantoprazole 40 MG Oral Granules"},{"code":"251872","display":"pantoprazole 20 MG Delayed Release Oral Tablet"},{"code":"330396","display":"pantoprazole 40 MG"},{"code":"336764","display":"pantoprazole 20 MG"},{"code":"373222","display":"pantoprazole Delayed Release Oral Tablet"},{"code":"763305","display":"pantoprazole Oral Granules"},{"code":"1737587","display":"pantoprazole Injection"},{"code":"1160733","display":"pantoprazole Injectable Product"},{"code":"1160735","display":"pantoprazole Oral Product"},{"code":"1160736","display":"pantoprazole Pill"},{"code":"1295163","display":"pantoprazole Granule Product"},{"code":"1182454","display":"Protonix Injectable Product"},{"code":"1182455","display":"Protonix Oral Product"},{"code":"1182456","display":"Protonix Pill"},{"code":"1296856","display":"Protonix Granule Product"}]}]}}