{"resourceType":"ValueSet","id":"valueset-spironolactone","text":{"status":"generated","div":"<div xmlns=\"http://www.w3.org/1999/xhtml\"><ul><li>Include these codes as defined in <a href=\"http://www.nlm.nih.gov/research/umls/rxnorm\"><code>http://www.nlm.nih.gov/research/umls/rxnorm</code></a><table class=\"none\"><tr><td style=\"white-space:nowrap\"><b>Code</b></td><td><b>Display</b></td></tr><tr><td>151317</td><td>Aldactone</td></tr><tr><td>17276</td><td>Aldactazide</td></tr><tr><td>9997</td><td>Spironolactone</td></tr><tr><td>1008908</td><td>althiazide / Spironolactone</td></tr><tr><td>1008922</td><td>Bendroflumethiazide / Spironolactone</td></tr><tr><td>151194</td><td>Hydroflumethiazide / Spironolactone</td></tr><tr><td>324042</td><td>Hydrochlorothiazide / Spironolactone</td></tr><tr><td>392462</td><td>Furosemide / Spironolactone</td></tr><tr><td>814684</td><td>buthiazide / Spironolactone</td></tr><tr><td>200817</td><td>Spironolactone 50 MG Oral Tablet [Aldactone]</td></tr><tr><td>200820</td><td>Spironolactone 25 MG Oral Tablet [Aldactone]</td></tr><tr><td>200825</td><td>Spironolactone 100 MG Oral Tablet [Aldactone]</td></tr><tr><td>208112</td><td>Hydrochlorothiazide 25 MG / Spironolactone 25 MG Oral Tablet [Aldactazide]</td></tr><tr><td>208116</td><td>Hydrochlorothiazide 50 MG / Spironolactone 50 MG Oral Tablet [Aldactazide]</td></tr><tr><td>565465</td><td>Spironolactone 50 MG [Aldactone]</td></tr><tr><td>565468</td><td>Spironolactone 25 MG [Aldactone]</td></tr><tr><td>565473</td><td>Spironolactone 100 MG [Aldactone]</td></tr><tr><td>568840</td><td>Hydrochlorothiazide 25 MG / Spironolactone 25 MG [Aldactazide]</td></tr><tr><td>568844</td><td>Hydrochlorothiazide 50 MG / Spironolactone 50 MG [Aldactazide]</td></tr><tr><td>368071</td><td>Spironolactone Oral Tablet [Aldactone]</td></tr><tr><td>369279</td><td>Hydrochlorothiazide / Spironolactone Oral Tablet [Aldactazide]</td></tr><tr><td>198222</td><td>Spironolactone 100 MG Oral Tablet</td></tr><tr><td>198224</td><td>Hydrochlorothiazide 25 MG / Spironolactone 25 MG Oral Tablet</td></tr><tr><td>250376</td><td>Hydroflumethiazide 25 MG / Spironolactone 25 MG Oral Tablet</td></tr><tr><td>313096</td><td>Spironolactone 25 MG Oral Tablet</td></tr><tr><td>198223</td><td>Spironolactone 50 MG Oral Tablet</td></tr><tr><td>198225</td><td>Hydrochlorothiazide 50 MG / Spironolactone 50 MG Oral Tablet</td></tr><tr><td>246399</td><td>Furosemide 20 MG / Spironolactone 50 MG Oral Capsule</td></tr><tr><td>250377</td><td>Hydroflumethiazide 50 MG / Spironolactone 50 MG Oral Tablet</td></tr><tr><td>104230</td><td>Spironolactone 1 MG/ML Oral Suspension</td></tr><tr><td>104231</td><td>Spironolactone 2 MG/ML Oral Suspension</td></tr><tr><td>104232</td><td>Spironolactone 5 MG/ML Oral Suspension</td></tr><tr><td>104233</td><td>Spironolactone 10 MG/ML Oral Suspension</td></tr><tr><td>316727</td><td>Spironolactone 100 MG</td></tr><tr><td>316728</td><td>Spironolactone 25 MG</td></tr><tr><td>317508</td><td>Spironolactone 50 MG</td></tr><tr><td>360518</td><td>Spironolactone 1 MG/ML</td></tr><tr><td>360519</td><td>Spironolactone 2 MG/ML</td></tr><tr><td>360520</td><td>Spironolactone 5 MG/ML</td></tr><tr><td>360521</td><td>Spironolactone 10 MG/ML</td></tr><tr><td>370639</td><td>Hydrochlorothiazide / Spironolactone Oral Tablet</td></tr><tr><td>373944</td><td>Furosemide / Spironolactone Oral Capsule</td></tr><tr><td>373946</td><td>Spironolactone Oral Tablet</td></tr><tr><td>373948</td><td>Hydroflumethiazide / Spironolactone Oral Tablet</td></tr><tr><td>379251</td><td>Spironolactone Oral Suspension</td></tr><tr><td>1161121</td><td>Spironolactone Oral Liquid Product</td></tr><tr><td>1161122</td><td>Spironolactone Oral Product</td></tr><tr><td>1161123</td><td>Spironolactone Pill</td></tr><tr><td>1162146</td><td>Hydrochlorothiazide / Spironolactone Oral Product</td></tr><tr><td>1162147</td><td>Hydrochlorothiazide / Spironolactone Pill</td></tr><tr><td>1162708</td><td>Furosemide / Spironolactone Oral Product</td></tr><tr><td>1162709</td><td>Furosemide / Spironolactone Pill</td></tr><tr><td>1164019</td><td>Hydroflumethiazide / Spironolactone Oral Product</td></tr><tr><td>1164020</td><td>Hydroflumethiazide / Spironolactone Pill</td></tr><tr><td>1174848</td><td>Aldactone Oral Product</td></tr><tr><td>1174849</td><td>Aldactone Pill</td></tr><tr><td>1174846</td><td>Aldactazide Oral Product</td></tr><tr><td>1174847</td><td>Aldactazide Pill</td></tr></table></li></ul></div>"},"url":"http://hl7.org/fhir/uv/pddi/ValueSet/valueset-spironolactone","version":"1.0.0-ballot","name":"Valueset_spironolactone","title":"Spironolactone Medications Value Set","status":"draft","experimental":true,"date":"2018-07-02","publisher":"HL7 Clinical Decision Support Workgroup","contact":[{"telecom":[{"system":"url","value":"http://hl7.org/Special/committees/dss"}]}],"description":"ValueSet containing drug identifiers for spironolactone.","jurisdiction":[{"coding":[{"system":"http://unstats.un.org/unsd/methods/m49/m49.htm","code":"001"}]}],"copyright":"(copyright expectations unknown)","compose":{"include":[{"system":"http://www.nlm.nih.gov/research/umls/rxnorm","concept":[{"code":"151317","display":"Aldactone"},{"code":"17276","display":"Aldactazide"},{"code":"9997","display":"Spironolactone"},{"code":"1008908","display":"althiazide / Spironolactone"},{"code":"1008922","display":"Bendroflumethiazide / Spironolactone"},{"code":"151194","display":"Hydroflumethiazide / Spironolactone"},{"code":"324042","display":"Hydrochlorothiazide / Spironolactone"},{"code":"392462","display":"Furosemide / Spironolactone"},{"code":"814684","display":"buthiazide / Spironolactone"},{"code":"200817","display":"Spironolactone 50 MG Oral Tablet [Aldactone]"},{"code":"200820","display":"Spironolactone 25 MG Oral Tablet [Aldactone]"},{"code":"200825","display":"Spironolactone 100 MG Oral Tablet [Aldactone]"},{"code":"208112","display":"Hydrochlorothiazide 25 MG / Spironolactone 25 MG Oral Tablet [Aldactazide]"},{"code":"208116","display":"Hydrochlorothiazide 50 MG / Spironolactone 50 MG Oral Tablet [Aldactazide]"},{"code":"565465","display":"Spironolactone 50 MG [Aldactone]"},{"code":"565468","display":"Spironolactone 25 MG [Aldactone]"},{"code":"565473","display":"Spironolactone 100 MG [Aldactone]"},{"code":"568840","display":"Hydrochlorothiazide 25 MG / Spironolactone 25 MG [Aldactazide]"},{"code":"568844","display":"Hydrochlorothiazide 50 MG / Spironolactone 50 MG [Aldactazide]"},{"code":"368071","display":"Spironolactone Oral Tablet [Aldactone]"},{"code":"369279","display":"Hydrochlorothiazide / Spironolactone Oral Tablet [Aldactazide]"},{"code":"198222","display":"Spironolactone 100 MG Oral Tablet"},{"code":"198224","display":"Hydrochlorothiazide 25 MG / Spironolactone 25 MG Oral Tablet"},{"code":"250376","display":"Hydroflumethiazide 25 MG / Spironolactone 25 MG Oral Tablet"},{"code":"313096","display":"Spironolactone 25 MG Oral Tablet"},{"code":"198223","display":"Spironolactone 50 MG Oral Tablet"},{"code":"198225","display":"Hydrochlorothiazide 50 MG / Spironolactone 50 MG Oral Tablet"},{"code":"246399","display":"Furosemide 20 MG / Spironolactone 50 MG Oral Capsule"},{"code":"250377","display":"Hydroflumethiazide 50 MG / Spironolactone 50 MG Oral Tablet"},{"code":"104230","display":"Spironolactone 1 MG/ML Oral Suspension"},{"code":"104231","display":"Spironolactone 2 MG/ML Oral Suspension"},{"code":"104232","display":"Spironolactone 5 MG/ML Oral Suspension"},{"code":"104233","display":"Spironolactone 10 MG/ML Oral Suspension"},{"code":"316727","display":"Spironolactone 100 MG"},{"code":"316728","display":"Spironolactone 25 MG"},{"code":"317508","display":"Spironolactone 50 MG"},{"code":"360518","display":"Spironolactone 1 MG/ML"},{"code":"360519","display":"Spironolactone 2 MG/ML"},{"code":"360520","display":"Spironolactone 5 MG/ML"},{"code":"360521","display":"Spironolactone 10 MG/ML"},{"code":"370639","display":"Hydrochlorothiazide / Spironolactone Oral Tablet"},{"code":"373944","display":"Furosemide / Spironolactone Oral Capsule"},{"code":"373946","display":"Spironolactone Oral Tablet"},{"code":"373948","display":"Hydroflumethiazide / Spironolactone Oral Tablet"},{"code":"379251","display":"Spironolactone Oral Suspension"},{"code":"1161121","display":"Spironolactone Oral Liquid Product"},{"code":"1161122","display":"Spironolactone Oral Product"},{"code":"1161123","display":"Spironolactone Pill"},{"code":"1162146","display":"Hydrochlorothiazide / Spironolactone Oral Product"},{"code":"1162147","display":"Hydrochlorothiazide / Spironolactone Pill"},{"code":"1162708","display":"Furosemide / Spironolactone Oral Product"},{"code":"1162709","display":"Furosemide / Spironolactone Pill"},{"code":"1164019","display":"Hydroflumethiazide / Spironolactone Oral Product"},{"code":"1164020","display":"Hydroflumethiazide / Spironolactone Pill"},{"code":"1174848","display":"Aldactone Oral Product"},{"code":"1174849","display":"Aldactone Pill"},{"code":"1174846","display":"Aldactazide Oral Product"},{"code":"1174847","display":"Aldactazide Pill"}]}]}}