{"resourceType":"ValueSet","id":"valueset-betamethasone","text":{"status":"generated","div":"<div xmlns=\"http://www.w3.org/1999/xhtml\"><ul><li>Include these codes as defined in <a href=\"http://www.nlm.nih.gov/research/umls/rxnorm\"><code>http://www.nlm.nih.gov/research/umls/rxnorm</code></a><table class=\"none\"><tr><td style=\"white-space:nowrap\"><b>Code</b></td><td><b>Display</b></td></tr><tr><td>215657</td><td>Betaderm</td></tr><tr><td>215666</td><td>Betanate</td></tr><tr><td>216427</td><td>Del-Beta</td></tr><tr><td>216664</td><td>Diprolene</td></tr><tr><td>218093</td><td>Lotrisone</td></tr><tr><td>261566</td><td>Luxiq</td></tr><tr><td>47847</td><td>Celestone Soluspan</td></tr><tr><td>748281</td><td>Taclonex</td></tr><tr><td>882520</td><td>GentaVed</td></tr><tr><td>1367483</td><td>Gentacalm</td></tr><tr><td>1367698</td><td>Vetromax</td></tr><tr><td>1430111</td><td>Tri-Otic for Canines</td></tr><tr><td>1435263</td><td>Betagen brand of Betamethasone and Gentamicin</td></tr><tr><td>1438524</td><td>Gentaspray</td></tr><tr><td>1551489</td><td>Genone</td></tr><tr><td>1551494</td><td>Gentaotic</td></tr><tr><td>1552569</td><td>Malotic</td></tr><tr><td>1595993</td><td>Relifor</td></tr><tr><td>1596456</td><td>Remicin</td></tr><tr><td>1660746</td><td>Betavet</td></tr><tr><td>1666754</td><td>Otomax</td></tr><tr><td>1716095</td><td>Enstilar</td></tr><tr><td>1738537</td><td>Sernivo</td></tr><tr><td>1514</td><td>Betamethasone</td></tr><tr><td>1000708</td><td>Betamethasone / Clioquinol</td></tr><tr><td>1000711</td><td>Betamethasone / Salicylic Acid</td></tr><tr><td>1007039</td><td>Betamethasone / Betamethasone acetate</td></tr><tr><td>1007339</td><td>Betamethasone / Fusidate</td></tr><tr><td>1008642</td><td>Betamethasone / diphenylpyraline</td></tr><tr><td>1008651</td><td>Betamethasone / Diclofenac / Vitamin B 12</td></tr><tr><td>1008900</td><td>Betamethasone / Sulfacetamide</td></tr><tr><td>1009122</td><td>Betamethasone / magnesium trisilicate</td></tr><tr><td>106928</td><td>Betamethasone / Clotrimazole</td></tr><tr><td>608253</td><td>Betamethasone / Neomycin</td></tr><tr><td>690419</td><td>Betamethasone / calcipotriene</td></tr><tr><td>814034</td><td>Betamethasone / Terfenadine</td></tr><tr><td>819049</td><td>Betamethasone / Loratadine</td></tr><tr><td>1596454</td><td>Betamethasone / Clotrimazole / Gentamicin</td></tr><tr><td>1651569</td><td>Betamethasone / hydroquinone / Tretinoin</td></tr><tr><td>1870197</td><td>Betamethasone / Gentamicin</td></tr><tr><td>1516</td><td>Betamethasone acetate</td></tr><tr><td>1517</td><td>Betamethasone benzoate</td></tr><tr><td>19254</td><td>betamethasone dipropionate</td></tr><tr><td>203220</td><td>betamethasone sodium phosphate</td></tr><tr><td>215664</td><td>betamethasone dipropionate, augmented</td></tr><tr><td>227897</td><td>Betamethasone valerate</td></tr><tr><td>213540</td><td>Betamethasone 0.5 MG/ML Topical Cream [Betanate]</td></tr><tr><td>213560</td><td>Betamethasone 1 MG/ML Topical Cream [Betaderm]</td></tr><tr><td>213541</td><td>Betamethasone 0.5 MG/ML Topical Cream [Del-Beta]</td></tr><tr><td>351894</td><td>Betamethasone 0.5 MG/ML Topical Lotion [Del-Beta]</td></tr><tr><td>848195</td><td>Augmented Betamethasone 0.5 MG/ML Topical Cream [Diprolene]</td></tr><tr><td>848197</td><td>Augmented Betamethasone 0.5 MG/ML Topical Lotion [Diprolene]</td></tr><tr><td>848200</td><td>Augmented Betamethasone 0.0005 MG/MG Topical Ointment [Diprolene]</td></tr><tr><td>213641</td><td>Betamethasone 0.5 MG/ML / Clotrimazole 10 MG/ML Topical                     Cream [Lotrisone]</td></tr><tr><td>1244636</td><td>Betamethasone valerate 1.2 MG/ML Topical Foam [Luxiq]</td></tr><tr><td>578806</td><td>Betamethasone 3 MG/ML / Betamethasone acetate 3 MG/ML                     Injectable Suspension [Celestone Soluspan]</td></tr><tr><td>833463</td><td>Betamethasone 0.5 MG/ML / calcipotriene 0.05 MG/ML Topical                     Lotion [Taclonex]</td></tr><tr><td>833472</td><td>Betamethasone 0.0005 MG/MG / calcipotriene 0.00005 MG/MG                     Topical Ointment [Taclonex]</td></tr><tr><td>1426861</td><td>Betamethasone 0.284 MG/ML / Gentamicin 0.57 MG/ML Topical                     Spray [GentaVed]</td></tr><tr><td>1549539</td><td>Betamethasone 1 MG/ML / Gentamicin 3 MG/ML Otic Solution [GentaVed]</td></tr><tr><td>1546288</td><td>Betamethasone 0.284 MG/ML / Gentamicin 0.57 MG/ML Topical                     Spray [Gentacalm]</td></tr><tr><td>1367702</td><td>Betamethasone 0.001 MG/MG / Clotrimazole 0.01 MG/MG /                     Gentamicin 0.003 MG/MG Otic Ointment [Vetromax]</td></tr><tr><td>1430115</td><td>Betamethasone 0.001 MG/MG / Clotrimazole 0.01 MG/MG /                     Gentamicin 0.003 MG/MG Otic Ointment [Tri-Otic for Canines]</td></tr><tr><td>1435267</td><td>Betamethasone 0.284 MG/ML / Gentamicin 0.57 MG/ML Topical                     Spray [Betagen brand of Betamethasone and Gentamicin]</td></tr><tr><td>1438528</td><td>Betamethasone 0.284 MG/ML / Gentamicin 0.57 MG/ML Topical                     Spray [Gentaspray]</td></tr><tr><td>1551493</td><td>Betamethasone 0.284 MG/ML / Gentamicin 0.57 MG/ML Topical                     Spray [Genone]</td></tr><tr><td>1551498</td><td>Betamethasone 1 MG/ML / Gentamicin 3 MG/ML Otic Solution [Gentaotic]</td></tr><tr><td>1552573</td><td>Betamethasone 0.001 MG/MG / Clotrimazole 0.01 MG/MG /                     Gentamicin 0.003 MG/MG Otic Ointment [Malotic]</td></tr><tr><td>1595997</td><td>Betamethasone 0.284 MG/ML / Gentamicin 0.57 MG/ML Topical                     Spray [Relifor]</td></tr><tr><td>1596460</td><td>Betamethasone 0.001 MG/MG / Clotrimazole 0.01 MG/MG /                     Gentamicin 0.003 MG/MG Otic Ointment [Remicin]</td></tr><tr><td>1660750</td><td>Betamethasone 6 MG/ML Injectable Suspension [Betavet]</td></tr><tr><td>1666758</td><td>Betamethasone 0.001 MG/MG / Clotrimazole 0.01 MG/MG /                     Gentamicin 0.003 MG/MG Otic Ointment [Otomax]</td></tr><tr><td>1716099</td><td>betamethasone dipropionate 0.643 MG/ML / calcipotriene 0.05                     MG/ML Topical Foam [Enstilar]</td></tr><tr><td>1738541</td><td>Betamethasone 0.5 MG/ML Topical Spray [Sernivo]</td></tr><tr><td>573426</td><td>Betamethasone 0.5 MG/ML [Betanate]</td></tr><tr><td>573443</td><td>Betamethasone 1 MG/ML [Betaderm]</td></tr><tr><td>573427</td><td>Betamethasone 0.5 MG/ML [Del-Beta]</td></tr><tr><td>573460</td><td>Betamethasone 0.0005 MG/MG [Diprolene]</td></tr><tr><td>573461</td><td>Betamethasone 0.5 MG/ML [Diprolene]</td></tr><tr><td>573509</td><td>Betamethasone 0.5 MG/ML / Clotrimazole 10 MG/ML [Lotrisone]</td></tr><tr><td>1244635</td><td>Betamethasone valerate 1.2 MG/ML [Luxiq]</td></tr><tr><td>578804</td><td>Betamethasone 3 MG/ML / Betamethasone acetate 3 MG/ML                     [Celestone Soluspan]</td></tr><tr><td>833462</td><td>Betamethasone 0.5 MG/ML / calcipotriene 0.05 MG/ML [Taclonex]</td></tr><tr><td>833471</td><td>Betamethasone 0.0005 MG/MG / calcipotriene 0.00005 MG/MG [Taclonex]</td></tr><tr><td>1870211</td><td>Betamethasone 0.284 MG/ML / Gentamicin 0.57 MG/ML [GentaVed]</td></tr><tr><td>1870308</td><td>Betamethasone 1 MG/ML / Gentamicin 3 MG/ML [GentaVed]</td></tr><tr><td>1870234</td><td>Betamethasone 0.284 MG/ML / Gentamicin 0.57 MG/ML [Gentacalm]</td></tr><tr><td>1870682</td><td>Betamethasone 0.001 MG/MG / Clotrimazole 0.01 MG/MG /                     Gentamicin 0.003 MG/MG [Vetromax]</td></tr><tr><td>1870202</td><td>Betamethasone 0.284 MG/ML / Gentamicin 0.57 MG/ML [Betagen                     brand of Betamethasone and Gentamicin]</td></tr><tr><td>1870237</td><td>Betamethasone 0.284 MG/ML / Gentamicin 0.57 MG/ML [Gentaspray]</td></tr><tr><td>1870678</td><td>Betamethasone 0.001 MG/MG / Clotrimazole 0.01 MG/MG /                     Gentamicin 0.003 MG/MG [Tri-Otic for Canines]</td></tr><tr><td>1596457</td><td>Betamethasone 0.001 MG/MG / Clotrimazole 0.01 MG/MG /                     Gentamicin 0.003 MG/MG [Remicin]</td></tr><tr><td>1870240</td><td>Betamethasone 0.284 MG/ML / Gentamicin 0.57 MG/ML [Relifor]</td></tr><tr><td>1870285</td><td>Betamethasone 0.284 MG/ML / Gentamicin 0.57 MG/ML [Genone]</td></tr><tr><td>1870311</td><td>Betamethasone 1 MG/ML / Gentamicin 3 MG/ML [Gentaotic]</td></tr><tr><td>1870673</td><td>Betamethasone 0.001 MG/MG / Clotrimazole 0.01 MG/MG /                     Gentamicin 0.003 MG/MG [Malotic]</td></tr><tr><td>1660747</td><td>Betamethasone 6 MG/ML [Betavet]</td></tr><tr><td>1666755</td><td>Betamethasone 0.001 MG/MG / Clotrimazole 0.01 MG/MG /                     Gentamicin 0.003 MG/MG [Otomax]</td></tr><tr><td>1716096</td><td>betamethasone dipropionate 0.643 MG/ML / calcipotriene 0.05                     MG/ML [Enstilar]</td></tr><tr><td>1738538</td><td>Betamethasone 0.5 MG/ML [Sernivo]</td></tr><tr><td>362379</td><td>Betamethasone Topical Cream [Betaderm]</td></tr><tr><td>362383</td><td>Betamethasone Topical Cream [Betanate]</td></tr><tr><td>362212</td><td>Betamethasone Topical Cream [Del-Beta]</td></tr><tr><td>365805</td><td>Betamethasone Topical Lotion [Del-Beta]</td></tr><tr><td>362385</td><td>Betamethasone / Clotrimazole Topical Cream [Lotrisone]</td></tr><tr><td>365600</td><td>Betamethasone Injectable Suspension [Celestone Soluspan]</td></tr><tr><td>384500</td><td>Betamethasone Topical Foam [Luxiq]</td></tr><tr><td>828645</td><td>Betamethasone / calcipotriene Topical Lotion [Taclonex]</td></tr><tr><td>748283</td><td>Betamethasone / calcipotriene Topical Ointment [Taclonex]</td></tr><tr><td>1596458</td><td>Betamethasone / Clotrimazole / Gentamicin Otic Ointment [Remicin]</td></tr><tr><td>1660748</td><td>Betamethasone Injectable Suspension [Betavet]</td></tr><tr><td>1666756</td><td>Betamethasone / Clotrimazole / Gentamicin Otic Ointment [Otomax]</td></tr><tr><td>1716097</td><td>Betamethasone / calcipotriene Topical Foam [Enstilar]</td></tr><tr><td>1738539</td><td>Betamethasone Topical Spray [Sernivo]</td></tr><tr><td>1856386</td><td>Betamethasone Topical Cream [Diprolene]</td></tr><tr><td>1856389</td><td>Betamethasone Topical Lotion [Diprolene]</td></tr><tr><td>1856383</td><td>Betamethasone Topical Ointment [Diprolene]</td></tr><tr><td>1870212</td><td>Betamethasone / Gentamicin Topical Spray [GentaVed]</td></tr><tr><td>1870309</td><td>Betamethasone / Gentamicin Otic Solution [GentaVed]</td></tr><tr><td>1870235</td><td>Betamethasone / Gentamicin Topical Spray [Gentacalm]</td></tr><tr><td>1870683</td><td>Betamethasone / Clotrimazole / Gentamicin Otic Ointment [Vetromax]</td></tr><tr><td>1870679</td><td>Betamethasone / Clotrimazole / Gentamicin Otic Ointment                     [Tri-Otic for Canines]</td></tr><tr><td>1870203</td><td>Betamethasone / Gentamicin Topical Spray [Betagen brand of                     Betamethasone and Gentamicin]</td></tr><tr><td>1870238</td><td>Betamethasone / Gentamicin Topical Spray [Gentaspray]</td></tr><tr><td>1870286</td><td>Betamethasone / Gentamicin Topical Spray [Genone]</td></tr><tr><td>1870312</td><td>Betamethasone / Gentamicin Otic Solution [Gentaotic]</td></tr><tr><td>1870674</td><td>Betamethasone / Clotrimazole / Gentamicin Otic Ointment [Malotic]</td></tr><tr><td>1870241</td><td>Betamethasone / Gentamicin Topical Spray [Relifor]</td></tr><tr><td>308709</td><td>Betamethasone 0.6 MG Oral Tablet</td></tr><tr><td>670084</td><td>Betamethasone 0.12 MG/ML Oral Solution</td></tr><tr><td>106242</td><td>Betamethasone 0.001 MG/MG / Clioquinol 0.03 MG/MG Topical Ointment</td></tr><tr><td>197409</td><td>Betamethasone 0.001 MG/MG Topical Ointment</td></tr><tr><td>249596</td><td>Betamethasone 0.001 MG/MG Ophthalmic Ointment</td></tr><tr><td>250726</td><td>Betamethasone 0.001 MG/MG / Neomycin 0.005 MG/MG Ophthalmic Ointment</td></tr><tr><td>250727</td><td>Betamethasone 0.001 MG/MG / Neomycin 0.005 MG/MG Topical Ointment</td></tr><tr><td>308717</td><td>Betamethasone 3 MG/ML Injectable Solution</td></tr><tr><td>313874</td><td>Betamethasone 1.2 MG/ML Topical Spray</td></tr><tr><td>578803</td><td>Betamethasone 3 MG/ML / Betamethasone acetate 3 MG/ML                     Injectable Suspension</td></tr><tr><td>1596455</td><td>Betamethasone 0.001 MG/MG / Clotrimazole 0.01 MG/MG /                     Gentamicin 0.003 MG/MG Otic Ointment</td></tr><tr><td>197405</td><td>Betamethasone 0.0005 MG/MG Topical Ointment</td></tr><tr><td>240571</td><td>Betamethasone 0.0005 MG/MG Topical Gel</td></tr><tr><td>247451</td><td>Betamethasone 0.0005 MG/MG / Salicylic Acid 0.03 MG/MG                     Topical Ointment</td></tr><tr><td>308713</td><td>Betamethasone 0.00025 MG/MG Topical Ointment</td></tr><tr><td>308718</td><td>Betamethasone 4 MG/ML Injectable Solution</td></tr><tr><td>388525</td><td>Betamethasone 0.0005 MG/MG / calcipotriene 0.00005 MG/MG                     Topical Ointment</td></tr><tr><td>848180</td><td>Augmented Betamethasone 0.0005 MG/MG Topical Ointment</td></tr><tr><td>848208</td><td>Augmented Betamethasone 0.0005 MG/MG Topical Gel</td></tr><tr><td>105389</td><td>Betamethasone 0.5 MG Disintegrating Oral Tablet</td></tr><tr><td>245258</td><td>Betamethasone 0.5 MG Oral Tablet</td></tr><tr><td>1651571</td><td>Betamethasone 5 MG/ML / hydroquinone 120 MG/ML / Tretinoin 1                     MG/ML Topical Cream</td></tr><tr><td>106241</td><td>Betamethasone 0.5 MG/ML / Salicylic Acid 30 MG/ML Topical Lotion</td></tr><tr><td>106243</td><td>Betamethasone 1 MG/ML / Clioquinol 30 MG/ML Topical Cream</td></tr><tr><td>197407</td><td>Betamethasone 1 MG/ML Topical Cream</td></tr><tr><td>197408</td><td>Betamethasone 1 MG/ML Topical Lotion</td></tr><tr><td>238920</td><td>Betamethasone 0.5 MG/ML Topical Cream</td></tr><tr><td>240209</td><td>Betamethasone 0.5 MG/ML Topical Lotion</td></tr><tr><td>249576</td><td>Betamethasone 1 MG/ML / Neomycin 5 MG/ML Topical Cream</td></tr><tr><td>250861</td><td>Betamethasone 1 MG/ML Topical Solution</td></tr><tr><td>308714</td><td>Betamethasone 0.5 MG/ML / Clotrimazole 10 MG/ML Topical Cream</td></tr><tr><td>308715</td><td>Betamethasone 0.5 MG/ML / Clotrimazole 10 MG/ML Topical Lotion</td></tr><tr><td>618616</td><td>Betamethasone 1 MG/ML / Fusidate 20 MG/ML Topical Cream</td></tr><tr><td>833461</td><td>Betamethasone 0.5 MG/ML / calcipotriene 0.05 MG/ML Topical Lotion</td></tr><tr><td>848176</td><td>Augmented Betamethasone 0.5 MG/ML Topical Cream</td></tr><tr><td>848178</td><td>Augmented Betamethasone 0.5 MG/ML Topical Lotion</td></tr><tr><td>1546194</td><td>Betamethasone 1 MG/ML / Gentamicin 3 MG/ML Otic Solution</td></tr><tr><td>1738536</td><td>Betamethasone 0.5 MG/ML Topical Spray</td></tr><tr><td>247443</td><td>Betamethasone 0.5 MG/ML / Salicylic Acid 20 MG/ML Topical Lotion</td></tr><tr><td>247480</td><td>Betamethasone 1 MG/ML Ophthalmic Solution</td></tr><tr><td>244486</td><td>Betamethasone 0.25 MG/ML Topical Cream</td></tr><tr><td>1660745</td><td>Betamethasone 6 MG/ML Injectable Suspension</td></tr><tr><td>1093235</td><td>Betamethasone 0.284 MG/ML / Gentamicin 0.57 MG/ML Topical Spray</td></tr><tr><td>895257</td><td>Betamethasone 0.005 MG/MG Topical Ointment</td></tr><tr><td>1716094</td><td>betamethasone dipropionate 0.643 MG/ML / calcipotriene 0.05                     MG/ML Topical Foam</td></tr><tr><td>1244634</td><td>Betamethasone valerate 1.2 MG/ML Topical Foam</td></tr><tr><td>247070</td><td>Betamethasone 0.05 MG/ML Enema</td></tr><tr><td>315476</td><td>Betamethasone 0.12 MG/ML</td></tr><tr><td>315477</td><td>Betamethasone 0.6 MG</td></tr><tr><td>329583</td><td>Betamethasone 3 MG/ML</td></tr><tr><td>329584</td><td>Betamethasone 0.001 MG/MG</td></tr><tr><td>329585</td><td>Betamethasone 1.2 MG/ML</td></tr><tr><td>330632</td><td>Betamethasone 0.0005 MG/MG</td></tr><tr><td>330662</td><td>Betamethasone 0.00025 MG/MG</td></tr><tr><td>331514</td><td>Betamethasone 4 MG/ML</td></tr><tr><td>332611</td><td>Betamethasone 5 MG/ML</td></tr><tr><td>332617</td><td>Betamethasone 0.5 MG</td></tr><tr><td>340091</td><td>Betamethasone 1 MG/ML</td></tr><tr><td>340130</td><td>Betamethasone 0.5 MG/ML</td></tr><tr><td>350715</td><td>Betamethasone 6 MG/ML</td></tr><tr><td>358481</td><td>Betamethasone 0.25 MG/ML</td></tr><tr><td>358827</td><td>Betamethasone acetate 3 MG/ML</td></tr><tr><td>882515</td><td>Betamethasone 0.284 MG/ML</td></tr><tr><td>895256</td><td>Betamethasone 0.005 MG/MG</td></tr><tr><td>1716092</td><td>betamethasone dipropionate 0.643 MG/ML</td></tr><tr><td>1244633</td><td>Betamethasone valerate 1.2 MG/ML</td></tr><tr><td>332614</td><td>Betamethasone 0.05 MG/ML</td></tr><tr><td>371049</td><td>Betamethasone Injectable Solution</td></tr><tr><td>371053</td><td>Betamethasone Oral Solution</td></tr><tr><td>371056</td><td>Betamethasone Oral Tablet</td></tr><tr><td>371057</td><td>Betamethasone Topical Solution</td></tr><tr><td>373023</td><td>Betamethasone / Neomycin Ophthalmic Ointment</td></tr><tr><td>373025</td><td>Betamethasone / Neomycin Topical Ointment</td></tr><tr><td>374614</td><td>Betamethasone Topical Ointment</td></tr><tr><td>376455</td><td>Betamethasone / Salicylic Acid Topical Ointment</td></tr><tr><td>376456</td><td>Betamethasone / Clioquinol Topical Ointment</td></tr><tr><td>376457</td><td>Betamethasone Ophthalmic Ointment</td></tr><tr><td>377311</td><td>Betamethasone Topical Spray</td></tr><tr><td>377608</td><td>Betamethasone / Clioquinol Topical Cream</td></tr><tr><td>377611</td><td>Betamethasone / Neomycin Topical Cream</td></tr><tr><td>377613</td><td>Betamethasone Topical Cream</td></tr><tr><td>377614</td><td>Betamethasone Topical Lotion</td></tr><tr><td>377967</td><td>Betamethasone Topical Gel</td></tr><tr><td>378086</td><td>Betamethasone / Clotrimazole Topical Cream</td></tr><tr><td>378340</td><td>Betamethasone Injectable Suspension</td></tr><tr><td>379106</td><td>Betamethasone / Clotrimazole Topical Lotion</td></tr><tr><td>379265</td><td>Betamethasone Disintegrating Oral Tablet</td></tr><tr><td>379391</td><td>Betamethasone / Salicylic Acid Topical Lotion</td></tr><tr><td>384499</td><td>Betamethasone Topical Foam</td></tr><tr><td>393355</td><td>Betamethasone / calcipotriene Topical Ointment</td></tr><tr><td>618615</td><td>Betamethasone / Fusidate Topical Cream</td></tr><tr><td>797234</td><td>Betamethasone / calcipotriene Topical Lotion</td></tr><tr><td>1596453</td><td>Betamethasone / Clotrimazole / Gentamicin Otic Ointment</td></tr><tr><td>1651568</td><td>Betamethasone / hydroquinone / Tretinoin Topical Cream</td></tr><tr><td>1716093</td><td>Betamethasone / calcipotriene Topical Foam</td></tr><tr><td>371051</td><td>Betamethasone Enema</td></tr><tr><td>371052</td><td>Betamethasone Ophthalmic Solution</td></tr><tr><td>1870196</td><td>Betamethasone / Gentamicin Topical Spray</td></tr><tr><td>1870306</td><td>Betamethasone / Gentamicin Otic Solution</td></tr><tr><td>1153767</td><td>Betamethasone / Clioquinol Topical Product</td></tr><tr><td>1153768</td><td>Betamethasone / Clotrimazole Topical Product</td></tr><tr><td>1153771</td><td>Betamethasone / Fusidate Topical Product</td></tr><tr><td>1153781</td><td>Betamethasone / Neomycin Ophthalmic Product</td></tr><tr><td>1153782</td><td>Betamethasone / Neomycin Topical Product</td></tr><tr><td>1153783</td><td>Betamethasone / Salicylic Acid Topical Product</td></tr><tr><td>1153789</td><td>Betamethasone / calcipotriene Topical Product</td></tr><tr><td>1153796</td><td>Betamethasone Injectable Product</td></tr><tr><td>1153798</td><td>Betamethasone Ophthalmic Product</td></tr><tr><td>1153799</td><td>Betamethasone Oral Liquid Product</td></tr><tr><td>1153800</td><td>Betamethasone Oral Product</td></tr><tr><td>1153802</td><td>Betamethasone Pill</td></tr><tr><td>1153804</td><td>Betamethasone Topical Product</td></tr><tr><td>1596452</td><td>Betamethasone / Clotrimazole / Gentamicin Otic Product</td></tr><tr><td>1651567</td><td>Betamethasone / hydroquinone / Tretinoin Topical Product</td></tr><tr><td>1295250</td><td>Betamethasone Disintegrating Oral Product</td></tr><tr><td>1153803</td><td>Betamethasone Rectal Product</td></tr><tr><td>1870195</td><td>Betamethasone / Gentamicin Topical Product</td></tr><tr><td>1870305</td><td>Betamethasone / Gentamicin Otic Product</td></tr><tr><td>1660749</td><td>Betavet Injectable Product</td></tr><tr><td>1716098</td><td>Enstilar Topical Product</td></tr><tr><td>1738540</td><td>Sernivo Topical Product</td></tr><tr><td>1166205</td><td>Celestone Soluspan Injectable Product</td></tr><tr><td>1171682</td><td>Del-Beta Topical Product</td></tr><tr><td>1172228</td><td>Betaderm Topical Product</td></tr><tr><td>1172479</td><td>Diprolene Topical Product</td></tr><tr><td>1172919</td><td>Betanate Topical Product</td></tr><tr><td>1177831</td><td>Taclonex Topical Product</td></tr><tr><td>1180921</td><td>Lotrisone Topical Product</td></tr><tr><td>1182068</td><td>Luxiq Topical Product</td></tr><tr><td>1367701</td><td>Vetromax Otic Product</td></tr><tr><td>1430114</td><td>Tri-Otic for Canines Otic Product</td></tr><tr><td>1552572</td><td>Malotic Otic Product</td></tr><tr><td>1596459</td><td>Remicin Otic Product</td></tr><tr><td>1666757</td><td>Otomax Otic Product</td></tr><tr><td>1367486</td><td>Gentacalm Topical Product</td></tr><tr><td>1435266</td><td>Betagen brand of Betamethasone and Gentamicin Topical Product</td></tr><tr><td>1438527</td><td>Gentaspray Topical Product</td></tr><tr><td>1549538</td><td>GentaVed Otic Product</td></tr><tr><td>1551492</td><td>Genone Topical Product</td></tr><tr><td>1551497</td><td>Gentaotic Otic Product</td></tr><tr><td>1595996</td><td>Relifor Topical Product</td></tr><tr><td>1169841</td><td>GentaVed Topical Product</td></tr></table></li></ul></div>"},"url":"http://hl7.org/fhir/uv/pddi/ValueSet/valueset-betamethasone","version":"1.0.0-ballot","name":"Valueset_betamethasone","title":"Betamethasone Medications Value Set","status":"draft","experimental":true,"date":"2018-07-02","publisher":"HL7 Clinical Decision Support Workgroup","contact":[{"telecom":[{"system":"url","value":"http://hl7.org/Special/committees/dss"}]}],"description":"ValueSet containing drug identifiers for betamethasone.","jurisdiction":[{"coding":[{"system":"http://unstats.un.org/unsd/methods/m49/m49.htm","code":"001"}]}],"copyright":"(copyright expectations unknown)","compose":{"include":[{"system":"http://www.nlm.nih.gov/research/umls/rxnorm","concept":[{"code":"215657","display":"Betaderm"},{"code":"215666","display":"Betanate"},{"code":"216427","display":"Del-Beta"},{"code":"216664","display":"Diprolene"},{"code":"218093","display":"Lotrisone"},{"code":"261566","display":"Luxiq"},{"code":"47847","display":"Celestone Soluspan"},{"code":"748281","display":"Taclonex"},{"code":"882520","display":"GentaVed"},{"code":"1367483","display":"Gentacalm"},{"code":"1367698","display":"Vetromax"},{"code":"1430111","display":"Tri-Otic for Canines"},{"code":"1435263","display":"Betagen brand of Betamethasone and Gentamicin"},{"code":"1438524","display":"Gentaspray"},{"code":"1551489","display":"Genone"},{"code":"1551494","display":"Gentaotic"},{"code":"1552569","display":"Malotic"},{"code":"1595993","display":"Relifor"},{"code":"1596456","display":"Remicin"},{"code":"1660746","display":"Betavet"},{"code":"1666754","display":"Otomax"},{"code":"1716095","display":"Enstilar"},{"code":"1738537","display":"Sernivo"},{"code":"1514","display":"Betamethasone"},{"code":"1000708","display":"Betamethasone / Clioquinol"},{"code":"1000711","display":"Betamethasone / Salicylic Acid"},{"code":"1007039","display":"Betamethasone / Betamethasone acetate"},{"code":"1007339","display":"Betamethasone / Fusidate"},{"code":"1008642","display":"Betamethasone / diphenylpyraline"},{"code":"1008651","display":"Betamethasone / Diclofenac / Vitamin B 12"},{"code":"1008900","display":"Betamethasone / Sulfacetamide"},{"code":"1009122","display":"Betamethasone / magnesium trisilicate"},{"code":"106928","display":"Betamethasone / Clotrimazole"},{"code":"608253","display":"Betamethasone / Neomycin"},{"code":"690419","display":"Betamethasone / calcipotriene"},{"code":"814034","display":"Betamethasone / Terfenadine"},{"code":"819049","display":"Betamethasone / Loratadine"},{"code":"1596454","display":"Betamethasone / Clotrimazole / Gentamicin"},{"code":"1651569","display":"Betamethasone / hydroquinone / Tretinoin"},{"code":"1870197","display":"Betamethasone / Gentamicin"},{"code":"1516","display":"Betamethasone acetate"},{"code":"1517","display":"Betamethasone benzoate"},{"code":"19254","display":"betamethasone dipropionate"},{"code":"203220","display":"betamethasone sodium phosphate"},{"code":"215664","display":"betamethasone dipropionate, augmented"},{"code":"227897","display":"Betamethasone valerate"},{"code":"213540","display":"Betamethasone 0.5 MG/ML Topical Cream [Betanate]"},{"code":"213560","display":"Betamethasone 1 MG/ML Topical Cream [Betaderm]"},{"code":"213541","display":"Betamethasone 0.5 MG/ML Topical Cream [Del-Beta]"},{"code":"351894","display":"Betamethasone 0.5 MG/ML Topical Lotion [Del-Beta]"},{"code":"848195","display":"Augmented Betamethasone 0.5 MG/ML Topical Cream [Diprolene]"},{"code":"848197","display":"Augmented Betamethasone 0.5 MG/ML Topical Lotion [Diprolene]"},{"code":"848200","display":"Augmented Betamethasone 0.0005 MG/MG Topical Ointment [Diprolene]"},{"code":"213641","display":"Betamethasone 0.5 MG/ML / Clotrimazole 10 MG/ML Topical                     Cream [Lotrisone]"},{"code":"1244636","display":"Betamethasone valerate 1.2 MG/ML Topical Foam [Luxiq]"},{"code":"578806","display":"Betamethasone 3 MG/ML / Betamethasone acetate 3 MG/ML                     Injectable Suspension [Celestone Soluspan]"},{"code":"833463","display":"Betamethasone 0.5 MG/ML / calcipotriene 0.05 MG/ML Topical                     Lotion [Taclonex]"},{"code":"833472","display":"Betamethasone 0.0005 MG/MG / calcipotriene 0.00005 MG/MG                     Topical Ointment [Taclonex]"},{"code":"1426861","display":"Betamethasone 0.284 MG/ML / Gentamicin 0.57 MG/ML Topical                     Spray [GentaVed]"},{"code":"1549539","display":"Betamethasone 1 MG/ML / Gentamicin 3 MG/ML Otic Solution [GentaVed]"},{"code":"1546288","display":"Betamethasone 0.284 MG/ML / Gentamicin 0.57 MG/ML Topical                     Spray [Gentacalm]"},{"code":"1367702","display":"Betamethasone 0.001 MG/MG / Clotrimazole 0.01 MG/MG /                     Gentamicin 0.003 MG/MG Otic Ointment [Vetromax]"},{"code":"1430115","display":"Betamethasone 0.001 MG/MG / Clotrimazole 0.01 MG/MG /                     Gentamicin 0.003 MG/MG Otic Ointment [Tri-Otic for Canines]"},{"code":"1435267","display":"Betamethasone 0.284 MG/ML / Gentamicin 0.57 MG/ML Topical                     Spray [Betagen brand of Betamethasone and Gentamicin]"},{"code":"1438528","display":"Betamethasone 0.284 MG/ML / Gentamicin 0.57 MG/ML Topical                     Spray [Gentaspray]"},{"code":"1551493","display":"Betamethasone 0.284 MG/ML / Gentamicin 0.57 MG/ML Topical                     Spray [Genone]"},{"code":"1551498","display":"Betamethasone 1 MG/ML / Gentamicin 3 MG/ML Otic Solution [Gentaotic]"},{"code":"1552573","display":"Betamethasone 0.001 MG/MG / Clotrimazole 0.01 MG/MG /                     Gentamicin 0.003 MG/MG Otic Ointment [Malotic]"},{"code":"1595997","display":"Betamethasone 0.284 MG/ML / Gentamicin 0.57 MG/ML Topical                     Spray [Relifor]"},{"code":"1596460","display":"Betamethasone 0.001 MG/MG / Clotrimazole 0.01 MG/MG /                     Gentamicin 0.003 MG/MG Otic Ointment [Remicin]"},{"code":"1660750","display":"Betamethasone 6 MG/ML Injectable Suspension [Betavet]"},{"code":"1666758","display":"Betamethasone 0.001 MG/MG / Clotrimazole 0.01 MG/MG /                     Gentamicin 0.003 MG/MG Otic Ointment [Otomax]"},{"code":"1716099","display":"betamethasone dipropionate 0.643 MG/ML / calcipotriene 0.05                     MG/ML Topical Foam [Enstilar]"},{"code":"1738541","display":"Betamethasone 0.5 MG/ML Topical Spray [Sernivo]"},{"code":"573426","display":"Betamethasone 0.5 MG/ML [Betanate]"},{"code":"573443","display":"Betamethasone 1 MG/ML [Betaderm]"},{"code":"573427","display":"Betamethasone 0.5 MG/ML [Del-Beta]"},{"code":"573460","display":"Betamethasone 0.0005 MG/MG [Diprolene]"},{"code":"573461","display":"Betamethasone 0.5 MG/ML [Diprolene]"},{"code":"573509","display":"Betamethasone 0.5 MG/ML / Clotrimazole 10 MG/ML [Lotrisone]"},{"code":"1244635","display":"Betamethasone valerate 1.2 MG/ML [Luxiq]"},{"code":"578804","display":"Betamethasone 3 MG/ML / Betamethasone acetate 3 MG/ML                     [Celestone Soluspan]"},{"code":"833462","display":"Betamethasone 0.5 MG/ML / calcipotriene 0.05 MG/ML [Taclonex]"},{"code":"833471","display":"Betamethasone 0.0005 MG/MG / calcipotriene 0.00005 MG/MG [Taclonex]"},{"code":"1870211","display":"Betamethasone 0.284 MG/ML / Gentamicin 0.57 MG/ML [GentaVed]"},{"code":"1870308","display":"Betamethasone 1 MG/ML / Gentamicin 3 MG/ML [GentaVed]"},{"code":"1870234","display":"Betamethasone 0.284 MG/ML / Gentamicin 0.57 MG/ML [Gentacalm]"},{"code":"1870682","display":"Betamethasone 0.001 MG/MG / Clotrimazole 0.01 MG/MG /                     Gentamicin 0.003 MG/MG [Vetromax]"},{"code":"1870202","display":"Betamethasone 0.284 MG/ML / Gentamicin 0.57 MG/ML [Betagen                     brand of Betamethasone and Gentamicin]"},{"code":"1870237","display":"Betamethasone 0.284 MG/ML / Gentamicin 0.57 MG/ML [Gentaspray]"},{"code":"1870678","display":"Betamethasone 0.001 MG/MG / Clotrimazole 0.01 MG/MG /                     Gentamicin 0.003 MG/MG [Tri-Otic for Canines]"},{"code":"1596457","display":"Betamethasone 0.001 MG/MG / Clotrimazole 0.01 MG/MG /                     Gentamicin 0.003 MG/MG [Remicin]"},{"code":"1870240","display":"Betamethasone 0.284 MG/ML / Gentamicin 0.57 MG/ML [Relifor]"},{"code":"1870285","display":"Betamethasone 0.284 MG/ML / Gentamicin 0.57 MG/ML [Genone]"},{"code":"1870311","display":"Betamethasone 1 MG/ML / Gentamicin 3 MG/ML [Gentaotic]"},{"code":"1870673","display":"Betamethasone 0.001 MG/MG / Clotrimazole 0.01 MG/MG /                     Gentamicin 0.003 MG/MG [Malotic]"},{"code":"1660747","display":"Betamethasone 6 MG/ML [Betavet]"},{"code":"1666755","display":"Betamethasone 0.001 MG/MG / Clotrimazole 0.01 MG/MG /                     Gentamicin 0.003 MG/MG [Otomax]"},{"code":"1716096","display":"betamethasone dipropionate 0.643 MG/ML / calcipotriene 0.05                     MG/ML [Enstilar]"},{"code":"1738538","display":"Betamethasone 0.5 MG/ML [Sernivo]"},{"code":"362379","display":"Betamethasone Topical Cream [Betaderm]"},{"code":"362383","display":"Betamethasone Topical Cream [Betanate]"},{"code":"362212","display":"Betamethasone Topical Cream [Del-Beta]"},{"code":"365805","display":"Betamethasone Topical Lotion [Del-Beta]"},{"code":"362385","display":"Betamethasone / Clotrimazole Topical Cream [Lotrisone]"},{"code":"365600","display":"Betamethasone Injectable Suspension [Celestone Soluspan]"},{"code":"384500","display":"Betamethasone Topical Foam [Luxiq]"},{"code":"828645","display":"Betamethasone / calcipotriene Topical Lotion [Taclonex]"},{"code":"748283","display":"Betamethasone / calcipotriene Topical Ointment [Taclonex]"},{"code":"1596458","display":"Betamethasone / Clotrimazole / Gentamicin Otic Ointment [Remicin]"},{"code":"1660748","display":"Betamethasone Injectable Suspension [Betavet]"},{"code":"1666756","display":"Betamethasone / Clotrimazole / Gentamicin Otic Ointment [Otomax]"},{"code":"1716097","display":"Betamethasone / calcipotriene Topical Foam [Enstilar]"},{"code":"1738539","display":"Betamethasone Topical Spray [Sernivo]"},{"code":"1856386","display":"Betamethasone Topical Cream [Diprolene]"},{"code":"1856389","display":"Betamethasone Topical Lotion [Diprolene]"},{"code":"1856383","display":"Betamethasone Topical Ointment [Diprolene]"},{"code":"1870212","display":"Betamethasone / Gentamicin Topical Spray [GentaVed]"},{"code":"1870309","display":"Betamethasone / Gentamicin Otic Solution [GentaVed]"},{"code":"1870235","display":"Betamethasone / Gentamicin Topical Spray [Gentacalm]"},{"code":"1870683","display":"Betamethasone / Clotrimazole / Gentamicin Otic Ointment [Vetromax]"},{"code":"1870679","display":"Betamethasone / Clotrimazole / Gentamicin Otic Ointment                     [Tri-Otic for Canines]"},{"code":"1870203","display":"Betamethasone / Gentamicin Topical Spray [Betagen brand of                     Betamethasone and Gentamicin]"},{"code":"1870238","display":"Betamethasone / Gentamicin Topical Spray [Gentaspray]"},{"code":"1870286","display":"Betamethasone / Gentamicin Topical Spray [Genone]"},{"code":"1870312","display":"Betamethasone / Gentamicin Otic Solution [Gentaotic]"},{"code":"1870674","display":"Betamethasone / Clotrimazole / Gentamicin Otic Ointment [Malotic]"},{"code":"1870241","display":"Betamethasone / Gentamicin Topical Spray [Relifor]"},{"code":"308709","display":"Betamethasone 0.6 MG Oral Tablet"},{"code":"670084","display":"Betamethasone 0.12 MG/ML Oral Solution"},{"code":"106242","display":"Betamethasone 0.001 MG/MG / Clioquinol 0.03 MG/MG Topical Ointment"},{"code":"197409","display":"Betamethasone 0.001 MG/MG Topical Ointment"},{"code":"249596","display":"Betamethasone 0.001 MG/MG Ophthalmic Ointment"},{"code":"250726","display":"Betamethasone 0.001 MG/MG / Neomycin 0.005 MG/MG Ophthalmic Ointment"},{"code":"250727","display":"Betamethasone 0.001 MG/MG / Neomycin 0.005 MG/MG Topical Ointment"},{"code":"308717","display":"Betamethasone 3 MG/ML Injectable Solution"},{"code":"313874","display":"Betamethasone 1.2 MG/ML Topical Spray"},{"code":"578803","display":"Betamethasone 3 MG/ML / Betamethasone acetate 3 MG/ML                     Injectable Suspension"},{"code":"1596455","display":"Betamethasone 0.001 MG/MG / Clotrimazole 0.01 MG/MG /                     Gentamicin 0.003 MG/MG Otic Ointment"},{"code":"197405","display":"Betamethasone 0.0005 MG/MG Topical Ointment"},{"code":"240571","display":"Betamethasone 0.0005 MG/MG Topical Gel"},{"code":"247451","display":"Betamethasone 0.0005 MG/MG / Salicylic Acid 0.03 MG/MG                     Topical Ointment"},{"code":"308713","display":"Betamethasone 0.00025 MG/MG Topical Ointment"},{"code":"308718","display":"Betamethasone 4 MG/ML Injectable Solution"},{"code":"388525","display":"Betamethasone 0.0005 MG/MG / calcipotriene 0.00005 MG/MG                     Topical Ointment"},{"code":"848180","display":"Augmented Betamethasone 0.0005 MG/MG Topical Ointment"},{"code":"848208","display":"Augmented Betamethasone 0.0005 MG/MG Topical Gel"},{"code":"105389","display":"Betamethasone 0.5 MG Disintegrating Oral Tablet"},{"code":"245258","display":"Betamethasone 0.5 MG Oral Tablet"},{"code":"1651571","display":"Betamethasone 5 MG/ML / hydroquinone 120 MG/ML / Tretinoin 1                     MG/ML Topical Cream"},{"code":"106241","display":"Betamethasone 0.5 MG/ML / Salicylic Acid 30 MG/ML Topical Lotion"},{"code":"106243","display":"Betamethasone 1 MG/ML / Clioquinol 30 MG/ML Topical Cream"},{"code":"197407","display":"Betamethasone 1 MG/ML Topical Cream"},{"code":"197408","display":"Betamethasone 1 MG/ML Topical Lotion"},{"code":"238920","display":"Betamethasone 0.5 MG/ML Topical Cream"},{"code":"240209","display":"Betamethasone 0.5 MG/ML Topical Lotion"},{"code":"249576","display":"Betamethasone 1 MG/ML / Neomycin 5 MG/ML Topical Cream"},{"code":"250861","display":"Betamethasone 1 MG/ML Topical Solution"},{"code":"308714","display":"Betamethasone 0.5 MG/ML / Clotrimazole 10 MG/ML Topical Cream"},{"code":"308715","display":"Betamethasone 0.5 MG/ML / Clotrimazole 10 MG/ML Topical Lotion"},{"code":"618616","display":"Betamethasone 1 MG/ML / Fusidate 20 MG/ML Topical Cream"},{"code":"833461","display":"Betamethasone 0.5 MG/ML / calcipotriene 0.05 MG/ML Topical Lotion"},{"code":"848176","display":"Augmented Betamethasone 0.5 MG/ML Topical Cream"},{"code":"848178","display":"Augmented Betamethasone 0.5 MG/ML Topical Lotion"},{"code":"1546194","display":"Betamethasone 1 MG/ML / Gentamicin 3 MG/ML Otic Solution"},{"code":"1738536","display":"Betamethasone 0.5 MG/ML Topical Spray"},{"code":"247443","display":"Betamethasone 0.5 MG/ML / Salicylic Acid 20 MG/ML Topical Lotion"},{"code":"247480","display":"Betamethasone 1 MG/ML Ophthalmic Solution"},{"code":"244486","display":"Betamethasone 0.25 MG/ML Topical Cream"},{"code":"1660745","display":"Betamethasone 6 MG/ML Injectable Suspension"},{"code":"1093235","display":"Betamethasone 0.284 MG/ML / Gentamicin 0.57 MG/ML Topical Spray"},{"code":"895257","display":"Betamethasone 0.005 MG/MG Topical Ointment"},{"code":"1716094","display":"betamethasone dipropionate 0.643 MG/ML / calcipotriene 0.05                     MG/ML Topical Foam"},{"code":"1244634","display":"Betamethasone valerate 1.2 MG/ML Topical Foam"},{"code":"247070","display":"Betamethasone 0.05 MG/ML Enema"},{"code":"315476","display":"Betamethasone 0.12 MG/ML"},{"code":"315477","display":"Betamethasone 0.6 MG"},{"code":"329583","display":"Betamethasone 3 MG/ML"},{"code":"329584","display":"Betamethasone 0.001 MG/MG"},{"code":"329585","display":"Betamethasone 1.2 MG/ML"},{"code":"330632","display":"Betamethasone 0.0005 MG/MG"},{"code":"330662","display":"Betamethasone 0.00025 MG/MG"},{"code":"331514","display":"Betamethasone 4 MG/ML"},{"code":"332611","display":"Betamethasone 5 MG/ML"},{"code":"332617","display":"Betamethasone 0.5 MG"},{"code":"340091","display":"Betamethasone 1 MG/ML"},{"code":"340130","display":"Betamethasone 0.5 MG/ML"},{"code":"350715","display":"Betamethasone 6 MG/ML"},{"code":"358481","display":"Betamethasone 0.25 MG/ML"},{"code":"358827","display":"Betamethasone acetate 3 MG/ML"},{"code":"882515","display":"Betamethasone 0.284 MG/ML"},{"code":"895256","display":"Betamethasone 0.005 MG/MG"},{"code":"1716092","display":"betamethasone dipropionate 0.643 MG/ML"},{"code":"1244633","display":"Betamethasone valerate 1.2 MG/ML"},{"code":"332614","display":"Betamethasone 0.05 MG/ML"},{"code":"371049","display":"Betamethasone Injectable Solution"},{"code":"371053","display":"Betamethasone Oral Solution"},{"code":"371056","display":"Betamethasone Oral Tablet"},{"code":"371057","display":"Betamethasone Topical Solution"},{"code":"373023","display":"Betamethasone / Neomycin Ophthalmic Ointment"},{"code":"373025","display":"Betamethasone / Neomycin Topical Ointment"},{"code":"374614","display":"Betamethasone Topical Ointment"},{"code":"376455","display":"Betamethasone / Salicylic Acid Topical Ointment"},{"code":"376456","display":"Betamethasone / Clioquinol Topical Ointment"},{"code":"376457","display":"Betamethasone Ophthalmic Ointment"},{"code":"377311","display":"Betamethasone Topical Spray"},{"code":"377608","display":"Betamethasone / Clioquinol Topical Cream"},{"code":"377611","display":"Betamethasone / Neomycin Topical Cream"},{"code":"377613","display":"Betamethasone Topical Cream"},{"code":"377614","display":"Betamethasone Topical Lotion"},{"code":"377967","display":"Betamethasone Topical Gel"},{"code":"378086","display":"Betamethasone / Clotrimazole Topical Cream"},{"code":"378340","display":"Betamethasone Injectable Suspension"},{"code":"379106","display":"Betamethasone / Clotrimazole Topical Lotion"},{"code":"379265","display":"Betamethasone Disintegrating Oral Tablet"},{"code":"379391","display":"Betamethasone / Salicylic Acid Topical Lotion"},{"code":"384499","display":"Betamethasone Topical Foam"},{"code":"393355","display":"Betamethasone / calcipotriene Topical Ointment"},{"code":"618615","display":"Betamethasone / Fusidate Topical Cream"},{"code":"797234","display":"Betamethasone / calcipotriene Topical Lotion"},{"code":"1596453","display":"Betamethasone / Clotrimazole / Gentamicin Otic Ointment"},{"code":"1651568","display":"Betamethasone / hydroquinone / Tretinoin Topical Cream"},{"code":"1716093","display":"Betamethasone / calcipotriene Topical Foam"},{"code":"371051","display":"Betamethasone Enema"},{"code":"371052","display":"Betamethasone Ophthalmic Solution"},{"code":"1870196","display":"Betamethasone / Gentamicin Topical Spray"},{"code":"1870306","display":"Betamethasone / Gentamicin Otic Solution"},{"code":"1153767","display":"Betamethasone / Clioquinol Topical Product"},{"code":"1153768","display":"Betamethasone / Clotrimazole Topical Product"},{"code":"1153771","display":"Betamethasone / Fusidate Topical Product"},{"code":"1153781","display":"Betamethasone / Neomycin Ophthalmic Product"},{"code":"1153782","display":"Betamethasone / Neomycin Topical Product"},{"code":"1153783","display":"Betamethasone / Salicylic Acid Topical Product"},{"code":"1153789","display":"Betamethasone / calcipotriene Topical Product"},{"code":"1153796","display":"Betamethasone Injectable Product"},{"code":"1153798","display":"Betamethasone Ophthalmic Product"},{"code":"1153799","display":"Betamethasone Oral Liquid Product"},{"code":"1153800","display":"Betamethasone Oral Product"},{"code":"1153802","display":"Betamethasone Pill"},{"code":"1153804","display":"Betamethasone Topical Product"},{"code":"1596452","display":"Betamethasone / Clotrimazole / Gentamicin Otic Product"},{"code":"1651567","display":"Betamethasone / hydroquinone / Tretinoin Topical Product"},{"code":"1295250","display":"Betamethasone Disintegrating Oral Product"},{"code":"1153803","display":"Betamethasone Rectal Product"},{"code":"1870195","display":"Betamethasone / Gentamicin Topical Product"},{"code":"1870305","display":"Betamethasone / Gentamicin Otic Product"},{"code":"1660749","display":"Betavet Injectable Product"},{"code":"1716098","display":"Enstilar Topical Product"},{"code":"1738540","display":"Sernivo Topical Product"},{"code":"1166205","display":"Celestone Soluspan Injectable Product"},{"code":"1171682","display":"Del-Beta Topical Product"},{"code":"1172228","display":"Betaderm Topical Product"},{"code":"1172479","display":"Diprolene Topical Product"},{"code":"1172919","display":"Betanate Topical Product"},{"code":"1177831","display":"Taclonex Topical Product"},{"code":"1180921","display":"Lotrisone Topical Product"},{"code":"1182068","display":"Luxiq Topical Product"},{"code":"1367701","display":"Vetromax Otic Product"},{"code":"1430114","display":"Tri-Otic for Canines Otic Product"},{"code":"1552572","display":"Malotic Otic Product"},{"code":"1596459","display":"Remicin Otic Product"},{"code":"1666757","display":"Otomax Otic Product"},{"code":"1367486","display":"Gentacalm Topical Product"},{"code":"1435266","display":"Betagen brand of Betamethasone and Gentamicin Topical Product"},{"code":"1438527","display":"Gentaspray Topical Product"},{"code":"1549538","display":"GentaVed Otic Product"},{"code":"1551492","display":"Genone Topical Product"},{"code":"1551497","display":"Gentaotic Otic Product"},{"code":"1595996","display":"Relifor Topical Product"},{"code":"1169841","display":"GentaVed Topical Product"}]}]}}