{"resourceType":"ValueSet","id":"valueset-misoprostol","text":{"status":"generated","div":"<div xmlns=\"http://www.w3.org/1999/xhtml\"><ul><li>Include these codes as defined in <a href=\"http://www.nlm.nih.gov/research/umls/rxnorm\"><code>http://www.nlm.nih.gov/research/umls/rxnorm</code></a><table class=\"none\"><tr><td style=\"white-space:nowrap\"><b>Code</b></td><td><b>Display</b></td></tr><tr><td>151578</td><td>Cytotec</td></tr><tr><td>68373</td><td>Arthrotec</td></tr><tr><td>42331</td><td>Misoprostol</td></tr><tr><td>106637</td><td>Misoprostol / Naproxen</td></tr><tr><td>214502</td><td>Diclofenac / Misoprostol</td></tr><tr><td>104098</td><td>Misoprostol 0.2 MG Oral Tablet [Cytotec]</td></tr><tr><td>209177</td><td>Misoprostol 0.1 MG Oral Tablet [Cytotec]</td></tr><tr><td>1359107</td><td>Diclofenac Sodium 50 MG / Misoprostol 0.2 MG Delayed Release                     Oral Tablet [Arthrotec]</td></tr><tr><td>1359109</td><td>Diclofenac Sodium 75 MG / Misoprostol 0.2 MG Delayed Release                     Oral Tablet [Arthrotec]</td></tr><tr><td>563519</td><td>Misoprostol 0.2 MG [Cytotec]</td></tr><tr><td>569804</td><td>Misoprostol 0.1 MG [Cytotec]</td></tr><tr><td>855683</td><td>Diclofenac Sodium 50 MG / Misoprostol 0.2 MG [Arthrotec]</td></tr><tr><td>855917</td><td>Diclofenac Sodium 75 MG / Misoprostol 0.2 MG [Arthrotec]</td></tr><tr><td>369139</td><td>Misoprostol Oral Tablet [Cytotec]</td></tr><tr><td>1808541</td><td>Diclofenac / Misoprostol Delayed Release Oral Tablet [Arthrotec]</td></tr><tr><td>317128</td><td>Misoprostol 0.2 MG Oral Tablet</td></tr><tr><td>857706</td><td>Diclofenac Sodium 50 MG / Misoprostol 0.2 MG Delayed Release                     Oral Tablet</td></tr><tr><td>1359105</td><td>Diclofenac Sodium 75 MG / Misoprostol 0.2 MG Delayed Release                     Oral Tablet</td></tr><tr><td>311727</td><td>Misoprostol 0.1 MG Oral Tablet</td></tr><tr><td>316311</td><td>Misoprostol 0.2 MG</td></tr><tr><td>317431</td><td>Misoprostol 0.1 MG</td></tr><tr><td>372941</td><td>Misoprostol Oral Tablet</td></tr><tr><td>1808539</td><td>Diclofenac / Misoprostol Delayed Release Oral Tablet</td></tr><tr><td>1151144</td><td>Diclofenac / Misoprostol Oral Product</td></tr><tr><td>1151145</td><td>Diclofenac / Misoprostol Pill</td></tr><tr><td>1165368</td><td>Misoprostol Oral Product</td></tr><tr><td>1165369</td><td>Misoprostol Pill</td></tr><tr><td>1171432</td><td>Arthrotec Oral Product</td></tr><tr><td>1171435</td><td>Arthrotec Pill</td></tr><tr><td>1174487</td><td>Cytotec Oral Product</td></tr><tr><td>1174488</td><td>Cytotec Pill</td></tr></table></li></ul></div>"},"url":"http://hl7.org/fhir/uv/pddi/ValueSet/valueset-misoprostol","version":"1.0.0-ballot","name":"Valueset_misoprostol","title":"Misoprostol Medications Value Set","status":"draft","experimental":true,"date":"2018-07-02","publisher":"HL7 Clinical Decision Support Workgroup","contact":[{"telecom":[{"system":"url","value":"http://hl7.org/Special/committees/dss"}]}],"description":"ValueSet containing drug identifiers for misoprostol.","jurisdiction":[{"coding":[{"system":"http://unstats.un.org/unsd/methods/m49/m49.htm","code":"001"}]}],"copyright":"(copyright expectations unknown)","compose":{"include":[{"system":"http://www.nlm.nih.gov/research/umls/rxnorm","concept":[{"code":"151578","display":"Cytotec"},{"code":"68373","display":"Arthrotec"},{"code":"42331","display":"Misoprostol"},{"code":"106637","display":"Misoprostol / Naproxen"},{"code":"214502","display":"Diclofenac / Misoprostol"},{"code":"104098","display":"Misoprostol 0.2 MG Oral Tablet [Cytotec]"},{"code":"209177","display":"Misoprostol 0.1 MG Oral Tablet [Cytotec]"},{"code":"1359107","display":"Diclofenac Sodium 50 MG / Misoprostol 0.2 MG Delayed Release                     Oral Tablet [Arthrotec]"},{"code":"1359109","display":"Diclofenac Sodium 75 MG / Misoprostol 0.2 MG Delayed Release                     Oral Tablet [Arthrotec]"},{"code":"563519","display":"Misoprostol 0.2 MG [Cytotec]"},{"code":"569804","display":"Misoprostol 0.1 MG [Cytotec]"},{"code":"855683","display":"Diclofenac Sodium 50 MG / Misoprostol 0.2 MG [Arthrotec]"},{"code":"855917","display":"Diclofenac Sodium 75 MG / Misoprostol 0.2 MG [Arthrotec]"},{"code":"369139","display":"Misoprostol Oral Tablet [Cytotec]"},{"code":"1808541","display":"Diclofenac / Misoprostol Delayed Release Oral Tablet [Arthrotec]"},{"code":"317128","display":"Misoprostol 0.2 MG Oral Tablet"},{"code":"857706","display":"Diclofenac Sodium 50 MG / Misoprostol 0.2 MG Delayed Release                     Oral Tablet"},{"code":"1359105","display":"Diclofenac Sodium 75 MG / Misoprostol 0.2 MG Delayed Release                     Oral Tablet"},{"code":"311727","display":"Misoprostol 0.1 MG Oral Tablet"},{"code":"316311","display":"Misoprostol 0.2 MG"},{"code":"317431","display":"Misoprostol 0.1 MG"},{"code":"372941","display":"Misoprostol Oral Tablet"},{"code":"1808539","display":"Diclofenac / Misoprostol Delayed Release Oral Tablet"},{"code":"1151144","display":"Diclofenac / Misoprostol Oral Product"},{"code":"1151145","display":"Diclofenac / Misoprostol Pill"},{"code":"1165368","display":"Misoprostol Oral Product"},{"code":"1165369","display":"Misoprostol Pill"},{"code":"1171432","display":"Arthrotec Oral Product"},{"code":"1171435","display":"Arthrotec Pill"},{"code":"1174487","display":"Cytotec Oral Product"},{"code":"1174488","display":"Cytotec Pill"}]}]}}