{"resourceType":"ValueSet","id":"valueset-etodolac","text":{"status":"generated","div":"<div xmlns=\"http://www.w3.org/1999/xhtml\"><ul><li>Include these codes as defined in <a href=\"http://www.nlm.nih.gov/research/umls/rxnorm\"><code>http://www.nlm.nih.gov/research/umls/rxnorm</code></a><table class=\"none\"><tr><td style=\"white-space:nowrap\"><b>Code</b></td><td><b>Display</b></td></tr><tr><td>202998</td><td>Lodine</td></tr><tr><td>24605</td><td>Etodolac</td></tr><tr><td>206812</td><td>Etodolac 400 MG Oral Tablet [Lodine]</td></tr><tr><td>567619</td><td>Etodolac 400 MG [Lodine]</td></tr><tr><td>367620</td><td>Etodolac Oral Tablet [Lodine]</td></tr><tr><td>197684</td><td>Etodolac 200 MG Oral Capsule</td></tr><tr><td>197685</td><td>Etodolac 300 MG Oral Capsule</td></tr><tr><td>197686</td><td>Etodolac 400 MG Oral Tablet</td></tr><tr><td>199390</td><td>Etodolac 500 MG Oral Tablet</td></tr><tr><td>310245</td><td>24 HR Etodolac 400 MG Extended Release Oral Tablet</td></tr><tr><td>310247</td><td>24 HR Etodolac 600 MG Extended Release Oral Tablet</td></tr><tr><td>359500</td><td>24 HR Etodolac 500 MG Extended Release Oral Tablet</td></tr><tr><td>315906</td><td>Etodolac 200 MG</td></tr><tr><td>315907</td><td>Etodolac 300 MG</td></tr><tr><td>315908</td><td>Etodolac 400 MG</td></tr><tr><td>315909</td><td>Etodolac 500 MG</td></tr><tr><td>315910</td><td>Etodolac 600 MG</td></tr><tr><td>372125</td><td>Etodolac Oral Capsule</td></tr><tr><td>372126</td><td>Etodolac Oral Tablet</td></tr><tr><td>379169</td><td>Etodolac Extended Release Oral Tablet</td></tr><tr><td>1157924</td><td>Etodolac Oral Product</td></tr><tr><td>1157925</td><td>Etodolac Pill</td></tr><tr><td>1179157</td><td>Lodine Oral Product</td></tr><tr><td>1179158</td><td>Lodine Pill</td></tr></table></li></ul></div>"},"url":"http://hl7.org/fhir/uv/pddi/ValueSet/valueset-etodolac","version":"1.0.0-ballot","name":"Valueset_etodolac","title":"Etodolac Medications Value Set","status":"draft","experimental":true,"date":"2018-07-02","publisher":"HL7 Clinical Decision Support Workgroup","contact":[{"telecom":[{"system":"url","value":"http://hl7.org/Special/committees/dss"}]}],"description":"ValueSet containing drug identifiers for etodolac.","jurisdiction":[{"coding":[{"system":"http://unstats.un.org/unsd/methods/m49/m49.htm","code":"001"}]}],"copyright":"(copyright expectations unknown)","compose":{"include":[{"system":"http://www.nlm.nih.gov/research/umls/rxnorm","concept":[{"code":"202998","display":"Lodine"},{"code":"24605","display":"Etodolac"},{"code":"206812","display":"Etodolac 400 MG Oral Tablet [Lodine]"},{"code":"567619","display":"Etodolac 400 MG [Lodine]"},{"code":"367620","display":"Etodolac Oral Tablet [Lodine]"},{"code":"197684","display":"Etodolac 200 MG Oral Capsule"},{"code":"197685","display":"Etodolac 300 MG Oral Capsule"},{"code":"197686","display":"Etodolac 400 MG Oral Tablet"},{"code":"199390","display":"Etodolac 500 MG Oral Tablet"},{"code":"310245","display":"24 HR Etodolac 400 MG Extended Release Oral Tablet"},{"code":"310247","display":"24 HR Etodolac 600 MG Extended Release Oral Tablet"},{"code":"359500","display":"24 HR Etodolac 500 MG Extended Release Oral Tablet"},{"code":"315906","display":"Etodolac 200 MG"},{"code":"315907","display":"Etodolac 300 MG"},{"code":"315908","display":"Etodolac 400 MG"},{"code":"315909","display":"Etodolac 500 MG"},{"code":"315910","display":"Etodolac 600 MG"},{"code":"372125","display":"Etodolac Oral Capsule"},{"code":"372126","display":"Etodolac Oral Tablet"},{"code":"379169","display":"Etodolac Extended Release Oral Tablet"},{"code":"1157924","display":"Etodolac Oral Product"},{"code":"1157925","display":"Etodolac Pill"},{"code":"1179157","display":"Lodine Oral Product"},{"code":"1179158","display":"Lodine Pill"}]}]}}