{"resourceType":"ValueSet","id":"valueset-nabumetone","text":{"status":"generated","div":"<div xmlns=\"http://www.w3.org/1999/xhtml\"><ul><li>Include these codes as defined in <a href=\"http://www.nlm.nih.gov/research/umls/rxnorm\"><code>http://www.nlm.nih.gov/research/umls/rxnorm</code></a><table class=\"none\"><tr><td style=\"white-space:nowrap\"><b>Code</b></td><td><b>Display</b></td></tr><tr><td>31448</td><td>nabumetone</td></tr><tr><td>105953</td><td>nabumetone 100 MG/ML Oral Suspension</td></tr><tr><td>311892</td><td>nabumetone 500 MG Oral Tablet</td></tr><tr><td>311893</td><td>nabumetone 750 MG Oral Tablet</td></tr><tr><td>392641</td><td>nabumetone 2.5 MG/ML Oral Solution</td></tr><tr><td>335255</td><td>nabumetone 100 MG/ML</td></tr><tr><td>343093</td><td>nabumetone 750 MG</td></tr><tr><td>343109</td><td>nabumetone 500 MG</td></tr><tr><td>393527</td><td>nabumetone 2.5 MG/ML</td></tr><tr><td>372976</td><td>nabumetone Oral Suspension</td></tr><tr><td>378684</td><td>nabumetone Oral Tablet</td></tr><tr><td>393528</td><td>nabumetone Oral Solution</td></tr><tr><td>1158378</td><td>nabumetone Oral Liquid Product</td></tr><tr><td>1158379</td><td>nabumetone Oral Product</td></tr><tr><td>1158380</td><td>nabumetone Pill</td></tr></table></li></ul></div>"},"url":"http://hl7.org/fhir/uv/pddi/ValueSet/valueset-nabumetone","version":"1.0.0-ballot","name":"Valueset_nabumetone","title":"Nabumetone Medications Value Set","status":"draft","experimental":true,"date":"2018-07-02","publisher":"HL7 Clinical Decision Support Workgroup","contact":[{"telecom":[{"system":"url","value":"http://hl7.org/Special/committees/dss"}]}],"description":"ValueSet containing drug identifiers for nabumetone.","jurisdiction":[{"coding":[{"system":"http://unstats.un.org/unsd/methods/m49/m49.htm","code":"001"}]}],"copyright":"(copyright expectations unknown)","compose":{"include":[{"system":"http://www.nlm.nih.gov/research/umls/rxnorm","concept":[{"code":"31448","display":"nabumetone"},{"code":"105953","display":"nabumetone 100 MG/ML Oral Suspension"},{"code":"311892","display":"nabumetone 500 MG Oral Tablet"},{"code":"311893","display":"nabumetone 750 MG Oral Tablet"},{"code":"392641","display":"nabumetone 2.5 MG/ML Oral Solution"},{"code":"335255","display":"nabumetone 100 MG/ML"},{"code":"343093","display":"nabumetone 750 MG"},{"code":"343109","display":"nabumetone 500 MG"},{"code":"393527","display":"nabumetone 2.5 MG/ML"},{"code":"372976","display":"nabumetone Oral Suspension"},{"code":"378684","display":"nabumetone Oral Tablet"},{"code":"393528","display":"nabumetone Oral Solution"},{"code":"1158378","display":"nabumetone Oral Liquid Product"},{"code":"1158379","display":"nabumetone Oral Product"},{"code":"1158380","display":"nabumetone Pill"}]}]}}