{"resourceType":"ValueSet","id":"valueset-magnesium-LOINC","text":{"status":"generated","div":"<div xmlns=\"http://www.w3.org/1999/xhtml\"><ul><li>Include these codes as defined in <a href=\"http://loinc.org\"><code>http://loinc.org</code></a> version <code>2.73</code><table class=\"none\"><tr><td style=\"white-space:nowrap\"><b>Code</b></td><td><b>Display</b></td></tr><tr><td><a href=\"https://loinc.org/19123-9/\">19123-9</a></td><td>Magnesium [Mass/volume] in Serum or Plasma</td></tr><tr><td><a href=\"https://loinc.org/2597-3/\">2597-3</a></td><td>Magnesium [Moles/volume] in Red Blood Cells</td></tr><tr><td><a href=\"https://loinc.org/2601-3/\">2601-3</a></td><td>Magnesium [Moles/volume] in Serum or Plasma</td></tr></table></li></ul></div>"},"url":"http://hl7.org/fhir/uv/pddi/ValueSet/valueset-magnesium-LOINC","version":"1.0.0-ballot","name":"Valueset_magnesium_LOINC","title":"LOINC Codes for Serum Potassium","status":"draft","experimental":true,"date":"2018-08-03","publisher":"HL7 Clinical Decision Support Workgroup","contact":[{"telecom":[{"system":"url","value":"http://hl7.org/Special/committees/dss"}]}],"description":"ValueSet containing serum magnesium LOINC identifiers from the Top 2000 Common Lab Results US.","jurisdiction":[{"coding":[{"system":"http://unstats.un.org/unsd/methods/m49/m49.htm","code":"001"}]}],"copyright":"This material contains content from LOINC (http://loinc.org). LOINC is copyright © 1995-2020, Regenstrief Institute, Inc. and the Logical Observation Identifiers Names and Codes (LOINC) Committee and is available at no cost under the license at http://loinc.org/license. LOINC® is a registered United States trademark of Regenstrief Institute, Inc","compose":{"include":[{"system":"http://loinc.org","version":"2.73","concept":[{"code":"19123-9","display":"Magnesium [Mass/volume] in Serum or Plasma"},{"code":"2597-3","display":"Magnesium [Moles/volume] in Red Blood Cells"},{"code":"2601-3","display":"Magnesium [Moles/volume] in Serum or Plasma"}]}]}}