{"resourceType":"ValueSet","id":"valueset-fenoprofen","text":{"status":"generated","div":"<div xmlns=\"http://www.w3.org/1999/xhtml\"><ul><li>Include these codes as defined in <a href=\"http://www.nlm.nih.gov/research/umls/rxnorm\"><code>http://www.nlm.nih.gov/research/umls/rxnorm</code></a><table class=\"none\"><tr><td style=\"white-space:nowrap\"><b>Code</b></td><td><b>Display</b></td></tr><tr><td>203313</td><td>Nalfon</td></tr><tr><td>1799318</td><td>Fenortho</td></tr><tr><td>4331</td><td>Fenoprofen</td></tr><tr><td>267171</td><td>Fenoprofen Calcium</td></tr><tr><td>260323</td><td>Fenoprofen 200 MG Oral Capsule [Nalfon]</td></tr><tr><td>858118</td><td>Fenoprofen 400 MG Oral Capsule [Nalfon]</td></tr><tr><td>1799323</td><td>Fenoprofen 400 MG Oral Capsule [Fenortho]</td></tr><tr><td>1799325</td><td>Fenoprofen 200 MG Oral Capsule [Fenortho]</td></tr><tr><td>574119</td><td>Fenoprofen 200 MG [Nalfon]</td></tr><tr><td>858117</td><td>Fenoprofen 400 MG [Nalfon]</td></tr><tr><td>1799319</td><td>Fenoprofen 400 MG [Fenortho]</td></tr><tr><td>1799324</td><td>Fenoprofen 200 MG [Fenortho]</td></tr><tr><td>366226</td><td>Fenoprofen Oral Capsule [Nalfon]</td></tr><tr><td>1799320</td><td>Fenoprofen Oral Capsule [Fenortho]</td></tr><tr><td>197694</td><td>Fenoprofen 200 MG Oral Capsule</td></tr><tr><td>197695</td><td>Fenoprofen 300 MG Oral Capsule</td></tr><tr><td>250469</td><td>Fenoprofen 300 MG Oral Tablet</td></tr><tr><td>310291</td><td>Fenoprofen 600 MG Oral Tablet</td></tr><tr><td>858116</td><td>Fenoprofen 400 MG Oral Capsule</td></tr><tr><td>328372</td><td>Fenoprofen 200 MG</td></tr><tr><td>328373</td><td>Fenoprofen 300 MG</td></tr><tr><td>328374</td><td>Fenoprofen 600 MG</td></tr><tr><td>858115</td><td>Fenoprofen 400 MG</td></tr><tr><td>372153</td><td>Fenoprofen Oral Capsule</td></tr><tr><td>372154</td><td>Fenoprofen Oral Tablet</td></tr><tr><td>1159045</td><td>Fenoprofen Oral Product</td></tr><tr><td>1159046</td><td>Fenoprofen Pill</td></tr><tr><td>1799321</td><td>Fenortho Oral Product</td></tr><tr><td>1799322</td><td>Fenortho Pill</td></tr><tr><td>1178732</td><td>Nalfon Oral Product</td></tr><tr><td>1178733</td><td>Nalfon Pill</td></tr></table></li></ul></div>"},"url":"http://hl7.org/fhir/uv/pddi/ValueSet/valueset-fenoprofen","version":"1.0.0-ballot","name":"Valueset_fenoprofen","title":"Fenoprofen Medications Value Set","status":"draft","experimental":true,"date":"2018-07-02","publisher":"HL7 Clinical Decision Support Workgroup","contact":[{"telecom":[{"system":"url","value":"http://hl7.org/Special/committees/dss"}]}],"description":"ValueSet containing drug identifiers for fenoprofen.","jurisdiction":[{"coding":[{"system":"http://unstats.un.org/unsd/methods/m49/m49.htm","code":"001"}]}],"copyright":"(copyright expectations unknown)","compose":{"include":[{"system":"http://www.nlm.nih.gov/research/umls/rxnorm","concept":[{"code":"203313","display":"Nalfon"},{"code":"1799318","display":"Fenortho"},{"code":"4331","display":"Fenoprofen"},{"code":"267171","display":"Fenoprofen Calcium"},{"code":"260323","display":"Fenoprofen 200 MG Oral Capsule [Nalfon]"},{"code":"858118","display":"Fenoprofen 400 MG Oral Capsule [Nalfon]"},{"code":"1799323","display":"Fenoprofen 400 MG Oral Capsule [Fenortho]"},{"code":"1799325","display":"Fenoprofen 200 MG Oral Capsule [Fenortho]"},{"code":"574119","display":"Fenoprofen 200 MG [Nalfon]"},{"code":"858117","display":"Fenoprofen 400 MG [Nalfon]"},{"code":"1799319","display":"Fenoprofen 400 MG [Fenortho]"},{"code":"1799324","display":"Fenoprofen 200 MG [Fenortho]"},{"code":"366226","display":"Fenoprofen Oral Capsule [Nalfon]"},{"code":"1799320","display":"Fenoprofen Oral Capsule [Fenortho]"},{"code":"197694","display":"Fenoprofen 200 MG Oral Capsule"},{"code":"197695","display":"Fenoprofen 300 MG Oral Capsule"},{"code":"250469","display":"Fenoprofen 300 MG Oral Tablet"},{"code":"310291","display":"Fenoprofen 600 MG Oral Tablet"},{"code":"858116","display":"Fenoprofen 400 MG Oral Capsule"},{"code":"328372","display":"Fenoprofen 200 MG"},{"code":"328373","display":"Fenoprofen 300 MG"},{"code":"328374","display":"Fenoprofen 600 MG"},{"code":"858115","display":"Fenoprofen 400 MG"},{"code":"372153","display":"Fenoprofen Oral Capsule"},{"code":"372154","display":"Fenoprofen Oral Tablet"},{"code":"1159045","display":"Fenoprofen Oral Product"},{"code":"1159046","display":"Fenoprofen Pill"},{"code":"1799321","display":"Fenortho Oral Product"},{"code":"1799322","display":"Fenortho Pill"},{"code":"1178732","display":"Nalfon Oral Product"},{"code":"1178733","display":"Nalfon Pill"}]}]}}