{"resourceType":"ValueSet","id":"valueset-prednisone","text":{"status":"generated","div":"<div xmlns=\"http://www.w3.org/1999/xhtml\"><ul><li>Include these codes as defined in <a href=\"http://www.nlm.nih.gov/research/umls/rxnorm\"><code>http://www.nlm.nih.gov/research/umls/rxnorm</code></a><table class=\"none\"><tr><td style=\"white-space:nowrap\"><b>Code</b></td><td><b>Display</b></td></tr><tr><td>227730</td><td>Deltasone</td></tr><tr><td>1303126</td><td>Rayos</td></tr><tr><td>763181</td><td>{21 (Prednisone 5 MG Oral Tablet) } Pack</td></tr><tr><td>763179</td><td>{48 (Prednisone 5 MG Oral Tablet) } Pack</td></tr><tr><td>763183</td><td>{48 (Prednisone 10 MG Oral Tablet) } Pack</td></tr><tr><td>763185</td><td>{21 (Prednisone 10 MG Oral Tablet) } Pack</td></tr><tr><td>8640</td><td>Prednisone</td></tr><tr><td>1008942</td><td>Chloramphenicol / Prednisone</td></tr><tr><td>815961</td><td>Piroxicam / Prednisone</td></tr><tr><td>206837</td><td>Prednisone 2.5 MG Oral Tablet [Deltasone]</td></tr><tr><td>206954</td><td>Prednisone 5 MG Oral Tablet [Deltasone]</td></tr><tr><td>206988</td><td>Prednisone 10 MG Oral Tablet [Deltasone]</td></tr><tr><td>206997</td><td>Prednisone 20 MG Oral Tablet [Deltasone]</td></tr><tr><td>207048</td><td>Prednisone 50 MG Oral Tablet [Deltasone]</td></tr><tr><td>1303131</td><td>Prednisone 1 MG Delayed Release Oral Tablet [Rayos]</td></tr><tr><td>1303134</td><td>Prednisone 2 MG Delayed Release Oral Tablet [Rayos]</td></tr><tr><td>1303137</td><td>Prednisone 5 MG Delayed Release Oral Tablet [Rayos]</td></tr><tr><td>567645</td><td>Prednisone 2.5 MG [Deltasone]</td></tr><tr><td>567755</td><td>Prednisone 5 MG [Deltasone]</td></tr><tr><td>567784</td><td>Prednisone 10 MG [Deltasone]</td></tr><tr><td>567793</td><td>Prednisone 20 MG [Deltasone]</td></tr><tr><td>567841</td><td>Prednisone 50 MG [Deltasone]</td></tr><tr><td>1303127</td><td>Prednisone 1 MG [Rayos]</td></tr><tr><td>1303133</td><td>Prednisone 2 MG [Rayos]</td></tr><tr><td>1303136</td><td>Prednisone 5 MG [Rayos]</td></tr><tr><td>92354</td><td>Prednisone Oral Tablet [Deltasone]</td></tr><tr><td>1303128</td><td>Prednisone Delayed Release Oral Tablet [Rayos]</td></tr><tr><td>198146</td><td>Prednisone 2.5 MG Oral Tablet</td></tr><tr><td>198148</td><td>Prednisone 50 MG Oral Tablet</td></tr><tr><td>205301</td><td>Prednisone 5 MG/ML Oral Solution</td></tr><tr><td>312615</td><td>Prednisone 20 MG Oral Tablet</td></tr><tr><td>312617</td><td>Prednisone 5 MG Oral Tablet</td></tr><tr><td>315187</td><td>Prednisone 1 MG/ML Oral Solution</td></tr><tr><td>1303135</td><td>Prednisone 5 MG Delayed Release Oral Tablet</td></tr><tr><td>198144</td><td>Prednisone 1 MG Oral Tablet</td></tr><tr><td>198145</td><td>Prednisone 10 MG Oral Tablet</td></tr><tr><td>1303125</td><td>Prednisone 1 MG Delayed Release Oral Tablet</td></tr><tr><td>1303132</td><td>Prednisone 2 MG Delayed Release Oral Tablet</td></tr><tr><td>316580</td><td>Prednisone 1 MG/ML</td></tr><tr><td>316581</td><td>Prednisone 2.5 MG</td></tr><tr><td>316582</td><td>Prednisone 20 MG</td></tr><tr><td>316584</td><td>Prednisone 5 MG</td></tr><tr><td>316585</td><td>Prednisone 5 MG/ML</td></tr><tr><td>316586</td><td>Prednisone 50 MG</td></tr><tr><td>317475</td><td>Prednisone 1 MG</td></tr><tr><td>317663</td><td>Prednisone 10 MG</td></tr><tr><td>335473</td><td>Prednisone 2 MG</td></tr><tr><td>373583</td><td>Prednisone Oral Solution</td></tr><tr><td>373585</td><td>Prednisone Oral Tablet</td></tr><tr><td>1303124</td><td>Prednisone Delayed Release Oral Tablet</td></tr><tr><td>1161704</td><td>Prednisone Oral Liquid Product</td></tr><tr><td>1161705</td><td>Prednisone Oral Product</td></tr><tr><td>1161706</td><td>Prednisone Pill</td></tr><tr><td>1172410</td><td>Deltasone Oral Product</td></tr><tr><td>1172411</td><td>Deltasone Pill</td></tr><tr><td>1303129</td><td>Rayos Oral Product</td></tr><tr><td>1303130</td><td>Rayos Pill</td></tr></table></li></ul></div>"},"url":"http://hl7.org/fhir/uv/pddi/ValueSet/valueset-prednisone","version":"1.0.0-ballot","name":"Valueset_prednisone","title":"Prednisone Medications Value Set","status":"draft","experimental":true,"date":"2018-07-02","publisher":"HL7 Clinical Decision Support Workgroup","contact":[{"telecom":[{"system":"url","value":"http://hl7.org/Special/committees/dss"}]}],"description":"ValueSet containing drug identifiers for prednisone.","jurisdiction":[{"coding":[{"system":"http://unstats.un.org/unsd/methods/m49/m49.htm","code":"001"}]}],"copyright":"(copyright expectations unknown)","compose":{"include":[{"system":"http://www.nlm.nih.gov/research/umls/rxnorm","concept":[{"code":"227730","display":"Deltasone"},{"code":"1303126","display":"Rayos"},{"code":"763181","display":"{21 (Prednisone 5 MG Oral Tablet) } Pack"},{"code":"763179","display":"{48 (Prednisone 5 MG Oral Tablet) } Pack"},{"code":"763183","display":"{48 (Prednisone 10 MG Oral Tablet) } Pack"},{"code":"763185","display":"{21 (Prednisone 10 MG Oral Tablet) } Pack"},{"code":"8640","display":"Prednisone"},{"code":"1008942","display":"Chloramphenicol / Prednisone"},{"code":"815961","display":"Piroxicam / Prednisone"},{"code":"206837","display":"Prednisone 2.5 MG Oral Tablet [Deltasone]"},{"code":"206954","display":"Prednisone 5 MG Oral Tablet [Deltasone]"},{"code":"206988","display":"Prednisone 10 MG Oral Tablet [Deltasone]"},{"code":"206997","display":"Prednisone 20 MG Oral Tablet [Deltasone]"},{"code":"207048","display":"Prednisone 50 MG Oral Tablet [Deltasone]"},{"code":"1303131","display":"Prednisone 1 MG Delayed Release Oral Tablet [Rayos]"},{"code":"1303134","display":"Prednisone 2 MG Delayed Release Oral Tablet [Rayos]"},{"code":"1303137","display":"Prednisone 5 MG Delayed Release Oral Tablet [Rayos]"},{"code":"567645","display":"Prednisone 2.5 MG [Deltasone]"},{"code":"567755","display":"Prednisone 5 MG [Deltasone]"},{"code":"567784","display":"Prednisone 10 MG [Deltasone]"},{"code":"567793","display":"Prednisone 20 MG [Deltasone]"},{"code":"567841","display":"Prednisone 50 MG [Deltasone]"},{"code":"1303127","display":"Prednisone 1 MG [Rayos]"},{"code":"1303133","display":"Prednisone 2 MG [Rayos]"},{"code":"1303136","display":"Prednisone 5 MG [Rayos]"},{"code":"92354","display":"Prednisone Oral Tablet [Deltasone]"},{"code":"1303128","display":"Prednisone Delayed Release Oral Tablet [Rayos]"},{"code":"198146","display":"Prednisone 2.5 MG Oral Tablet"},{"code":"198148","display":"Prednisone 50 MG Oral Tablet"},{"code":"205301","display":"Prednisone 5 MG/ML Oral Solution"},{"code":"312615","display":"Prednisone 20 MG Oral Tablet"},{"code":"312617","display":"Prednisone 5 MG Oral Tablet"},{"code":"315187","display":"Prednisone 1 MG/ML Oral Solution"},{"code":"1303135","display":"Prednisone 5 MG Delayed Release Oral Tablet"},{"code":"198144","display":"Prednisone 1 MG Oral Tablet"},{"code":"198145","display":"Prednisone 10 MG Oral Tablet"},{"code":"1303125","display":"Prednisone 1 MG Delayed Release Oral Tablet"},{"code":"1303132","display":"Prednisone 2 MG Delayed Release Oral Tablet"},{"code":"316580","display":"Prednisone 1 MG/ML"},{"code":"316581","display":"Prednisone 2.5 MG"},{"code":"316582","display":"Prednisone 20 MG"},{"code":"316584","display":"Prednisone 5 MG"},{"code":"316585","display":"Prednisone 5 MG/ML"},{"code":"316586","display":"Prednisone 50 MG"},{"code":"317475","display":"Prednisone 1 MG"},{"code":"317663","display":"Prednisone 10 MG"},{"code":"335473","display":"Prednisone 2 MG"},{"code":"373583","display":"Prednisone Oral Solution"},{"code":"373585","display":"Prednisone Oral Tablet"},{"code":"1303124","display":"Prednisone Delayed Release Oral Tablet"},{"code":"1161704","display":"Prednisone Oral Liquid Product"},{"code":"1161705","display":"Prednisone Oral Product"},{"code":"1161706","display":"Prednisone Pill"},{"code":"1172410","display":"Deltasone Oral Product"},{"code":"1172411","display":"Deltasone Pill"},{"code":"1303129","display":"Rayos Oral Product"},{"code":"1303130","display":"Rayos Pill"}]}]}}