{"resourceType":"ValueSet","id":"valueset-trilostane","text":{"status":"generated","div":"<div xmlns=\"http://www.w3.org/1999/xhtml\"><ul><li>Include these codes as defined in <a href=\"http://www.nlm.nih.gov/research/umls/rxnorm\"><code>http://www.nlm.nih.gov/research/umls/rxnorm</code></a><table class=\"none\"><tr><td style=\"white-space:nowrap\"><b>Code</b></td><td><b>Display</b></td></tr><tr><td>861978</td><td>Vetoryl</td></tr><tr><td>38668</td><td>trilostane</td></tr><tr><td>861981</td><td>trilostane 10 MG Oral Capsule [Vetoryl]</td></tr><tr><td>861983</td><td>trilostane 30 MG Oral Capsule [Vetoryl]</td></tr><tr><td>861985</td><td>trilostane 60 MG Oral Capsule [Vetoryl]</td></tr><tr><td>1667272</td><td>trilostane 5 MG Oral Capsule [Vetoryl]</td></tr><tr><td>1242944</td><td>trilostane 120 MG Oral Capsule [Vetoryl]</td></tr><tr><td>861979</td><td>trilostane 10 MG [Vetoryl]</td></tr><tr><td>861982</td><td>trilostane 30 MG [Vetoryl]</td></tr><tr><td>861984</td><td>trilostane 60 MG [Vetoryl]</td></tr><tr><td>1667271</td><td>trilostane 5 MG [Vetoryl]</td></tr><tr><td>1242943</td><td>trilostane 120 MG [Vetoryl]</td></tr><tr><td>861980</td><td>trilostane Oral Capsule [Vetoryl]</td></tr><tr><td>313483</td><td>trilostane 60 MG Oral Capsule</td></tr><tr><td>313482</td><td>trilostane 30 MG Oral Capsule</td></tr><tr><td>105455</td><td>trilostane 120 MG Oral Capsule</td></tr><tr><td>861977</td><td>trilostane 10 MG Oral Capsule</td></tr><tr><td>1667270</td><td>trilostane 5 MG Oral Capsule</td></tr><tr><td>316860</td><td>trilostane 60 MG</td></tr><tr><td>317526</td><td>trilostane 30 MG</td></tr><tr><td>335777</td><td>trilostane 120 MG</td></tr><tr><td>861976</td><td>trilostane 10 MG</td></tr><tr><td>1667269</td><td>trilostane 5 MG</td></tr><tr><td>374215</td><td>trilostane Oral Capsule</td></tr><tr><td>1163375</td><td>trilostane Oral Product</td></tr><tr><td>1163376</td><td>trilostane Pill</td></tr><tr><td>1188066</td><td>Vetoryl Oral Product</td></tr><tr><td>1188067</td><td>Vetoryl Pill</td></tr></table></li></ul></div>"},"url":"http://hl7.org/fhir/uv/pddi/ValueSet/valueset-trilostane","version":"1.0.0-ballot","name":"Valueset_trilostane","title":"Trilostane Medications Value Set","status":"draft","experimental":true,"date":"2018-07-02","publisher":"HL7 Clinical Decision Support Workgroup","contact":[{"telecom":[{"system":"url","value":"http://hl7.org/Special/committees/dss"}]}],"description":"ValueSet containing drug identifiers for trilostane.","jurisdiction":[{"coding":[{"system":"http://unstats.un.org/unsd/methods/m49/m49.htm","code":"001"}]}],"copyright":"(copyright expectations unknown)","compose":{"include":[{"system":"http://www.nlm.nih.gov/research/umls/rxnorm","concept":[{"code":"861978","display":"Vetoryl"},{"code":"38668","display":"trilostane"},{"code":"861981","display":"trilostane 10 MG Oral Capsule [Vetoryl]"},{"code":"861983","display":"trilostane 30 MG Oral Capsule [Vetoryl]"},{"code":"861985","display":"trilostane 60 MG Oral Capsule [Vetoryl]"},{"code":"1667272","display":"trilostane 5 MG Oral Capsule [Vetoryl]"},{"code":"1242944","display":"trilostane 120 MG Oral Capsule [Vetoryl]"},{"code":"861979","display":"trilostane 10 MG [Vetoryl]"},{"code":"861982","display":"trilostane 30 MG [Vetoryl]"},{"code":"861984","display":"trilostane 60 MG [Vetoryl]"},{"code":"1667271","display":"trilostane 5 MG [Vetoryl]"},{"code":"1242943","display":"trilostane 120 MG [Vetoryl]"},{"code":"861980","display":"trilostane Oral Capsule [Vetoryl]"},{"code":"313483","display":"trilostane 60 MG Oral Capsule"},{"code":"313482","display":"trilostane 30 MG Oral Capsule"},{"code":"105455","display":"trilostane 120 MG Oral Capsule"},{"code":"861977","display":"trilostane 10 MG Oral Capsule"},{"code":"1667270","display":"trilostane 5 MG Oral Capsule"},{"code":"316860","display":"trilostane 60 MG"},{"code":"317526","display":"trilostane 30 MG"},{"code":"335777","display":"trilostane 120 MG"},{"code":"861976","display":"trilostane 10 MG"},{"code":"1667269","display":"trilostane 5 MG"},{"code":"374215","display":"trilostane Oral Capsule"},{"code":"1163375","display":"trilostane Oral Product"},{"code":"1163376","display":"trilostane Pill"},{"code":"1188066","display":"Vetoryl Oral Product"},{"code":"1188067","display":"Vetoryl Pill"}]}]}}