{"resourceType":"ValueSet","id":"valueset-oxaprozin","text":{"status":"generated","div":"<div xmlns=\"http://www.w3.org/1999/xhtml\"><ul><li>Include these codes as defined in <a href=\"http://www.nlm.nih.gov/research/umls/rxnorm\"><code>http://www.nlm.nih.gov/research/umls/rxnorm</code></a><table class=\"none\"><tr><td style=\"white-space:nowrap\"><b>Code</b></td><td><b>Display</b></td></tr><tr><td>157381</td><td>Daypro</td></tr><tr><td>32613</td><td>oxaprozin</td></tr><tr><td>660767</td><td>Oxaprozin potassium</td></tr><tr><td>207243</td><td>oxaprozin 600 MG Oral Tablet [Daypro]</td></tr><tr><td>568030</td><td>oxaprozin 600 MG [Daypro]</td></tr><tr><td>368765</td><td>oxaprozin Oral Tablet [Daypro]</td></tr><tr><td>312132</td><td>oxaprozin 600 MG Oral Tablet</td></tr><tr><td>349188</td><td>oxaprozin 600 MG Delayed Release Oral Capsule</td></tr><tr><td>316413</td><td>oxaprozin 600 MG</td></tr><tr><td>373169</td><td>oxaprozin Oral Tablet</td></tr><tr><td>378275</td><td>oxaprozin Delayed Release Oral Capsule</td></tr><tr><td>1160122</td><td>oxaprozin Oral Product</td></tr><tr><td>1160123</td><td>oxaprozin Pill</td></tr><tr><td>1168832</td><td>Daypro Oral Product</td></tr><tr><td>1168833</td><td>Daypro Pill</td></tr></table></li></ul></div>"},"url":"http://hl7.org/fhir/uv/pddi/ValueSet/valueset-oxaprozin","version":"1.0.0-ballot","name":"Valueset_oxaprozin","title":"Oxaprozin Medications Value Set","status":"draft","experimental":true,"date":"2018-07-02","publisher":"HL7 Clinical Decision Support Workgroup","contact":[{"telecom":[{"system":"url","value":"http://hl7.org/Special/committees/dss"}]}],"description":"ValueSet containing drug identifiers for oxaprozin.","jurisdiction":[{"coding":[{"system":"http://unstats.un.org/unsd/methods/m49/m49.htm","code":"001"}]}],"copyright":"(copyright expectations unknown)","compose":{"include":[{"system":"http://www.nlm.nih.gov/research/umls/rxnorm","concept":[{"code":"157381","display":"Daypro"},{"code":"32613","display":"oxaprozin"},{"code":"660767","display":"Oxaprozin potassium"},{"code":"207243","display":"oxaprozin 600 MG Oral Tablet [Daypro]"},{"code":"568030","display":"oxaprozin 600 MG [Daypro]"},{"code":"368765","display":"oxaprozin Oral Tablet [Daypro]"},{"code":"312132","display":"oxaprozin 600 MG Oral Tablet"},{"code":"349188","display":"oxaprozin 600 MG Delayed Release Oral Capsule"},{"code":"316413","display":"oxaprozin 600 MG"},{"code":"373169","display":"oxaprozin Oral Tablet"},{"code":"378275","display":"oxaprozin Delayed Release Oral Capsule"},{"code":"1160122","display":"oxaprozin Oral Product"},{"code":"1160123","display":"oxaprozin Pill"},{"code":"1168832","display":"Daypro Oral Product"},{"code":"1168833","display":"Daypro Pill"}]}]}}