{"resourceType":"ValueSet","id":"valueset-rimexolone-exclude","text":{"status":"generated","div":"<div xmlns=\"http://www.w3.org/1999/xhtml\"><ul><li>Include these codes as defined in <a href=\"http://www.nlm.nih.gov/research/umls/rxnorm\"><code>http://www.nlm.nih.gov/research/umls/rxnorm</code></a><table class=\"none\"><tr><td style=\"white-space:nowrap\"><b>Code</b></td><td><b>Display</b></td></tr><tr><td>207446</td><td>rimexolone 10 MG/ML Ophthalmic Suspension [Vexol]</td></tr><tr><td>365826</td><td>rimexolone Ophthalmic Suspension [Vexol]</td></tr><tr><td>199115</td><td>rimexolone 10 MG/ML Ophthalmic Suspension</td></tr><tr><td>379299</td><td>rimexolone Ophthalmic Suspension</td></tr><tr><td>1157440</td><td>rimexolone Ophthalmic Product</td></tr><tr><td>1188083</td><td>Vexol Ophthalmic Product</td></tr></table></li></ul></div>"},"url":"http://hl7.org/fhir/uv/pddi/ValueSet/valueset-rimexolone-exclude","version":"1.0.0-ballot","name":"Valueset_rimexolone_exclude","title":"Exclude Rimexolone Medications Value Set","status":"draft","experimental":true,"date":"2018-07-02","publisher":"HL7 Clinical Decision Support Workgroup","contact":[{"telecom":[{"system":"url","value":"http://hl7.org/Special/committees/dss"}]}],"description":"ValueSet containing drug identifiers to exclude. Criteria is explicitly stating topical, gel, cream, ointment, otic, or ophthalmic formulations.","jurisdiction":[{"coding":[{"system":"http://unstats.un.org/unsd/methods/m49/m49.htm","code":"001"}]}],"purpose":"To refine valueset for Warfarin + NSAID PDDI-CDS","copyright":"(copyright expectations unknown)","compose":{"include":[{"system":"http://www.nlm.nih.gov/research/umls/rxnorm","concept":[{"code":"207446","display":"rimexolone 10 MG/ML Ophthalmic Suspension [Vexol]"},{"code":"365826","display":"rimexolone Ophthalmic Suspension [Vexol]"},{"code":"199115","display":"rimexolone 10 MG/ML Ophthalmic Suspension"},{"code":"379299","display":"rimexolone Ophthalmic Suspension"},{"code":"1157440","display":"rimexolone Ophthalmic Product"},{"code":"1188083","display":"Vexol Ophthalmic Product"}]}]}}