{"resourceType":"ValueSet","id":"valueset-bromfenac-exclude","text":{"status":"generated","div":"<div xmlns=\"http://www.w3.org/1999/xhtml\"><ul><li>Include these codes as defined in <a href=\"http://www.nlm.nih.gov/research/umls/rxnorm\"><code>http://www.nlm.nih.gov/research/umls/rxnorm</code></a><table class=\"none\"><tr><td style=\"white-space:nowrap\"><b>Code</b></td><td><b>Display</b></td></tr><tr><td>1020510</td><td>bromfenac 0.9 MG/ML Ophthalmic Solution [Bromday]</td></tr><tr><td>1375922</td><td>bromfenac 0.7 MG/ML Ophthalmic Solution [Prolensa]</td></tr><tr><td>1790146</td><td>bromfenac 0.75 MG/ML Ophthalmic Solution [Bromsite]</td></tr><tr><td>1020509</td><td>bromfenac Ophthalmic Solution [Bromday]</td></tr><tr><td>1375920</td><td>bromfenac Ophthalmic Solution [Prolensa]</td></tr><tr><td>1790144</td><td>bromfenac Ophthalmic Solution [Bromsite]</td></tr><tr><td>578018</td><td>bromfenac 0.9 MG/ML Ophthalmic Solution</td></tr><tr><td>1375917</td><td>bromfenac 0.7 MG/ML Ophthalmic Solution</td></tr><tr><td>1790141</td><td>bromfenac 0.75 MG/ML Ophthalmic Solution</td></tr><tr><td>578017</td><td>bromfenac Ophthalmic Solution</td></tr><tr><td>1163102</td><td>bromfenac Ophthalmic Product</td></tr><tr><td>1375921</td><td>Prolensa Ophthalmic Product</td></tr><tr><td>1790145</td><td>Bromsite Ophthalmic Product</td></tr><tr><td>1166170</td><td>Bromday Ophthalmic Product</td></tr></table></li></ul></div>"},"url":"http://hl7.org/fhir/uv/pddi/ValueSet/valueset-bromfenac-exclude","version":"1.0.0-ballot","name":"Valueset_bromfenac_exclude","title":"Exclude Bromfenac Medications Value Set","status":"draft","experimental":true,"date":"2018-07-02","publisher":"HL7 Clinical Decision Support Workgroup","contact":[{"telecom":[{"system":"url","value":"http://hl7.org/Special/committees/dss"}]}],"description":"ValueSet containing drug identifiers to exclude. Criteria is explicitly stating topical, gel, cream, ointment, otic, or ophthalmic formulations.","jurisdiction":[{"coding":[{"system":"http://unstats.un.org/unsd/methods/m49/m49.htm","code":"001"}]}],"purpose":"To refine valueset for Warfarin + NSAID PDDI-CDS","copyright":"(copyright expectations unknown)","compose":{"include":[{"system":"http://www.nlm.nih.gov/research/umls/rxnorm","concept":[{"code":"1020510","display":"bromfenac 0.9 MG/ML Ophthalmic Solution [Bromday]"},{"code":"1375922","display":"bromfenac 0.7 MG/ML Ophthalmic Solution [Prolensa]"},{"code":"1790146","display":"bromfenac 0.75 MG/ML Ophthalmic Solution [Bromsite]"},{"code":"1020509","display":"bromfenac Ophthalmic Solution [Bromday]"},{"code":"1375920","display":"bromfenac Ophthalmic Solution [Prolensa]"},{"code":"1790144","display":"bromfenac Ophthalmic Solution [Bromsite]"},{"code":"578018","display":"bromfenac 0.9 MG/ML Ophthalmic Solution"},{"code":"1375917","display":"bromfenac 0.7 MG/ML Ophthalmic Solution"},{"code":"1790141","display":"bromfenac 0.75 MG/ML Ophthalmic Solution"},{"code":"578017","display":"bromfenac Ophthalmic Solution"},{"code":"1163102","display":"bromfenac Ophthalmic Product"},{"code":"1375921","display":"Prolensa Ophthalmic Product"},{"code":"1790145","display":"Bromsite Ophthalmic Product"},{"code":"1166170","display":"Bromday Ophthalmic Product"}]}]}}