{"resourceType":"ValueSet","id":"valueset-methylprednisolone-exclude","text":{"status":"generated","div":"<div xmlns=\"http://www.w3.org/1999/xhtml\"><ul><li>Include these codes as defined in <a href=\"http://www.nlm.nih.gov/research/umls/rxnorm\"><code>http://www.nlm.nih.gov/research/umls/rxnorm</code></a><table class=\"none\"><tr><td style=\"white-space:nowrap\"><b>Code</b></td><td><b>Display</b></td></tr><tr><td>1100391</td><td>methylprednisolone acetate 0.01 MG/MG Topical Gel [HybriSil]</td></tr><tr><td>1100390</td><td>Methylprednisolone Topical Gel [HybriSil]</td></tr><tr><td>1358506</td><td>methylprednisolone acetate 0.0025 MG/MG Topical Ointment</td></tr><tr><td>1100387</td><td>methylprednisolone acetate 0.01 MG/MG Topical Gel</td></tr><tr><td>1100386</td><td>Methylprednisolone Topical Gel</td></tr><tr><td>372863</td><td>Methylprednisolone Topical Ointment</td></tr><tr><td>1163491</td><td>Methylprednisolone Topical Product</td></tr><tr><td>1172713</td><td>HybriSil Topical Product</td></tr></table></li></ul></div>"},"url":"http://hl7.org/fhir/uv/pddi/ValueSet/valueset-methylprednisolone-exclude","version":"1.0.0-ballot","name":"Valueset_methylprednisolone_exclude","title":"Exclude Methylprednisolone Medications Value Set","status":"draft","experimental":true,"date":"2018-07-02","publisher":"HL7 Clinical Decision Support Workgroup","contact":[{"telecom":[{"system":"url","value":"http://hl7.org/Special/committees/dss"}]}],"description":"ValueSet containing drug identifiers to exclude. Criteria is explicitly stating topical, gel, cream, ointment, otic, or ophthalmic formulations.","jurisdiction":[{"coding":[{"system":"http://unstats.un.org/unsd/methods/m49/m49.htm","code":"001"}]}],"purpose":"To refine valueset for Warfarin + NSAID PDDI-CDS","copyright":"(copyright expectations unknown)","compose":{"include":[{"system":"http://www.nlm.nih.gov/research/umls/rxnorm","concept":[{"code":"1100391","display":"methylprednisolone acetate 0.01 MG/MG Topical Gel [HybriSil]"},{"code":"1100390","display":"Methylprednisolone Topical Gel [HybriSil]"},{"code":"1358506","display":"methylprednisolone acetate 0.0025 MG/MG Topical Ointment"},{"code":"1100387","display":"methylprednisolone acetate 0.01 MG/MG Topical Gel"},{"code":"1100386","display":"Methylprednisolone Topical Gel"},{"code":"372863","display":"Methylprednisolone Topical Ointment"},{"code":"1163491","display":"Methylprednisolone Topical Product"},{"code":"1172713","display":"HybriSil Topical Product"}]}]}}