{"resourceType":"ValueSet","id":"valueset-calcium-LOINC","text":{"status":"generated","div":"<div xmlns=\"http://www.w3.org/1999/xhtml\"><ul><li>Include these codes as defined in <a href=\"http://loinc.org\"><code>http://loinc.org</code></a> version <code>2.73</code><table class=\"none\"><tr><td style=\"white-space:nowrap\"><b>Code</b></td><td><b>Display</b></td></tr><tr><td><a href=\"https://loinc.org/17864-0/\">17864-0</a></td><td>Calcium.ionized [Mass/​volume] in Serum or Plasma by Ion-selective membrane electrode (ISE)</td></tr><tr><td><a href=\"https://loinc.org/17861-6/\">17861-6</a></td><td>Calcium [Mass/volume] in Serum or Plasma</td></tr><tr><td><a href=\"https://loinc.org/1994-3/\">1994-3</a></td><td>Calcium.ionized [Moles/volume] in Blood</td></tr><tr><td><a href=\"https://loinc.org/1995-0/\">1995-0</a></td><td>Calcium.ionized [Moles/volume] in Serum or Plasma</td></tr><tr><td><a href=\"https://loinc.org/29265-6/\">29265-6</a></td><td>Calcium [Moles/volume] corrected for albumin in Serum or Plasma</td></tr></table></li></ul></div>"},"url":"http://hl7.org/fhir/uv/pddi/ValueSet/valueset-calcium-LOINC","version":"1.0.0-ballot","name":"Valueset_calcium_LOINC","title":"LOINC Codes for Serum Calcium","status":"draft","experimental":true,"date":"2018-08-03","publisher":"HL7 Clinical Decision Support Workgroup","contact":[{"telecom":[{"system":"url","value":"http://hl7.org/Special/committees/dss"}]}],"description":"ValueSet containing serum calcium LOINC identifiers from the Top 2000 Common Lab Results US.","jurisdiction":[{"coding":[{"system":"http://unstats.un.org/unsd/methods/m49/m49.htm","code":"001"}]}],"copyright":"This material contains content from LOINC (http://loinc.org). LOINC is copyright © 1995-2020, Regenstrief Institute, Inc. and the Logical Observation Identifiers Names and Codes (LOINC) Committee and is available at no cost under the license at http://loinc.org/license. LOINC® is a registered United States trademark of Regenstrief Institute, Inc","compose":{"include":[{"system":"http://loinc.org","version":"2.73","concept":[{"code":"17864-0","display":"Calcium.ionized [Mass/​volume] in Serum or Plasma by Ion-selective membrane electrode (ISE)"},{"code":"17861-6","display":"Calcium [Mass/volume] in Serum or Plasma"},{"code":"1994-3","display":"Calcium.ionized [Moles/volume] in Blood"},{"code":"1995-0","display":"Calcium.ionized [Moles/volume] in Serum or Plasma"},{"code":"29265-6","display":"Calcium [Moles/volume] corrected for albumin in Serum or Plasma"}]}]}}