{"resourceType":"ValueSet","id":"valueset-ibuprofen","text":{"status":"generated","div":"<div xmlns=\"http://www.w3.org/1999/xhtml\"><ul><li>Include these codes as defined in <a href=\"http://www.nlm.nih.gov/research/umls/rxnorm\"><code>http://www.nlm.nih.gov/research/umls/rxnorm</code></a><table class=\"none\"><tr><td style=\"white-space:nowrap\"><b>Code</b></td><td><b>Display</b></td></tr><tr><td>1100067</td><td>Duexis</td></tr><tr><td>1101916</td><td>Counteract IB</td></tr><tr><td>153010</td><td>Advil</td></tr><tr><td>202488</td><td>Motrin</td></tr><tr><td>202490</td><td>Nuprin</td></tr><tr><td>217324</td><td>Genpril</td></tr><tr><td>217693</td><td>Ibu</td></tr><tr><td>220826</td><td>Vicoprofen</td></tr><tr><td>579458</td><td>Reprexain</td></tr><tr><td>637194</td><td>Neoprofen</td></tr><tr><td>643099</td><td>Wal-Profen</td></tr><tr><td>850404</td><td>Ibuprohm</td></tr><tr><td>854184</td><td>Caldolor</td></tr><tr><td>895656</td><td>Motrin PM</td></tr><tr><td>900431</td><td>Addaprin</td></tr><tr><td>900435</td><td>Ultraprin</td></tr><tr><td>1359092</td><td>Ibutab</td></tr><tr><td>1372755</td><td>Ibudone</td></tr><tr><td>1542983</td><td>Xylon</td></tr><tr><td>1300262</td><td>Proprinal</td></tr><tr><td>541710</td><td>Samson 8</td></tr><tr><td>851210</td><td>{60 (Caffeine 65 MG / Riboflavin 6.25 MG / Thiamine 25 MG /                     Vitamin B 12 0.125 MG / Vitamin B6 25 MG Oral Capsule) / 60                     (Ibuprofen 400 MG Oral Tablet) } Pack [IC 400 Kit]</td></tr><tr><td>851209</td><td>{60 (Caffeine 65 MG / Riboflavin 6.25 MG / Thiamine 25 MG /                     Vitamin B 12 0.125 MG / Vitamin B6 25 MG Oral Capsule) / 60                     (Ibuprofen 400 MG Oral Tablet) } Pack</td></tr><tr><td>5640</td><td>Ibuprofen</td></tr><tr><td>1007329</td><td>Ibuprofen / Phenylephrine</td></tr><tr><td>1007373</td><td>Ibuprofen / Vitamin B 12</td></tr><tr><td>1007410</td><td>Carisoprodol / Ibuprofen</td></tr><tr><td>1007482</td><td>Ibuprofen / Lidocaine</td></tr><tr><td>1007823</td><td>cyclonium / Ibuprofen</td></tr><tr><td>1007917</td><td>Hydroxocobalamin / Ibuprofen</td></tr><tr><td>1008079</td><td>homatropine / Ibuprofen</td></tr><tr><td>1008170</td><td>Ibuprofen / Niacin</td></tr><tr><td>1008440</td><td>Ibuprofen / Scopolamine</td></tr><tr><td>1008502</td><td>Ibuprofen / pseudoisocytidine</td></tr><tr><td>1009037</td><td>Ibuprofen / Methocarbamol</td></tr><tr><td>1009128</td><td>Caffeine / Ergotamine / Ibuprofen</td></tr><tr><td>1100065</td><td>Famotidine / Ibuprofen</td></tr><tr><td>214627</td><td>Hydrocodone / Ibuprofen</td></tr><tr><td>214652</td><td>Ibuprofen / Pseudoephedrine</td></tr><tr><td>392617</td><td>Ibuprofen / Menthol</td></tr><tr><td>404789</td><td>Chlorpheniramine / Ibuprofen / Pseudoephedrine</td></tr><tr><td>484259</td><td>Ibuprofen / Oxycodone</td></tr><tr><td>644895</td><td>Diphenhydramine / Ibuprofen</td></tr><tr><td>687386</td><td>Ibuprofen / LEVOMENTHOL</td></tr><tr><td>710303</td><td>Codeine / Ibuprofen</td></tr><tr><td>814985</td><td>Ibuprofen / Tolperisone</td></tr><tr><td>818102</td><td>Acetaminophen / Ibuprofen</td></tr><tr><td>820465</td><td>Carisoprodol / Dexamethasone / Ibuprofen</td></tr><tr><td>821036</td><td>Chlorzoxazone / Ibuprofen</td></tr><tr><td>1597118</td><td>Chondroitin Sulfates / Glucosamine / Ibuprofen</td></tr><tr><td>1310502</td><td>Chlorpheniramine / Ibuprofen / Phenylephrine</td></tr><tr><td>36761</td><td>solufenum</td></tr><tr><td>1429044</td><td>Ibuprofen, Sodium Salt</td></tr><tr><td>1100070</td><td>Famotidine 26.6 MG / Ibuprofen 800 MG Oral Tablet [Duexis]</td></tr><tr><td>1101919</td><td>Ibuprofen 200 MG Oral Tablet [Counteract IB]</td></tr><tr><td>153008</td><td>Ibuprofen 200 MG Oral Tablet [Advil]</td></tr><tr><td>206878</td><td>Ibuprofen 20 MG/ML Oral Suspension [Advil]</td></tr><tr><td>731529</td><td>Ibuprofen 50 MG Chewable Tablet [Advil]</td></tr><tr><td>731531</td><td>Ibuprofen 40 MG/ML Oral Suspension [Advil]</td></tr><tr><td>731533</td><td>Ibuprofen 200 MG Oral Capsule [Advil]</td></tr><tr><td>731535</td><td>Ibuprofen 100 MG Oral Tablet [Advil]</td></tr><tr><td>731536</td><td>Ibuprofen 100 MG Chewable Tablet [Advil]</td></tr><tr><td>201126</td><td>Ibuprofen 200 MG Oral Tablet [Motrin]</td></tr><tr><td>206893</td><td>Ibuprofen 200 MG Oral Tablet [Nuprin]</td></tr><tr><td>544393</td><td>Ibuprofen 20 MG/ML Oral Suspension [Motrin]</td></tr><tr><td>606990</td><td>Ibuprofen 200 MG Oral Capsule [Motrin]</td></tr><tr><td>792242</td><td>Ibuprofen 100 MG Chewable Tablet [Motrin]</td></tr><tr><td>806013</td><td>Ibuprofen 100 MG Oral Tablet [Motrin]</td></tr><tr><td>854762</td><td>Ibuprofen 40 MG/ML Oral Suspension [Motrin]</td></tr><tr><td>202098</td><td>Ibuprofen 800 MG Oral Tablet [Motrin]</td></tr><tr><td>206886</td><td>Ibuprofen 200 MG Oral Tablet [Genpril]</td></tr><tr><td>206905</td><td>Ibuprofen 400 MG Oral Tablet [Ibu]</td></tr><tr><td>206913</td><td>Ibuprofen 600 MG Oral Tablet [Ibu]</td></tr><tr><td>206917</td><td>Ibuprofen 800 MG Oral Tablet [Ibu]</td></tr><tr><td>858838</td><td>Hydrocodone Bitartrate 7.5 MG / Ibuprofen 200 MG Oral Tablet [Vicoprofen]</td></tr><tr><td>858772</td><td>Hydrocodone Bitartrate 2.5 MG / Ibuprofen 200 MG Oral Tablet [Reprexain]</td></tr><tr><td>858784</td><td>Hydrocodone Bitartrate 5 MG / Ibuprofen 200 MG Oral Tablet [Reprexain]</td></tr><tr><td>859331</td><td>Hydrocodone Bitartrate 10 MG / Ibuprofen 200 MG Oral Tablet [Reprexain]</td></tr><tr><td>637197</td><td>2 ML Ibuprofen 10 MG/ML Injection [Neoprofen]</td></tr><tr><td>643102</td><td>Ibuprofen 200 MG Oral Tablet [Wal-Profen]</td></tr><tr><td>644386</td><td>Ibuprofen 200 MG Oral Capsule [Wal-Profen]</td></tr><tr><td>850424</td><td>Ibuprofen 200 MG Oral Tablet [Ibuprohm]</td></tr><tr><td>854187</td><td>8 ML Ibuprofen 100 MG/ML Injection [Caldolor]</td></tr><tr><td>895666</td><td>Diphenhydramine Citrate 38 MG / Ibuprofen 200 MG Oral Tablet                     [Motrin PM]</td></tr><tr><td>900434</td><td>Ibuprofen 200 MG Oral Tablet [Addaprin]</td></tr><tr><td>900438</td><td>Ibuprofen 200 MG Oral Tablet [Ultraprin]</td></tr><tr><td>1359097</td><td>Ibuprofen 200 MG Oral Tablet [Ibutab]</td></tr><tr><td>858780</td><td>Hydrocodone Bitartrate 5 MG / Ibuprofen 200 MG Oral Tablet [Ibudone]</td></tr><tr><td>859317</td><td>Hydrocodone Bitartrate 10 MG / Ibuprofen 200 MG Oral Tablet [Ibudone]</td></tr><tr><td>1542988</td><td>Hydrocodone Bitartrate 10 MG / Ibuprofen 200 MG Oral Tablet [Xylon]</td></tr><tr><td>1300267</td><td>Ibuprofen 200 MG Oral Tablet [Proprinal]</td></tr><tr><td>541713</td><td>Ibuprofen 800 MG Oral Tablet [Samson 8]</td></tr><tr><td>1100068</td><td>Famotidine 26.6 MG / Ibuprofen 800 MG [Duexis]</td></tr><tr><td>1101917</td><td>Ibuprofen 200 MG [Counteract IB]</td></tr><tr><td>565143</td><td>Ibuprofen 200 MG [Advil]</td></tr><tr><td>567680</td><td>Ibuprofen 20 MG/ML [Advil]</td></tr><tr><td>731527</td><td>Ibuprofen 50 MG [Advil]</td></tr><tr><td>731530</td><td>Ibuprofen 40 MG/ML [Advil]</td></tr><tr><td>731534</td><td>Ibuprofen 100 MG [Advil]</td></tr><tr><td>544391</td><td>Ibuprofen 20 MG/ML [Motrin]</td></tr><tr><td>565689</td><td>Ibuprofen 200 MG [Motrin]</td></tr><tr><td>567695</td><td>Ibuprofen 200 MG [Nuprin]</td></tr><tr><td>792240</td><td>Ibuprofen 100 MG [Motrin]</td></tr><tr><td>854761</td><td>Ibuprofen 40 MG/ML [Motrin]</td></tr><tr><td>566095</td><td>Ibuprofen 800 MG [Motrin]</td></tr><tr><td>567688</td><td>Ibuprofen 200 MG [Genpril]</td></tr><tr><td>567707</td><td>Ibuprofen 400 MG [Ibu]</td></tr><tr><td>567715</td><td>Ibuprofen 600 MG [Ibu]</td></tr><tr><td>567719</td><td>Ibuprofen 800 MG [Ibu]</td></tr><tr><td>858837</td><td>Hydrocodone Bitartrate 7.5 MG / Ibuprofen 200 MG [Vicoprofen]</td></tr><tr><td>858771</td><td>Hydrocodone Bitartrate 2.5 MG / Ibuprofen 200 MG [Reprexain]</td></tr><tr><td>858783</td><td>Hydrocodone Bitartrate 5 MG / Ibuprofen 200 MG [Reprexain]</td></tr><tr><td>859330</td><td>Hydrocodone Bitartrate 10 MG / Ibuprofen 200 MG [Reprexain]</td></tr><tr><td>637195</td><td>Ibuprofen 10 MG/ML [Neoprofen]</td></tr><tr><td>643100</td><td>Ibuprofen 200 MG [Wal-Profen]</td></tr><tr><td>850422</td><td>Ibuprofen 200 MG [Ibuprohm]</td></tr><tr><td>854185</td><td>Ibuprofen 100 MG/ML [Caldolor]</td></tr><tr><td>895665</td><td>Diphenhydramine Citrate 38 MG / Ibuprofen 200 MG [Motrin PM]</td></tr><tr><td>900432</td><td>Ibuprofen 200 MG [Addaprin]</td></tr><tr><td>900436</td><td>Ibuprofen 200 MG [Ultraprin]</td></tr><tr><td>1359093</td><td>Ibuprofen 200 MG [Ibutab]</td></tr><tr><td>858779</td><td>Hydrocodone Bitartrate 5 MG / Ibuprofen 200 MG [Ibudone]</td></tr><tr><td>859316</td><td>Hydrocodone Bitartrate 10 MG / Ibuprofen 200 MG [Ibudone]</td></tr><tr><td>1542984</td><td>Hydrocodone Bitartrate 10 MG / Ibuprofen 200 MG [Xylon]</td></tr><tr><td>1300263</td><td>Ibuprofen 200 MG [Proprinal]</td></tr><tr><td>541711</td><td>Ibuprofen 800 MG [Samson 8]</td></tr><tr><td>1100069</td><td>Famotidine / Ibuprofen Oral Tablet [Duexis]</td></tr><tr><td>1101918</td><td>Ibuprofen Oral Tablet [Counteract IB]</td></tr><tr><td>365861</td><td>Ibuprofen Oral Suspension [Advil]</td></tr><tr><td>368308</td><td>Hydrocodone / Ibuprofen Oral Tablet [Vicoprofen]</td></tr><tr><td>606989</td><td>Ibuprofen Oral Capsule [Motrin]</td></tr><tr><td>544392</td><td>Ibuprofen Oral Suspension [Motrin]</td></tr><tr><td>368840</td><td>Ibuprofen Oral Tablet [Genpril]</td></tr><tr><td>368823</td><td>Ibuprofen Oral Tablet [Ibu]</td></tr><tr><td>644385</td><td>Ibuprofen Oral Capsule [Wal-Profen]</td></tr><tr><td>643101</td><td>Ibuprofen Oral Tablet [Wal-Profen]</td></tr><tr><td>731528</td><td>Ibuprofen Chewable Tablet [Advil]</td></tr><tr><td>731532</td><td>Ibuprofen Oral Capsule [Advil]</td></tr><tr><td>792241</td><td>Ibuprofen Chewable Tablet [Motrin]</td></tr><tr><td>724134</td><td>Hydrocodone / Ibuprofen Oral Tablet [Reprexain]</td></tr><tr><td>850423</td><td>Ibuprofen Oral Tablet [Ibuprohm]</td></tr><tr><td>895658</td><td>Diphenhydramine / Ibuprofen Oral Tablet [Motrin PM]</td></tr><tr><td>900433</td><td>Ibuprofen Oral Tablet [Addaprin]</td></tr><tr><td>900437</td><td>Ibuprofen Oral Tablet [Ultraprin]</td></tr><tr><td>758973</td><td>Hydrocodone / Ibuprofen Oral Tablet [Ibudone]</td></tr><tr><td>91703</td><td>Ibuprofen Oral Tablet [Advil]</td></tr><tr><td>93358</td><td>Ibuprofen Oral Tablet [Motrin]</td></tr><tr><td>93574</td><td>Ibuprofen Oral Tablet [Nuprin]</td></tr><tr><td>1359094</td><td>Ibuprofen Oral Tablet [Ibutab]</td></tr><tr><td>1542985</td><td>Hydrocodone / Ibuprofen Oral Tablet [Xylon]</td></tr><tr><td>1791366</td><td>Ibuprofen Injection [Neoprofen]</td></tr><tr><td>1791362</td><td>Ibuprofen Injection [Caldolor]</td></tr><tr><td>1300264</td><td>Ibuprofen Oral Tablet [Proprinal]</td></tr><tr><td>541712</td><td>Ibuprofen Oral Tablet [Samson 8]</td></tr><tr><td>1100066</td><td>Famotidine 26.6 MG / Ibuprofen 800 MG Oral Tablet</td></tr><tr><td>197803</td><td>Ibuprofen 20 MG/ML Oral Suspension</td></tr><tr><td>197806</td><td>Ibuprofen 600 MG Oral Tablet</td></tr><tr><td>197807</td><td>Ibuprofen 800 MG Oral Tablet</td></tr><tr><td>198405</td><td>Ibuprofen 100 MG Oral Tablet</td></tr><tr><td>227159</td><td>Ibuprofen 200 MG Extended Release Oral Capsule</td></tr><tr><td>250418</td><td>Ibuprofen 800 MG Extended Release Oral Tablet</td></tr><tr><td>310963</td><td>Ibuprofen 100 MG Chewable Tablet</td></tr><tr><td>310964</td><td>Ibuprofen 200 MG Oral Capsule</td></tr><tr><td>310965</td><td>Ibuprofen 200 MG Oral Tablet</td></tr><tr><td>314047</td><td>Ibuprofen 50 MG Chewable Tablet</td></tr><tr><td>380813</td><td>Ibuprofen 300 MG Extended Release Oral Capsule</td></tr><tr><td>401976</td><td>Ibuprofen 300 MG / Pseudoephedrine 45 MG Oral Capsule</td></tr><tr><td>748641</td><td>Ibuprofen 20 MG/ML Oral Solution</td></tr><tr><td>858770</td><td>Hydrocodone Bitartrate 2.5 MG / Ibuprofen 200 MG Oral Tablet</td></tr><tr><td>858778</td><td>Hydrocodone Bitartrate 5 MG / Ibuprofen 200 MG Oral Tablet</td></tr><tr><td>858798</td><td>Hydrocodone Bitartrate 7.5 MG / Ibuprofen 200 MG Oral Tablet</td></tr><tr><td>859315</td><td>Hydrocodone Bitartrate 10 MG / Ibuprofen 200 MG Oral Tablet</td></tr><tr><td>895664</td><td>Diphenhydramine Citrate 38 MG / Ibuprofen 200 MG Oral Tablet</td></tr><tr><td>901814</td><td>Diphenhydramine Hydrochloride 25 MG / Ibuprofen 200 MG Oral Capsule</td></tr><tr><td>997164</td><td>Codeine Phosphate 12.5 MG / Ibuprofen 200 MG Oral Tablet</td></tr><tr><td>997165</td><td>Codeine Phosphate 12.8 MG / Ibuprofen 200 MG Oral Tablet</td></tr><tr><td>997280</td><td>Codeine Phosphate 20 MG / Ibuprofen 300 MG Extended Release                     Oral Tablet</td></tr><tr><td>1369775</td><td>Ibuprofen 200 MG / Phenylephrine Hydrochloride 10 MG Oral Tablet</td></tr><tr><td>1292323</td><td>Diphenhydramine Citrate 38 MG / Ibuprofen 200 MG Oral Capsule</td></tr><tr><td>1297369</td><td>Chlorpheniramine Maleate 0.2 MG/ML / Ibuprofen 20 MG/ML /                     Pseudoephedrine Hydrochloride 3 MG/ML Oral Suspension</td></tr><tr><td>1297390</td><td>Chlorpheniramine Maleate 2 MG / Ibuprofen 200 MG /                     Pseudoephedrine Hydrochloride 30 MG Oral Tablet</td></tr><tr><td>1299018</td><td>Ibuprofen 200 MG / Pseudoephedrine Hydrochloride 30 MG Oral Capsule</td></tr><tr><td>1299021</td><td>Ibuprofen 200 MG / Pseudoephedrine Hydrochloride 30 MG Oral Tablet</td></tr><tr><td>1310487</td><td>Ibuprofen 20 MG/ML / Pseudoephedrine Hydrochloride 3 MG/ML                     Oral Suspension</td></tr><tr><td>1310503</td><td>Chlorpheniramine Maleate 4 MG / Ibuprofen 200 MG /                     Phenylephrine Hydrochloride 10 MG Oral Tablet</td></tr><tr><td>1049589</td><td>Ibuprofen 400 MG / Oxycodone Hydrochloride 5 MG Oral Tablet</td></tr><tr><td>197805</td><td>Ibuprofen 400 MG Oral Tablet</td></tr><tr><td>141998</td><td>Ibuprofen 50 MG/ML Topical Cream</td></tr><tr><td>142102</td><td>Ibuprofen 50 MG/ML Topical Spray</td></tr><tr><td>204442</td><td>Ibuprofen 40 MG/ML Oral Suspension</td></tr><tr><td>226617</td><td>Ibuprofen 50 MG/ML Topical Foam</td></tr><tr><td>141993</td><td>Ibuprofen 3 MG/ML Oral Suspension</td></tr><tr><td>141997</td><td>Ibuprofen 0.05 MG/MG Topical Gel</td></tr><tr><td>392668</td><td>Ibuprofen 0.05 MG/MG / LEVOMENTHOL 0.03 MG/MG Topical Gel</td></tr><tr><td>389244</td><td>Ibuprofen 0.1 MG/MG Topical Gel</td></tr><tr><td>1747294</td><td>2 ML Ibuprofen 10 MG/ML Injection</td></tr><tr><td>854183</td><td>8 ML Ibuprofen 100 MG/ML Injection</td></tr><tr><td>316072</td><td>Ibuprofen 100 MG</td></tr><tr><td>316073</td><td>Ibuprofen 20 MG/ML</td></tr><tr><td>316074</td><td>Ibuprofen 200 MG</td></tr><tr><td>316075</td><td>Ibuprofen 300 MG</td></tr><tr><td>316076</td><td>Ibuprofen 50 MG</td></tr><tr><td>316077</td><td>Ibuprofen 600 MG</td></tr><tr><td>316078</td><td>Ibuprofen 800 MG</td></tr><tr><td>317388</td><td>Ibuprofen 400 MG</td></tr><tr><td>333683</td><td>Ibuprofen 40 MG/ML</td></tr><tr><td>335000</td><td>Ibuprofen 50 MG/ML</td></tr><tr><td>379847</td><td>Ibuprofen 3 MG/ML</td></tr><tr><td>380845</td><td>Ibuprofen 0.05 MG/MG</td></tr><tr><td>393432</td><td>Ibuprofen 0.1 MG/MG</td></tr><tr><td>637192</td><td>Ibuprofen 10 MG/ML</td></tr><tr><td>854182</td><td>Ibuprofen 100 MG/ML</td></tr><tr><td>1100064</td><td>Famotidine / Ibuprofen Oral Tablet</td></tr><tr><td>370672</td><td>Ibuprofen Oral Suspension</td></tr><tr><td>370673</td><td>Ibuprofen Chewable Tablet</td></tr><tr><td>370674</td><td>Ibuprofen Oral Tablet</td></tr><tr><td>370675</td><td>Ibuprofen Oral Capsule</td></tr><tr><td>370676</td><td>Hydrocodone / Ibuprofen Oral Tablet</td></tr><tr><td>370677</td><td>Ibuprofen / Pseudoephedrine Oral Suspension</td></tr><tr><td>370678</td><td>Ibuprofen / Pseudoephedrine Oral Tablet</td></tr><tr><td>372449</td><td>Ibuprofen Extended Release Oral Tablet</td></tr><tr><td>372455</td><td>Codeine / Ibuprofen Oral Tablet</td></tr><tr><td>372456</td><td>Codeine / Ibuprofen Extended Release Oral Tablet</td></tr><tr><td>373693</td><td>Ibuprofen / Pseudoephedrine Oral Capsule</td></tr><tr><td>377325</td><td>Ibuprofen Topical Spray</td></tr><tr><td>377732</td><td>Ibuprofen Topical Cream</td></tr><tr><td>377956</td><td>Ibuprofen Topical Gel</td></tr><tr><td>380812</td><td>Ibuprofen Extended Release Oral Capsule</td></tr><tr><td>380819</td><td>Ibuprofen Topical Foam</td></tr><tr><td>393550</td><td>Ibuprofen / LEVOMENTHOL Topical Gel</td></tr><tr><td>405928</td><td>Chlorpheniramine / Ibuprofen / Pseudoephedrine Oral Tablet</td></tr><tr><td>483322</td><td>Ibuprofen / Oxycodone Oral Tablet</td></tr><tr><td>577191</td><td>Chlorpheniramine / Ibuprofen / Pseudoephedrine Oral Suspension</td></tr><tr><td>643059</td><td>Diphenhydramine / Ibuprofen Oral Tablet</td></tr><tr><td>645634</td><td>Diphenhydramine / Ibuprofen Oral Capsule</td></tr><tr><td>748640</td><td>Ibuprofen Oral Solution</td></tr><tr><td>993798</td><td>Ibuprofen / Phenylephrine Oral Tablet</td></tr><tr><td>1747293</td><td>Ibuprofen Injection</td></tr><tr><td>1310501</td><td>Chlorpheniramine / Ibuprofen / Phenylephrine Oral Tablet</td></tr><tr><td>1152222</td><td>Diphenhydramine / Ibuprofen Oral Product</td></tr><tr><td>1152223</td><td>Diphenhydramine / Ibuprofen Pill</td></tr><tr><td>1154775</td><td>Chlorpheniramine / Ibuprofen / Pseudoephedrine Oral Liquid Product</td></tr><tr><td>1154776</td><td>Chlorpheniramine / Ibuprofen / Pseudoephedrine Oral Product</td></tr><tr><td>1154777</td><td>Chlorpheniramine / Ibuprofen / Pseudoephedrine Pill</td></tr><tr><td>1154818</td><td>Codeine / Ibuprofen Oral Product</td></tr><tr><td>1154819</td><td>Codeine / Ibuprofen Pill</td></tr><tr><td>1156275</td><td>Ibuprofen Injectable Product</td></tr><tr><td>1156276</td><td>Ibuprofen Oral Liquid Product</td></tr><tr><td>1156277</td><td>Ibuprofen Oral Product</td></tr><tr><td>1156278</td><td>Ibuprofen Pill</td></tr><tr><td>1156280</td><td>Ibuprofen Topical Product</td></tr><tr><td>1158493</td><td>Famotidine / Ibuprofen Oral Product</td></tr><tr><td>1159018</td><td>Famotidine / Ibuprofen Pill</td></tr><tr><td>1162788</td><td>Hydrocodone / Ibuprofen Oral Product</td></tr><tr><td>1162789</td><td>Hydrocodone / Ibuprofen Pill</td></tr><tr><td>1165299</td><td>Ibuprofen / LEVOMENTHOL Topical Product</td></tr><tr><td>1165305</td><td>Ibuprofen / Oxycodone Oral Product</td></tr><tr><td>1165306</td><td>Ibuprofen / Oxycodone Pill</td></tr><tr><td>1165307</td><td>Ibuprofen / Phenylephrine Oral Product</td></tr><tr><td>1165308</td><td>Ibuprofen / Phenylephrine Pill</td></tr><tr><td>1165309</td><td>Ibuprofen / Pseudoephedrine Oral Liquid Product</td></tr><tr><td>1165310</td><td>Ibuprofen / Pseudoephedrine Oral Product</td></tr><tr><td>1165311</td><td>Ibuprofen / Pseudoephedrine Pill</td></tr><tr><td>1295502</td><td>Ibuprofen Chewable Product</td></tr><tr><td>1310499</td><td>Chlorpheniramine / Ibuprofen / Phenylephrine Oral Product</td></tr><tr><td>1310500</td><td>Chlorpheniramine / Ibuprofen / Phenylephrine Pill</td></tr><tr><td>1182819</td><td>Motrin PM Oral Product</td></tr><tr><td>1182820</td><td>Motrin PM Pill</td></tr><tr><td>1185399</td><td>Samson 8 Oral Product</td></tr><tr><td>1185400</td><td>Samson 8 Pill</td></tr><tr><td>1359095</td><td>Ibutab Oral Product</td></tr><tr><td>1359096</td><td>Ibutab Pill</td></tr><tr><td>1166575</td><td>Ibu Oral Product</td></tr><tr><td>1166576</td><td>Ibu Pill</td></tr><tr><td>1166591</td><td>Ibuprohm Oral Product</td></tr><tr><td>1166592</td><td>Ibuprohm Pill</td></tr><tr><td>1169834</td><td>Genpril Oral Product</td></tr><tr><td>1169835</td><td>Genpril Pill</td></tr><tr><td>1170617</td><td>Addaprin Oral Product</td></tr><tr><td>1170618</td><td>Addaprin Pill</td></tr><tr><td>1171345</td><td>Advil Oral Liquid Product</td></tr><tr><td>1171346</td><td>Advil Oral Product</td></tr><tr><td>1171662</td><td>Counteract IB Oral Product</td></tr><tr><td>1171663</td><td>Counteract IB Pill</td></tr><tr><td>1172038</td><td>Advil Pill</td></tr><tr><td>1172242</td><td>Caldolor Injectable Product</td></tr><tr><td>1179363</td><td>Nuprin Oral Product</td></tr><tr><td>1179364</td><td>Nuprin Pill</td></tr><tr><td>1181670</td><td>Neoprofen Injectable Product</td></tr><tr><td>1182817</td><td>Motrin Oral Liquid Product</td></tr><tr><td>1182818</td><td>Motrin Oral Product</td></tr><tr><td>1182821</td><td>Motrin Pill</td></tr><tr><td>1187718</td><td>Ultraprin Oral Product</td></tr><tr><td>1187719</td><td>Ultraprin Pill</td></tr><tr><td>1187794</td><td>Wal-Profen Oral Product</td></tr><tr><td>1187795</td><td>Wal-Profen Pill</td></tr><tr><td>1300265</td><td>Proprinal Oral Product</td></tr><tr><td>1300266</td><td>Proprinal Pill</td></tr><tr><td>1166407</td><td>Duexis Oral Product</td></tr><tr><td>1166408</td><td>Duexis Pill</td></tr><tr><td>1542986</td><td>Xylon Oral Product</td></tr><tr><td>1542987</td><td>Xylon Pill</td></tr><tr><td>1166579</td><td>Ibudone Oral Product</td></tr><tr><td>1166582</td><td>Ibudone Pill</td></tr><tr><td>1181342</td><td>Reprexain Oral Product</td></tr><tr><td>1181345</td><td>Reprexain Pill</td></tr><tr><td>1186574</td><td>Vicoprofen Oral Product</td></tr><tr><td>1186575</td><td>Vicoprofen Pill</td></tr><tr><td>1296120</td><td>Motrin Chewable Product</td></tr><tr><td>1296361</td><td>Advil Chewable Product</td></tr></table></li></ul></div>"},"url":"http://hl7.org/fhir/uv/pddi/ValueSet/valueset-ibuprofen","version":"1.0.0-ballot","name":"Valueset_ibuprofen","title":"Ibuprofen Medications Value Set","status":"draft","experimental":true,"date":"2018-07-02","publisher":"HL7 Clinical Decision Support Workgroup","contact":[{"telecom":[{"system":"url","value":"http://hl7.org/Special/committees/dss"}]}],"description":"ValueSet containing drug identifiers for ibuprofen.","jurisdiction":[{"coding":[{"system":"http://unstats.un.org/unsd/methods/m49/m49.htm","code":"001"}]}],"copyright":"(copyright expectations unknown)","compose":{"include":[{"system":"http://www.nlm.nih.gov/research/umls/rxnorm","concept":[{"code":"1100067","display":"Duexis"},{"code":"1101916","display":"Counteract IB"},{"code":"153010","display":"Advil"},{"code":"202488","display":"Motrin"},{"code":"202490","display":"Nuprin"},{"code":"217324","display":"Genpril"},{"code":"217693","display":"Ibu"},{"code":"220826","display":"Vicoprofen"},{"code":"579458","display":"Reprexain"},{"code":"637194","display":"Neoprofen"},{"code":"643099","display":"Wal-Profen"},{"code":"850404","display":"Ibuprohm"},{"code":"854184","display":"Caldolor"},{"code":"895656","display":"Motrin PM"},{"code":"900431","display":"Addaprin"},{"code":"900435","display":"Ultraprin"},{"code":"1359092","display":"Ibutab"},{"code":"1372755","display":"Ibudone"},{"code":"1542983","display":"Xylon"},{"code":"1300262","display":"Proprinal"},{"code":"541710","display":"Samson 8"},{"code":"851210","display":"{60 (Caffeine 65 MG / Riboflavin 6.25 MG / Thiamine 25 MG /                     Vitamin B 12 0.125 MG / Vitamin B6 25 MG Oral Capsule) / 60                     (Ibuprofen 400 MG Oral Tablet) } Pack [IC 400 Kit]"},{"code":"851209","display":"{60 (Caffeine 65 MG / Riboflavin 6.25 MG / Thiamine 25 MG /                     Vitamin B 12 0.125 MG / Vitamin B6 25 MG Oral Capsule) / 60                     (Ibuprofen 400 MG Oral Tablet) } Pack"},{"code":"5640","display":"Ibuprofen"},{"code":"1007329","display":"Ibuprofen / Phenylephrine"},{"code":"1007373","display":"Ibuprofen / Vitamin B 12"},{"code":"1007410","display":"Carisoprodol / Ibuprofen"},{"code":"1007482","display":"Ibuprofen / Lidocaine"},{"code":"1007823","display":"cyclonium / Ibuprofen"},{"code":"1007917","display":"Hydroxocobalamin / Ibuprofen"},{"code":"1008079","display":"homatropine / Ibuprofen"},{"code":"1008170","display":"Ibuprofen / Niacin"},{"code":"1008440","display":"Ibuprofen / Scopolamine"},{"code":"1008502","display":"Ibuprofen / pseudoisocytidine"},{"code":"1009037","display":"Ibuprofen / Methocarbamol"},{"code":"1009128","display":"Caffeine / Ergotamine / Ibuprofen"},{"code":"1100065","display":"Famotidine / Ibuprofen"},{"code":"214627","display":"Hydrocodone / Ibuprofen"},{"code":"214652","display":"Ibuprofen / Pseudoephedrine"},{"code":"392617","display":"Ibuprofen / Menthol"},{"code":"404789","display":"Chlorpheniramine / Ibuprofen / Pseudoephedrine"},{"code":"484259","display":"Ibuprofen / Oxycodone"},{"code":"644895","display":"Diphenhydramine / Ibuprofen"},{"code":"687386","display":"Ibuprofen / LEVOMENTHOL"},{"code":"710303","display":"Codeine / Ibuprofen"},{"code":"814985","display":"Ibuprofen / Tolperisone"},{"code":"818102","display":"Acetaminophen / Ibuprofen"},{"code":"820465","display":"Carisoprodol / Dexamethasone / Ibuprofen"},{"code":"821036","display":"Chlorzoxazone / Ibuprofen"},{"code":"1597118","display":"Chondroitin Sulfates / Glucosamine / Ibuprofen"},{"code":"1310502","display":"Chlorpheniramine / Ibuprofen / Phenylephrine"},{"code":"36761","display":"solufenum"},{"code":"1429044","display":"Ibuprofen, Sodium Salt"},{"code":"1100070","display":"Famotidine 26.6 MG / Ibuprofen 800 MG Oral Tablet [Duexis]"},{"code":"1101919","display":"Ibuprofen 200 MG Oral Tablet [Counteract IB]"},{"code":"153008","display":"Ibuprofen 200 MG Oral Tablet [Advil]"},{"code":"206878","display":"Ibuprofen 20 MG/ML Oral Suspension [Advil]"},{"code":"731529","display":"Ibuprofen 50 MG Chewable Tablet [Advil]"},{"code":"731531","display":"Ibuprofen 40 MG/ML Oral Suspension [Advil]"},{"code":"731533","display":"Ibuprofen 200 MG Oral Capsule [Advil]"},{"code":"731535","display":"Ibuprofen 100 MG Oral Tablet [Advil]"},{"code":"731536","display":"Ibuprofen 100 MG Chewable Tablet [Advil]"},{"code":"201126","display":"Ibuprofen 200 MG Oral Tablet [Motrin]"},{"code":"206893","display":"Ibuprofen 200 MG Oral Tablet [Nuprin]"},{"code":"544393","display":"Ibuprofen 20 MG/ML Oral Suspension [Motrin]"},{"code":"606990","display":"Ibuprofen 200 MG Oral Capsule [Motrin]"},{"code":"792242","display":"Ibuprofen 100 MG Chewable Tablet [Motrin]"},{"code":"806013","display":"Ibuprofen 100 MG Oral Tablet [Motrin]"},{"code":"854762","display":"Ibuprofen 40 MG/ML Oral Suspension [Motrin]"},{"code":"202098","display":"Ibuprofen 800 MG Oral Tablet [Motrin]"},{"code":"206886","display":"Ibuprofen 200 MG Oral Tablet [Genpril]"},{"code":"206905","display":"Ibuprofen 400 MG Oral Tablet [Ibu]"},{"code":"206913","display":"Ibuprofen 600 MG Oral Tablet [Ibu]"},{"code":"206917","display":"Ibuprofen 800 MG Oral Tablet [Ibu]"},{"code":"858838","display":"Hydrocodone Bitartrate 7.5 MG / Ibuprofen 200 MG Oral Tablet [Vicoprofen]"},{"code":"858772","display":"Hydrocodone Bitartrate 2.5 MG / Ibuprofen 200 MG Oral Tablet [Reprexain]"},{"code":"858784","display":"Hydrocodone Bitartrate 5 MG / Ibuprofen 200 MG Oral Tablet [Reprexain]"},{"code":"859331","display":"Hydrocodone Bitartrate 10 MG / Ibuprofen 200 MG Oral Tablet [Reprexain]"},{"code":"637197","display":"2 ML Ibuprofen 10 MG/ML Injection [Neoprofen]"},{"code":"643102","display":"Ibuprofen 200 MG Oral Tablet [Wal-Profen]"},{"code":"644386","display":"Ibuprofen 200 MG Oral Capsule [Wal-Profen]"},{"code":"850424","display":"Ibuprofen 200 MG Oral Tablet [Ibuprohm]"},{"code":"854187","display":"8 ML Ibuprofen 100 MG/ML Injection [Caldolor]"},{"code":"895666","display":"Diphenhydramine Citrate 38 MG / Ibuprofen 200 MG Oral Tablet                     [Motrin PM]"},{"code":"900434","display":"Ibuprofen 200 MG Oral Tablet [Addaprin]"},{"code":"900438","display":"Ibuprofen 200 MG Oral Tablet [Ultraprin]"},{"code":"1359097","display":"Ibuprofen 200 MG Oral Tablet [Ibutab]"},{"code":"858780","display":"Hydrocodone Bitartrate 5 MG / Ibuprofen 200 MG Oral Tablet [Ibudone]"},{"code":"859317","display":"Hydrocodone Bitartrate 10 MG / Ibuprofen 200 MG Oral Tablet [Ibudone]"},{"code":"1542988","display":"Hydrocodone Bitartrate 10 MG / Ibuprofen 200 MG Oral Tablet [Xylon]"},{"code":"1300267","display":"Ibuprofen 200 MG Oral Tablet [Proprinal]"},{"code":"541713","display":"Ibuprofen 800 MG Oral Tablet [Samson 8]"},{"code":"1100068","display":"Famotidine 26.6 MG / Ibuprofen 800 MG [Duexis]"},{"code":"1101917","display":"Ibuprofen 200 MG [Counteract IB]"},{"code":"565143","display":"Ibuprofen 200 MG [Advil]"},{"code":"567680","display":"Ibuprofen 20 MG/ML [Advil]"},{"code":"731527","display":"Ibuprofen 50 MG [Advil]"},{"code":"731530","display":"Ibuprofen 40 MG/ML [Advil]"},{"code":"731534","display":"Ibuprofen 100 MG [Advil]"},{"code":"544391","display":"Ibuprofen 20 MG/ML [Motrin]"},{"code":"565689","display":"Ibuprofen 200 MG [Motrin]"},{"code":"567695","display":"Ibuprofen 200 MG [Nuprin]"},{"code":"792240","display":"Ibuprofen 100 MG [Motrin]"},{"code":"854761","display":"Ibuprofen 40 MG/ML [Motrin]"},{"code":"566095","display":"Ibuprofen 800 MG [Motrin]"},{"code":"567688","display":"Ibuprofen 200 MG [Genpril]"},{"code":"567707","display":"Ibuprofen 400 MG [Ibu]"},{"code":"567715","display":"Ibuprofen 600 MG [Ibu]"},{"code":"567719","display":"Ibuprofen 800 MG [Ibu]"},{"code":"858837","display":"Hydrocodone Bitartrate 7.5 MG / Ibuprofen 200 MG [Vicoprofen]"},{"code":"858771","display":"Hydrocodone Bitartrate 2.5 MG / Ibuprofen 200 MG [Reprexain]"},{"code":"858783","display":"Hydrocodone Bitartrate 5 MG / Ibuprofen 200 MG [Reprexain]"},{"code":"859330","display":"Hydrocodone Bitartrate 10 MG / Ibuprofen 200 MG [Reprexain]"},{"code":"637195","display":"Ibuprofen 10 MG/ML [Neoprofen]"},{"code":"643100","display":"Ibuprofen 200 MG [Wal-Profen]"},{"code":"850422","display":"Ibuprofen 200 MG [Ibuprohm]"},{"code":"854185","display":"Ibuprofen 100 MG/ML [Caldolor]"},{"code":"895665","display":"Diphenhydramine Citrate 38 MG / Ibuprofen 200 MG [Motrin PM]"},{"code":"900432","display":"Ibuprofen 200 MG [Addaprin]"},{"code":"900436","display":"Ibuprofen 200 MG [Ultraprin]"},{"code":"1359093","display":"Ibuprofen 200 MG [Ibutab]"},{"code":"858779","display":"Hydrocodone Bitartrate 5 MG / Ibuprofen 200 MG [Ibudone]"},{"code":"859316","display":"Hydrocodone Bitartrate 10 MG / Ibuprofen 200 MG [Ibudone]"},{"code":"1542984","display":"Hydrocodone Bitartrate 10 MG / Ibuprofen 200 MG [Xylon]"},{"code":"1300263","display":"Ibuprofen 200 MG [Proprinal]"},{"code":"541711","display":"Ibuprofen 800 MG [Samson 8]"},{"code":"1100069","display":"Famotidine / Ibuprofen Oral Tablet [Duexis]"},{"code":"1101918","display":"Ibuprofen Oral Tablet [Counteract IB]"},{"code":"365861","display":"Ibuprofen Oral Suspension [Advil]"},{"code":"368308","display":"Hydrocodone / Ibuprofen Oral Tablet [Vicoprofen]"},{"code":"606989","display":"Ibuprofen Oral Capsule [Motrin]"},{"code":"544392","display":"Ibuprofen Oral Suspension [Motrin]"},{"code":"368840","display":"Ibuprofen Oral Tablet [Genpril]"},{"code":"368823","display":"Ibuprofen Oral Tablet [Ibu]"},{"code":"644385","display":"Ibuprofen Oral Capsule [Wal-Profen]"},{"code":"643101","display":"Ibuprofen Oral Tablet [Wal-Profen]"},{"code":"731528","display":"Ibuprofen Chewable Tablet [Advil]"},{"code":"731532","display":"Ibuprofen Oral Capsule [Advil]"},{"code":"792241","display":"Ibuprofen Chewable Tablet [Motrin]"},{"code":"724134","display":"Hydrocodone / Ibuprofen Oral Tablet [Reprexain]"},{"code":"850423","display":"Ibuprofen Oral Tablet [Ibuprohm]"},{"code":"895658","display":"Diphenhydramine / Ibuprofen Oral Tablet [Motrin PM]"},{"code":"900433","display":"Ibuprofen Oral Tablet [Addaprin]"},{"code":"900437","display":"Ibuprofen Oral Tablet [Ultraprin]"},{"code":"758973","display":"Hydrocodone / Ibuprofen Oral Tablet [Ibudone]"},{"code":"91703","display":"Ibuprofen Oral Tablet [Advil]"},{"code":"93358","display":"Ibuprofen Oral Tablet [Motrin]"},{"code":"93574","display":"Ibuprofen Oral Tablet [Nuprin]"},{"code":"1359094","display":"Ibuprofen Oral Tablet [Ibutab]"},{"code":"1542985","display":"Hydrocodone / Ibuprofen Oral Tablet [Xylon]"},{"code":"1791366","display":"Ibuprofen Injection [Neoprofen]"},{"code":"1791362","display":"Ibuprofen Injection [Caldolor]"},{"code":"1300264","display":"Ibuprofen Oral Tablet [Proprinal]"},{"code":"541712","display":"Ibuprofen Oral Tablet [Samson 8]"},{"code":"1100066","display":"Famotidine 26.6 MG / Ibuprofen 800 MG Oral Tablet"},{"code":"197803","display":"Ibuprofen 20 MG/ML Oral Suspension"},{"code":"197806","display":"Ibuprofen 600 MG Oral Tablet"},{"code":"197807","display":"Ibuprofen 800 MG Oral Tablet"},{"code":"198405","display":"Ibuprofen 100 MG Oral Tablet"},{"code":"227159","display":"Ibuprofen 200 MG Extended Release Oral Capsule"},{"code":"250418","display":"Ibuprofen 800 MG Extended Release Oral Tablet"},{"code":"310963","display":"Ibuprofen 100 MG Chewable Tablet"},{"code":"310964","display":"Ibuprofen 200 MG Oral Capsule"},{"code":"310965","display":"Ibuprofen 200 MG Oral Tablet"},{"code":"314047","display":"Ibuprofen 50 MG Chewable Tablet"},{"code":"380813","display":"Ibuprofen 300 MG Extended Release Oral Capsule"},{"code":"401976","display":"Ibuprofen 300 MG / Pseudoephedrine 45 MG Oral Capsule"},{"code":"748641","display":"Ibuprofen 20 MG/ML Oral Solution"},{"code":"858770","display":"Hydrocodone Bitartrate 2.5 MG / Ibuprofen 200 MG Oral Tablet"},{"code":"858778","display":"Hydrocodone Bitartrate 5 MG / Ibuprofen 200 MG Oral Tablet"},{"code":"858798","display":"Hydrocodone Bitartrate 7.5 MG / Ibuprofen 200 MG Oral Tablet"},{"code":"859315","display":"Hydrocodone Bitartrate 10 MG / Ibuprofen 200 MG Oral Tablet"},{"code":"895664","display":"Diphenhydramine Citrate 38 MG / Ibuprofen 200 MG Oral Tablet"},{"code":"901814","display":"Diphenhydramine Hydrochloride 25 MG / Ibuprofen 200 MG Oral Capsule"},{"code":"997164","display":"Codeine Phosphate 12.5 MG / Ibuprofen 200 MG Oral Tablet"},{"code":"997165","display":"Codeine Phosphate 12.8 MG / Ibuprofen 200 MG Oral Tablet"},{"code":"997280","display":"Codeine Phosphate 20 MG / Ibuprofen 300 MG Extended Release                     Oral Tablet"},{"code":"1369775","display":"Ibuprofen 200 MG / Phenylephrine Hydrochloride 10 MG Oral Tablet"},{"code":"1292323","display":"Diphenhydramine Citrate 38 MG / Ibuprofen 200 MG Oral Capsule"},{"code":"1297369","display":"Chlorpheniramine Maleate 0.2 MG/ML / Ibuprofen 20 MG/ML /                     Pseudoephedrine Hydrochloride 3 MG/ML Oral Suspension"},{"code":"1297390","display":"Chlorpheniramine Maleate 2 MG / Ibuprofen 200 MG /                     Pseudoephedrine Hydrochloride 30 MG Oral Tablet"},{"code":"1299018","display":"Ibuprofen 200 MG / Pseudoephedrine Hydrochloride 30 MG Oral Capsule"},{"code":"1299021","display":"Ibuprofen 200 MG / Pseudoephedrine Hydrochloride 30 MG Oral Tablet"},{"code":"1310487","display":"Ibuprofen 20 MG/ML / Pseudoephedrine Hydrochloride 3 MG/ML                     Oral Suspension"},{"code":"1310503","display":"Chlorpheniramine Maleate 4 MG / Ibuprofen 200 MG /                     Phenylephrine Hydrochloride 10 MG Oral Tablet"},{"code":"1049589","display":"Ibuprofen 400 MG / Oxycodone Hydrochloride 5 MG Oral Tablet"},{"code":"197805","display":"Ibuprofen 400 MG Oral Tablet"},{"code":"141998","display":"Ibuprofen 50 MG/ML Topical Cream"},{"code":"142102","display":"Ibuprofen 50 MG/ML Topical Spray"},{"code":"204442","display":"Ibuprofen 40 MG/ML Oral Suspension"},{"code":"226617","display":"Ibuprofen 50 MG/ML Topical Foam"},{"code":"141993","display":"Ibuprofen 3 MG/ML Oral Suspension"},{"code":"141997","display":"Ibuprofen 0.05 MG/MG Topical Gel"},{"code":"392668","display":"Ibuprofen 0.05 MG/MG / LEVOMENTHOL 0.03 MG/MG Topical Gel"},{"code":"389244","display":"Ibuprofen 0.1 MG/MG Topical Gel"},{"code":"1747294","display":"2 ML Ibuprofen 10 MG/ML Injection"},{"code":"854183","display":"8 ML Ibuprofen 100 MG/ML Injection"},{"code":"316072","display":"Ibuprofen 100 MG"},{"code":"316073","display":"Ibuprofen 20 MG/ML"},{"code":"316074","display":"Ibuprofen 200 MG"},{"code":"316075","display":"Ibuprofen 300 MG"},{"code":"316076","display":"Ibuprofen 50 MG"},{"code":"316077","display":"Ibuprofen 600 MG"},{"code":"316078","display":"Ibuprofen 800 MG"},{"code":"317388","display":"Ibuprofen 400 MG"},{"code":"333683","display":"Ibuprofen 40 MG/ML"},{"code":"335000","display":"Ibuprofen 50 MG/ML"},{"code":"379847","display":"Ibuprofen 3 MG/ML"},{"code":"380845","display":"Ibuprofen 0.05 MG/MG"},{"code":"393432","display":"Ibuprofen 0.1 MG/MG"},{"code":"637192","display":"Ibuprofen 10 MG/ML"},{"code":"854182","display":"Ibuprofen 100 MG/ML"},{"code":"1100064","display":"Famotidine / Ibuprofen Oral Tablet"},{"code":"370672","display":"Ibuprofen Oral Suspension"},{"code":"370673","display":"Ibuprofen Chewable Tablet"},{"code":"370674","display":"Ibuprofen Oral Tablet"},{"code":"370675","display":"Ibuprofen Oral Capsule"},{"code":"370676","display":"Hydrocodone / Ibuprofen Oral Tablet"},{"code":"370677","display":"Ibuprofen / Pseudoephedrine Oral Suspension"},{"code":"370678","display":"Ibuprofen / Pseudoephedrine Oral Tablet"},{"code":"372449","display":"Ibuprofen Extended Release Oral Tablet"},{"code":"372455","display":"Codeine / Ibuprofen Oral Tablet"},{"code":"372456","display":"Codeine / Ibuprofen Extended Release Oral Tablet"},{"code":"373693","display":"Ibuprofen / Pseudoephedrine Oral Capsule"},{"code":"377325","display":"Ibuprofen Topical Spray"},{"code":"377732","display":"Ibuprofen Topical Cream"},{"code":"377956","display":"Ibuprofen Topical Gel"},{"code":"380812","display":"Ibuprofen Extended Release Oral Capsule"},{"code":"380819","display":"Ibuprofen Topical Foam"},{"code":"393550","display":"Ibuprofen / LEVOMENTHOL Topical Gel"},{"code":"405928","display":"Chlorpheniramine / Ibuprofen / Pseudoephedrine Oral Tablet"},{"code":"483322","display":"Ibuprofen / Oxycodone Oral Tablet"},{"code":"577191","display":"Chlorpheniramine / Ibuprofen / Pseudoephedrine Oral Suspension"},{"code":"643059","display":"Diphenhydramine / Ibuprofen Oral Tablet"},{"code":"645634","display":"Diphenhydramine / Ibuprofen Oral Capsule"},{"code":"748640","display":"Ibuprofen Oral Solution"},{"code":"993798","display":"Ibuprofen / Phenylephrine Oral Tablet"},{"code":"1747293","display":"Ibuprofen Injection"},{"code":"1310501","display":"Chlorpheniramine / Ibuprofen / Phenylephrine Oral Tablet"},{"code":"1152222","display":"Diphenhydramine / Ibuprofen Oral Product"},{"code":"1152223","display":"Diphenhydramine / Ibuprofen Pill"},{"code":"1154775","display":"Chlorpheniramine / Ibuprofen / Pseudoephedrine Oral Liquid Product"},{"code":"1154776","display":"Chlorpheniramine / Ibuprofen / Pseudoephedrine Oral Product"},{"code":"1154777","display":"Chlorpheniramine / Ibuprofen / Pseudoephedrine Pill"},{"code":"1154818","display":"Codeine / Ibuprofen Oral Product"},{"code":"1154819","display":"Codeine / Ibuprofen Pill"},{"code":"1156275","display":"Ibuprofen Injectable Product"},{"code":"1156276","display":"Ibuprofen Oral Liquid Product"},{"code":"1156277","display":"Ibuprofen Oral Product"},{"code":"1156278","display":"Ibuprofen Pill"},{"code":"1156280","display":"Ibuprofen Topical Product"},{"code":"1158493","display":"Famotidine / Ibuprofen Oral Product"},{"code":"1159018","display":"Famotidine / Ibuprofen Pill"},{"code":"1162788","display":"Hydrocodone / Ibuprofen Oral Product"},{"code":"1162789","display":"Hydrocodone / Ibuprofen Pill"},{"code":"1165299","display":"Ibuprofen / LEVOMENTHOL Topical Product"},{"code":"1165305","display":"Ibuprofen / Oxycodone Oral Product"},{"code":"1165306","display":"Ibuprofen / Oxycodone Pill"},{"code":"1165307","display":"Ibuprofen / Phenylephrine Oral Product"},{"code":"1165308","display":"Ibuprofen / Phenylephrine Pill"},{"code":"1165309","display":"Ibuprofen / Pseudoephedrine Oral Liquid Product"},{"code":"1165310","display":"Ibuprofen / Pseudoephedrine Oral Product"},{"code":"1165311","display":"Ibuprofen / Pseudoephedrine Pill"},{"code":"1295502","display":"Ibuprofen Chewable Product"},{"code":"1310499","display":"Chlorpheniramine / Ibuprofen / Phenylephrine Oral Product"},{"code":"1310500","display":"Chlorpheniramine / Ibuprofen / Phenylephrine Pill"},{"code":"1182819","display":"Motrin PM Oral Product"},{"code":"1182820","display":"Motrin PM Pill"},{"code":"1185399","display":"Samson 8 Oral Product"},{"code":"1185400","display":"Samson 8 Pill"},{"code":"1359095","display":"Ibutab Oral Product"},{"code":"1359096","display":"Ibutab Pill"},{"code":"1166575","display":"Ibu Oral Product"},{"code":"1166576","display":"Ibu Pill"},{"code":"1166591","display":"Ibuprohm Oral Product"},{"code":"1166592","display":"Ibuprohm Pill"},{"code":"1169834","display":"Genpril Oral Product"},{"code":"1169835","display":"Genpril Pill"},{"code":"1170617","display":"Addaprin Oral Product"},{"code":"1170618","display":"Addaprin Pill"},{"code":"1171345","display":"Advil Oral Liquid Product"},{"code":"1171346","display":"Advil Oral Product"},{"code":"1171662","display":"Counteract IB Oral Product"},{"code":"1171663","display":"Counteract IB Pill"},{"code":"1172038","display":"Advil Pill"},{"code":"1172242","display":"Caldolor Injectable Product"},{"code":"1179363","display":"Nuprin Oral Product"},{"code":"1179364","display":"Nuprin Pill"},{"code":"1181670","display":"Neoprofen Injectable Product"},{"code":"1182817","display":"Motrin Oral Liquid Product"},{"code":"1182818","display":"Motrin Oral Product"},{"code":"1182821","display":"Motrin Pill"},{"code":"1187718","display":"Ultraprin Oral Product"},{"code":"1187719","display":"Ultraprin Pill"},{"code":"1187794","display":"Wal-Profen Oral Product"},{"code":"1187795","display":"Wal-Profen Pill"},{"code":"1300265","display":"Proprinal Oral Product"},{"code":"1300266","display":"Proprinal Pill"},{"code":"1166407","display":"Duexis Oral Product"},{"code":"1166408","display":"Duexis Pill"},{"code":"1542986","display":"Xylon Oral Product"},{"code":"1542987","display":"Xylon Pill"},{"code":"1166579","display":"Ibudone Oral Product"},{"code":"1166582","display":"Ibudone Pill"},{"code":"1181342","display":"Reprexain Oral Product"},{"code":"1181345","display":"Reprexain Pill"},{"code":"1186574","display":"Vicoprofen Oral Product"},{"code":"1186575","display":"Vicoprofen Pill"},{"code":"1296120","display":"Motrin Chewable Product"},{"code":"1296361","display":"Advil Chewable Product"}]}]}}