{"resourceType":"ValueSet","id":"valueset-torsemide","text":{"status":"generated","div":"<div xmlns=\"http://www.w3.org/1999/xhtml\"><ul><li>Include these codes as defined in <a href=\"http://www.nlm.nih.gov/research/umls/rxnorm\"><code>http://www.nlm.nih.gov/research/umls/rxnorm</code></a><table class=\"none\"><tr><td style=\"white-space:nowrap\"><b>Code</b></td><td><b>Display</b></td></tr><tr><td>71974</td><td>Demadex</td></tr><tr><td>38413</td><td>torsemide</td></tr><tr><td>208076</td><td>torsemide 10 MG Oral Tablet [Demadex]</td></tr><tr><td>208080</td><td>torsemide 100 MG Oral Tablet [Demadex]</td></tr><tr><td>208081</td><td>torsemide 20 MG Oral Tablet [Demadex]</td></tr><tr><td>208082</td><td>torsemide 5 MG Oral Tablet [Demadex]</td></tr><tr><td>1729523</td><td>2 ML torsemide 10 MG/ML Injection [Demadex]</td></tr><tr><td>1729528</td><td>5 ML torsemide 10 MG/ML Injection [Demadex]</td></tr><tr><td>568804</td><td>torsemide 10 MG [Demadex]</td></tr><tr><td>568808</td><td>torsemide 100 MG [Demadex]</td></tr><tr><td>568809</td><td>torsemide 20 MG [Demadex]</td></tr><tr><td>568810</td><td>torsemide 5 MG [Demadex]</td></tr><tr><td>876420</td><td>torsemide 10 MG/ML [Demadex]</td></tr><tr><td>369285</td><td>torsemide Oral Tablet [Demadex]</td></tr><tr><td>1729522</td><td>torsemide Injection [Demadex]</td></tr><tr><td>198369</td><td>torsemide 10 MG Oral Tablet</td></tr><tr><td>198370</td><td>torsemide 100 MG Oral Tablet</td></tr><tr><td>198372</td><td>torsemide 5 MG Oral Tablet</td></tr><tr><td>1729521</td><td>2 ML torsemide 10 MG/ML Injection</td></tr><tr><td>1729527</td><td>5 ML torsemide 10 MG/ML Injection</td></tr><tr><td>198371</td><td>torsemide 20 MG Oral Tablet</td></tr><tr><td>250044</td><td>torsemide 2.5 MG Oral Tablet</td></tr><tr><td>316842</td><td>torsemide 10 MG</td></tr><tr><td>316843</td><td>torsemide 10 MG/ML</td></tr><tr><td>316844</td><td>torsemide 100 MG</td></tr><tr><td>316845</td><td>torsemide 5 MG</td></tr><tr><td>317521</td><td>torsemide 20 MG</td></tr><tr><td>335760</td><td>torsemide 2.5 MG</td></tr><tr><td>374168</td><td>torsemide Oral Tablet</td></tr><tr><td>1729520</td><td>torsemide Injection</td></tr><tr><td>1162751</td><td>torsemide Injectable Product</td></tr><tr><td>1162752</td><td>torsemide Oral Product</td></tr><tr><td>1162753</td><td>torsemide Pill</td></tr><tr><td>1172415</td><td>Demadex Injectable Product</td></tr><tr><td>1172416</td><td>Demadex Oral Product</td></tr><tr><td>1172417</td><td>Demadex Pill</td></tr></table></li></ul></div>"},"url":"http://hl7.org/fhir/uv/pddi/ValueSet/valueset-torsemide","version":"1.0.0-ballot","name":"Valueset_torsemide","title":"Torsemide Medications Value Set","status":"draft","experimental":true,"date":"2022-11-29","publisher":"HL7 Clinical Decision Support Workgroup","contact":[{"telecom":[{"system":"url","value":"http://hl7.org/Special/committees/dss"}]}],"description":"ValueSet containing drug identifiers for torsemide.","jurisdiction":[{"coding":[{"system":"http://unstats.un.org/unsd/methods/m49/m49.htm","code":"001"}]}],"copyright":"(copyright expectations unknown)","compose":{"include":[{"system":"http://www.nlm.nih.gov/research/umls/rxnorm","concept":[{"code":"71974","display":"Demadex"},{"code":"38413","display":"torsemide"},{"code":"208076","display":"torsemide 10 MG Oral Tablet [Demadex]"},{"code":"208080","display":"torsemide 100 MG Oral Tablet [Demadex]"},{"code":"208081","display":"torsemide 20 MG Oral Tablet [Demadex]"},{"code":"208082","display":"torsemide 5 MG Oral Tablet [Demadex]"},{"code":"1729523","display":"2 ML torsemide 10 MG/ML Injection [Demadex]"},{"code":"1729528","display":"5 ML torsemide 10 MG/ML Injection [Demadex]"},{"code":"568804","display":"torsemide 10 MG [Demadex]"},{"code":"568808","display":"torsemide 100 MG [Demadex]"},{"code":"568809","display":"torsemide 20 MG [Demadex]"},{"code":"568810","display":"torsemide 5 MG [Demadex]"},{"code":"876420","display":"torsemide 10 MG/ML [Demadex]"},{"code":"369285","display":"torsemide Oral Tablet [Demadex]"},{"code":"1729522","display":"torsemide Injection [Demadex]"},{"code":"198369","display":"torsemide 10 MG Oral Tablet"},{"code":"198370","display":"torsemide 100 MG Oral Tablet"},{"code":"198372","display":"torsemide 5 MG Oral Tablet"},{"code":"1729521","display":"2 ML torsemide 10 MG/ML Injection"},{"code":"1729527","display":"5 ML torsemide 10 MG/ML Injection"},{"code":"198371","display":"torsemide 20 MG Oral Tablet"},{"code":"250044","display":"torsemide 2.5 MG Oral Tablet"},{"code":"316842","display":"torsemide 10 MG"},{"code":"316843","display":"torsemide 10 MG/ML"},{"code":"316844","display":"torsemide 100 MG"},{"code":"316845","display":"torsemide 5 MG"},{"code":"317521","display":"torsemide 20 MG"},{"code":"335760","display":"torsemide 2.5 MG"},{"code":"374168","display":"torsemide Oral Tablet"},{"code":"1729520","display":"torsemide Injection"},{"code":"1162751","display":"torsemide Injectable Product"},{"code":"1162752","display":"torsemide Oral Product"},{"code":"1162753","display":"torsemide Pill"},{"code":"1172415","display":"Demadex Injectable Product"},{"code":"1172416","display":"Demadex Oral Product"},{"code":"1172417","display":"Demadex Pill"}]}]}}