{"resourceType":"ValueSet","id":"valueset-LOOPDIURETIC","text":{"status":"generated","div":"<div xmlns=\"http://www.w3.org/1999/xhtml\"><p>This value set includes codes based on the following rules:</p><ul><li>Import all the codes that are contained in <a href=\"ValueSet-valueset-bumetanide.html\">http://hl7.org/fhir/uv/pddi/ValueSet/valueset-bumetanide</a></li><li>Import all the codes that are contained in <a href=\"ValueSet-valueset-ethacrynate.html\">http://hl7.org/fhir/uv/pddi/ValueSet/valueset-ethacrynate</a></li><li>Import all the codes that are contained in <a href=\"ValueSet-valueset-furosemide.html\">http://hl7.org/fhir/uv/pddi/ValueSet/valueset-furosemide</a></li><li>Import all the codes that are contained in <a href=\"ValueSet-valueset-torsemide.html\">http://hl7.org/fhir/uv/pddi/ValueSet/valueset-torsemide</a></li></ul></div>"},"url":"http://hl7.org/fhir/uv/pddi/ValueSet/valueset-LOOPDIURETIC","version":"1.0.0-ballot","name":"Valueset_LOOPDIURETIC","title":"Loop Diuretic Drug Value Set","status":"draft","experimental":true,"date":"2018-08-06","publisher":"HL7 Clinical Decision Support Workgroup","contact":[{"telecom":[{"system":"url","value":"http://hl7.org/Special/committees/dss"}]}],"description":"ValueSet of ValueSets containing drug identifiers for each member in the     Established Pharmacologic Class (EPC) Loop Diuretic drug class (id: N0000175590).     Member by RxNorm: getRelatedByType (BN,BPCK,GPCK,IN,MIN,PIN,SBD,SBDC,SBDF,SBDG,SCD,SCDC,SCDF,SCDG)","jurisdiction":[{"coding":[{"system":"http://unstats.un.org/unsd/methods/m49/m49.htm","code":"001"}]}],"purpose":"Provide Loop Diuretic drug class terminology for PDDI CDS FHIR resources","copyright":"(copyright expectations unknown)","compose":{"include":[{"valueSet":["http://hl7.org/fhir/uv/pddi/ValueSet/valueset-bumetanide"]},{"valueSet":["http://hl7.org/fhir/uv/pddi/ValueSet/valueset-ethacrynate"]},{"valueSet":["http://hl7.org/fhir/uv/pddi/ValueSet/valueset-furosemide"]},{"valueSet":["http://hl7.org/fhir/uv/pddi/ValueSet/valueset-torsemide"]}]}}