{"resourceType":"ValueSet","id":"valueset-Hx-UGIB-snomed","text":{"status":"generated","div":"<div xmlns=\"http://www.w3.org/1999/xhtml\"><ul><li>Include these codes as defined in <a href=\"http://www.snomed.org/\"><code>http://snomed.info/sct</code></a><table class=\"none\"><tr><td style=\"white-space:nowrap\"><b>Code</b></td><td><b>Display</b></td></tr><tr><td><a href=\"http://snomed.info/id/12847006\">12847006</a></td><td>Acute duodenal ulcer with hemorrhage</td></tr><tr><td><a href=\"http://snomed.info/id/86895006\">86895006</a></td><td>Acute duodenal ulcer with hemorrhage AND perforation</td></tr><tr><td><a href=\"http://snomed.info/id/89748001\">89748001</a></td><td>Acute gastric ulcer with hemorrhage</td></tr><tr><td><a href=\"http://snomed.info/id/48974009\">48974009</a></td><td>Acute gastric ulcer with hemorrhage AND perforation</td></tr><tr><td><a href=\"http://snomed.info/id/63954007\">63954007</a></td><td>Acute gastrojejunal ulcer with hemorrhage</td></tr><tr><td><a href=\"http://snomed.info/id/81387001\">81387001</a></td><td>Acute gastrojejunal ulcer with hemorrhage AND perforation</td></tr><tr><td><a href=\"http://snomed.info/id/2367005\">2367005</a></td><td>Acute hemorrhagic gastritis</td></tr><tr><td><a href=\"http://snomed.info/id/12274003\">12274003</a></td><td>Acute peptic ulcer with hemorrhage</td></tr><tr><td><a href=\"http://snomed.info/id/47064007\">47064007</a></td><td>Acute peptic ulcer with hemorrhage AND with perforation but without obstruction</td></tr><tr><td><a href=\"http://snomed.info/id/235853006\">235853006</a></td><td>Angiodysplasia of intestine</td></tr><tr><td><a href=\"http://snomed.info/id/84568007\">84568007</a></td><td>Atrophic gastritis</td></tr><tr><td><a href=\"http://snomed.info/id/81142005\">81142005</a></td><td>Chronic duodenal ulcer with hemorrhage AND with perforation but without obstruction</td></tr><tr><td><a href=\"http://snomed.info/id/62341002\">62341002</a></td><td>Chronic duodenal ulcer with hemorrhage but without obstruction</td></tr><tr><td><a href=\"http://snomed.info/id/74341002\">74341002</a></td><td>Chronic gastric ulcer with hemorrhage AND with perforation but without obstruction</td></tr><tr><td><a href=\"http://snomed.info/id/76078009\">76078009</a></td><td>Chronic gastric ulcer with hemorrhage but without obstruction</td></tr><tr><td><a href=\"http://snomed.info/id/62838000\">62838000</a></td><td>Chronic gastrojejunal ulcer with hemorrhage</td></tr><tr><td><a href=\"http://snomed.info/id/46523000\">46523000</a></td><td>Chronic gastrojejunal ulcer with hemorrhage AND with perforation but without obstruction</td></tr><tr><td><a href=\"http://snomed.info/id/55746001\">55746001</a></td><td>Chronic peptic ulcer with hemorrhage AND with perforation but without obstruction</td></tr><tr><td><a href=\"http://snomed.info/id/81518000\">81518000</a></td><td>Chronic peptic ulcer with hemorrhage but without obstruction</td></tr><tr><td><a href=\"http://snomed.info/id/109558001\">109558001</a></td><td>Dieulafoy's vascular malformation</td></tr><tr><td><a href=\"http://snomed.info/id/61401005\">61401005</a></td><td>Gastric hemorrhage</td></tr><tr><td><a href=\"http://snomed.info/id/196731005\">196731005</a></td><td>Gastroduodenitis</td></tr><tr><td><a href=\"http://snomed.info/id/74474003\">74474003</a></td><td>Gastrointestinal hemorrhage</td></tr><tr><td><a href=\"http://snomed.info/id/95531001\">95531001</a></td><td>Hemorrhagic duodenitis</td></tr></table></li></ul></div>"},"url":"http://hl7.org/fhir/uv/pddi/ValueSet/valueset-Hx-UGIB-snomed","version":"1.0.0-ballot","name":"Valueset_Hx_UGIB_snomed","title":"Upper gastrointestinal bleed Value Set","status":"draft","experimental":true,"date":"2018-06-20","publisher":"HL7 Clinical Decision Support Workgroup","contact":[{"telecom":[{"system":"url","value":"http://hl7.org/Special/committees/dss"}]}],"description":"ValueSet containing SNOMED-CT codes for upper gastrointestinal bleed.","jurisdiction":[{"coding":[{"system":"http://unstats.un.org/unsd/methods/m49/m49.htm","code":"001"}]}],"purpose":"Provide terminology for PDDI CDS FHIR resources","copyright":"This value set includes content from SNOMED CT, which is copyright © 2002+ International Health Terminology Standards Development Organisation (IHTSDO), and distributed by agreement between IHTSDO and HL7. Implementer use of SNOMED CT is not covered by this agreement  The SNOMED International IPS Terminology is distributed by International Health Terminology Standards Development Organisation, trading as SNOMED International, and is subject the terms of the Creative Commons Attribution 4.0 International Public License. For more information, see SNOMED IPS Terminology  The HL7 International IPS implementation guides incorporate SNOMED CT®, used by permission of the International Health Terminology Standards Development Organisation, trading as SNOMED International. SNOMED CT was originally created by the College of American Pathologists. SNOMED CT is a registered trademark of the International Health Terminology Standards Development Organisation, all rights reserved. Implementers of SNOMED CT should review usage terms or directly contact SNOMED International: info@snomed.org","compose":{"include":[{"system":"http://snomed.info/sct","concept":[{"code":"12847006","display":"Acute duodenal ulcer with hemorrhage"},{"code":"86895006","display":"Acute duodenal ulcer with hemorrhage AND perforation"},{"code":"89748001","display":"Acute gastric ulcer with hemorrhage"},{"code":"48974009","display":"Acute gastric ulcer with hemorrhage AND perforation"},{"code":"63954007","display":"Acute gastrojejunal ulcer with hemorrhage"},{"code":"81387001","display":"Acute gastrojejunal ulcer with hemorrhage AND perforation"},{"code":"2367005","display":"Acute hemorrhagic gastritis"},{"code":"12274003","display":"Acute peptic ulcer with hemorrhage"},{"code":"47064007","display":"Acute peptic ulcer with hemorrhage AND with perforation but without obstruction"},{"code":"235853006","display":"Angiodysplasia of intestine"},{"code":"84568007","display":"Atrophic gastritis"},{"code":"81142005","display":"Chronic duodenal ulcer with hemorrhage AND with perforation but without obstruction"},{"code":"62341002","display":"Chronic duodenal ulcer with hemorrhage but without obstruction"},{"code":"74341002","display":"Chronic gastric ulcer with hemorrhage AND with perforation but without obstruction"},{"code":"76078009","display":"Chronic gastric ulcer with hemorrhage but without obstruction"},{"code":"62838000","display":"Chronic gastrojejunal ulcer with hemorrhage"},{"code":"46523000","display":"Chronic gastrojejunal ulcer with hemorrhage AND with perforation but without obstruction"},{"code":"55746001","display":"Chronic peptic ulcer with hemorrhage AND with perforation but without obstruction"},{"code":"81518000","display":"Chronic peptic ulcer with hemorrhage but without obstruction"},{"code":"109558001","display":"Dieulafoy's vascular malformation"},{"code":"61401005","display":"Gastric hemorrhage"},{"code":"196731005","display":"Gastroduodenitis"},{"code":"74474003","display":"Gastrointestinal hemorrhage"},{"code":"95531001","display":"Hemorrhagic duodenitis"}]}]}}