{"resourceType":"ValueSet","id":"valueset-ketoprofen","text":{"status":"generated","div":"<div xmlns=\"http://www.w3.org/1999/xhtml\"><ul><li>Include these codes as defined in <a href=\"http://www.nlm.nih.gov/research/umls/rxnorm\"><code>http://www.nlm.nih.gov/research/umls/rxnorm</code></a><table class=\"none\"><tr><td style=\"white-space:nowrap\"><b>Code</b></td><td><b>Display</b></td></tr><tr><td>1551478</td><td>Ketofen</td></tr><tr><td>6142</td><td>Ketoprofen</td></tr><tr><td>1008197</td><td>Chlorzoxazone / Ketoprofen</td></tr><tr><td>1008935</td><td>Acetaminophen / Ketoprofen</td></tr><tr><td>1491503</td><td>Ketoprofen / Lidocaine</td></tr><tr><td>28199</td><td>ketoprofen lysine</td></tr><tr><td>1551482</td><td>Ketoprofen 100 MG/ML Injectable Solution [Ketofen]</td></tr><tr><td>1551479</td><td>Ketoprofen 100 MG/ML [Ketofen]</td></tr><tr><td>1551480</td><td>Ketoprofen Injectable Solution [Ketofen]</td></tr><tr><td>197854</td><td>Ketoprofen 25 MG Oral Capsule</td></tr><tr><td>197855</td><td>Ketoprofen 50 MG Oral Capsule</td></tr><tr><td>197856</td><td>Ketoprofen 75 MG Oral Capsule</td></tr><tr><td>199169</td><td>Ketoprofen 12.5 MG Oral Tablet</td></tr><tr><td>247630</td><td>Ketoprofen 50 MG Rectal Suppository</td></tr><tr><td>311230</td><td>24 HR Ketoprofen 150 MG Extended Release Oral Capsule</td></tr><tr><td>359697</td><td>24 HR Ketoprofen 200 MG Extended Release Oral Capsule</td></tr><tr><td>429192</td><td>Ketoprofen 25 MG Oral Tablet</td></tr><tr><td>431823</td><td>Ketoprofen 150 MG Extended Release Oral Tablet</td></tr><tr><td>245419</td><td>Ketoprofen 50 MG Delayed Release Oral Tablet</td></tr><tr><td>199321</td><td>Ketoprofen 100 MG Oral Capsule</td></tr><tr><td>199553</td><td>Ketoprofen 100 MG Rectal Suppository</td></tr><tr><td>249482</td><td>Ketoprofen 100 MG Oral Tablet</td></tr><tr><td>314059</td><td>24 HR Ketoprofen 100 MG Extended Release Oral Capsule</td></tr><tr><td>199758</td><td>Ketoprofen 100 MG Delayed Release Oral Tablet</td></tr><tr><td>105999</td><td>Ketoprofen 0.025 MG/MG Topical Gel</td></tr><tr><td>246236</td><td>Ketoprofen 50 MG/ML Injectable Solution</td></tr><tr><td>1551477</td><td>Ketoprofen 100 MG/ML Injectable Solution</td></tr><tr><td>1488714</td><td>Ketoprofen 0.05 MG/MG Topical Powder</td></tr><tr><td>316115</td><td>Ketoprofen 12.5 MG</td></tr><tr><td>316116</td><td>Ketoprofen 150 MG</td></tr><tr><td>316117</td><td>Ketoprofen 200 MG</td></tr><tr><td>316118</td><td>Ketoprofen 25 MG</td></tr><tr><td>316119</td><td>Ketoprofen 50 MG</td></tr><tr><td>316120</td><td>Ketoprofen 75 MG</td></tr><tr><td>317643</td><td>Ketoprofen 100 MG</td></tr><tr><td>335102</td><td>Ketoprofen 0.025 MG/MG</td></tr><tr><td>335104</td><td>Ketoprofen 50 MG/ML</td></tr><tr><td>1365880</td><td>Ketoprofen 100 MG/ML</td></tr><tr><td>1488712</td><td>Ketoprofen 0.05 MG/MG</td></tr><tr><td>372535</td><td>Ketoprofen Oral Capsule</td></tr><tr><td>372536</td><td>Ketoprofen Extended Release Oral Capsule</td></tr><tr><td>372537</td><td>Ketoprofen Injectable Solution</td></tr><tr><td>372539</td><td>Ketoprofen Rectal Suppository</td></tr><tr><td>372540</td><td>Ketoprofen Oral Tablet</td></tr><tr><td>372543</td><td>Ketoprofen Extended Release Oral Tablet</td></tr><tr><td>377957</td><td>Ketoprofen Topical Gel</td></tr><tr><td>1488713</td><td>Ketoprofen Topical Powder</td></tr><tr><td>372544</td><td>Ketoprofen Delayed Release Oral Tablet</td></tr><tr><td>1160959</td><td>Ketoprofen Injectable Product</td></tr><tr><td>1160961</td><td>Ketoprofen Oral Product</td></tr><tr><td>1160962</td><td>Ketoprofen Pill</td></tr><tr><td>1160963</td><td>Ketoprofen Rectal Product</td></tr><tr><td>1160964</td><td>Ketoprofen Topical Product</td></tr><tr><td>1491501</td><td>Ketoprofen / Lidocaine Topical Product</td></tr><tr><td>1551481</td><td>Ketofen Injectable Product</td></tr></table></li></ul></div>"},"url":"http://hl7.org/fhir/uv/pddi/ValueSet/valueset-ketoprofen","version":"1.0.0-ballot","name":"Valueset_ketoprofen","title":"Ketoprofen Medications Value Set","status":"draft","experimental":true,"date":"2018-07-02","publisher":"HL7 Clinical Decision Support Workgroup","contact":[{"telecom":[{"system":"url","value":"http://hl7.org/Special/committees/dss"}]}],"description":"ValueSet containing drug identifiers for ketoprofen.","jurisdiction":[{"coding":[{"system":"http://unstats.un.org/unsd/methods/m49/m49.htm","code":"001"}]}],"copyright":"(copyright expectations unknown)","compose":{"include":[{"system":"http://www.nlm.nih.gov/research/umls/rxnorm","concept":[{"code":"1551478","display":"Ketofen"},{"code":"6142","display":"Ketoprofen"},{"code":"1008197","display":"Chlorzoxazone / Ketoprofen"},{"code":"1008935","display":"Acetaminophen / Ketoprofen"},{"code":"1491503","display":"Ketoprofen / Lidocaine"},{"code":"28199","display":"ketoprofen lysine"},{"code":"1551482","display":"Ketoprofen 100 MG/ML Injectable Solution [Ketofen]"},{"code":"1551479","display":"Ketoprofen 100 MG/ML [Ketofen]"},{"code":"1551480","display":"Ketoprofen Injectable Solution [Ketofen]"},{"code":"197854","display":"Ketoprofen 25 MG Oral Capsule"},{"code":"197855","display":"Ketoprofen 50 MG Oral Capsule"},{"code":"197856","display":"Ketoprofen 75 MG Oral Capsule"},{"code":"199169","display":"Ketoprofen 12.5 MG Oral Tablet"},{"code":"247630","display":"Ketoprofen 50 MG Rectal Suppository"},{"code":"311230","display":"24 HR Ketoprofen 150 MG Extended Release Oral Capsule"},{"code":"359697","display":"24 HR Ketoprofen 200 MG Extended Release Oral Capsule"},{"code":"429192","display":"Ketoprofen 25 MG Oral Tablet"},{"code":"431823","display":"Ketoprofen 150 MG Extended Release Oral Tablet"},{"code":"245419","display":"Ketoprofen 50 MG Delayed Release Oral Tablet"},{"code":"199321","display":"Ketoprofen 100 MG Oral Capsule"},{"code":"199553","display":"Ketoprofen 100 MG Rectal Suppository"},{"code":"249482","display":"Ketoprofen 100 MG Oral Tablet"},{"code":"314059","display":"24 HR Ketoprofen 100 MG Extended Release Oral Capsule"},{"code":"199758","display":"Ketoprofen 100 MG Delayed Release Oral Tablet"},{"code":"105999","display":"Ketoprofen 0.025 MG/MG Topical Gel"},{"code":"246236","display":"Ketoprofen 50 MG/ML Injectable Solution"},{"code":"1551477","display":"Ketoprofen 100 MG/ML Injectable Solution"},{"code":"1488714","display":"Ketoprofen 0.05 MG/MG Topical Powder"},{"code":"316115","display":"Ketoprofen 12.5 MG"},{"code":"316116","display":"Ketoprofen 150 MG"},{"code":"316117","display":"Ketoprofen 200 MG"},{"code":"316118","display":"Ketoprofen 25 MG"},{"code":"316119","display":"Ketoprofen 50 MG"},{"code":"316120","display":"Ketoprofen 75 MG"},{"code":"317643","display":"Ketoprofen 100 MG"},{"code":"335102","display":"Ketoprofen 0.025 MG/MG"},{"code":"335104","display":"Ketoprofen 50 MG/ML"},{"code":"1365880","display":"Ketoprofen 100 MG/ML"},{"code":"1488712","display":"Ketoprofen 0.05 MG/MG"},{"code":"372535","display":"Ketoprofen Oral Capsule"},{"code":"372536","display":"Ketoprofen Extended Release Oral Capsule"},{"code":"372537","display":"Ketoprofen Injectable Solution"},{"code":"372539","display":"Ketoprofen Rectal Suppository"},{"code":"372540","display":"Ketoprofen Oral Tablet"},{"code":"372543","display":"Ketoprofen Extended Release Oral Tablet"},{"code":"377957","display":"Ketoprofen Topical Gel"},{"code":"1488713","display":"Ketoprofen Topical Powder"},{"code":"372544","display":"Ketoprofen Delayed Release Oral Tablet"},{"code":"1160959","display":"Ketoprofen Injectable Product"},{"code":"1160961","display":"Ketoprofen Oral Product"},{"code":"1160962","display":"Ketoprofen Pill"},{"code":"1160963","display":"Ketoprofen Rectal Product"},{"code":"1160964","display":"Ketoprofen Topical Product"},{"code":"1491501","display":"Ketoprofen / Lidocaine Topical Product"},{"code":"1551481","display":"Ketofen Injectable Product"}]}]}}